59066
52991
87499
77483
61121
61394
45323
12586
97429
19489
33544
19905
99135
5896
43386
46311
9820
15697
83502
24505
6380
14228
71038
48845
42283
79660
26900
49124
47960
14952
26919
48315
31961
23557
98645
45071
66524
10758
44576
39179
54173
26691
14123
48501
76569
80319
40230
84912
5370
60566
28170
1374
20435
73771
46313
41984
7838
30158
88532
83760
28769
6169
68566
35235
32171
22719
55039
49035
20954
38776
79569
57986
1479
77847
79174
26614
67765
2405
43929
44991
9816
88955
17665
59468
17740
50819
35500
6746
48525
43779
65485
91456
77412
56090
90425
54716
55081
60447
86627
81550
63158
35683
19808
96101
36413
79058
50554
67489
86394
98553
79565
26278
8153
97547
62566
30623
15908
51545
79464
33998
68316
28431
28036
49887
90915
35087
93332
88826
17953
93329
1609
96927
70010
75867
41541
11716
9699
20636
88501
51773
94401
96580
50167
18547
97931
36737
86854
86984
61983
87064
70549
22583
59749
68179
73272
4459
47163
88316
33033
92165
60466
77273
17228
50515
93582
50214
46657
46685
1335
80495
69404
91245
85574
52008
35511
92134
55310
36795
13817
43250
68668
75837
33346
4172
47858
70877
49623
47410
69268
67866
95937
46649
63437
76622
20144
1357
86223
31036
65382
433
42340
83156
64763
70014
64
57953
6214
29399
96976
72741
76083
47993
84388
17093
77094
2945
81276
21370
64110
63420
517
87233
20545
82486
45535
33963
36208
91205
9154
24181
24885
98708
70099
72790
51342
96424
68300
96000
87910
60883
90076
64162
92546
42564
63724
15125
53971
99626
88173
24389
68374
44507
31567
29375
30737
7508
84678
33986
73024
11295
91067
88368
51207
31203
2780
34065
90759
38948
70177
25267
98433
23786
40020
7955
96974
16969
37140
12476
10196
98709
99853
19885
4385
18362
21308
90463
78121
8201
2705
86911
50125
84224
98165
7628
750
10857
69787
32361
58367
44132
42275
62496
90286
67534
37560
14706
70268
24008
52680
54455
82824
66449
49654
74740
28139
4045
71125
12473
33688
17979
91777
30288
10286
10780
69478
1469
44123
4833
28722
38617
46113
27090
17421
14645
33834
16624
32821
24152
80362
12962
41189
34706
61358
14271
41916
43427
79496
363
50810
53784
15183
68843
64570
2158
98505
86958
64085
50659
92444
27665
35944
81704
31106
59925
2102
81334
2980
86883
31089
68267
8048
80425
43467
53611
80245
45728
5422
51175
53849
48005
73810
44690
99744
45882
67026
9479
59587
5028
20340
29863
30025
36141
50497
47143
64576
39005
36850
3752
62381
85713
86839
86093
85889
44540
37306
79436
16139
5118
63182
32606
52886
23694
51601
46035
11547
20614
25316
15428
39126
24260
22262
30738
10345
51494
36253
29922
14466
26976
79282
1077
13939
62968
97684
66407
73463
50883
69620
10984
52926
29813
2020
92431
25244
62458
98739
7407
438
59358
18236
23740
41841
75344
50431
23841
28764
16696
35376
73897
2163
40725
50364
75859
21696
44837
45048
30922
3758
58497
58476
21792
72058
69971
9143
10982
56005
15561
96414
83172
27528
6986
6595
9288
35189
18594
14305
21417
97146
48450
17969
41139
32699
25395
2589
79752
70590
25160
94983
69831
36293
48437
39115
52801
52413
38855
90520
59616
28665
80175
64840
32048
42902
72771
1185
5868
83834
63360
24087
62413
74648
98969
23262
91918
45982
62627
88042
2776
69835
94430
44500
93510
89447
86214
9138
34608
76358
30231
71892
49955
95008
53222
89391
32463
81282
90854
74680
45635
75026
7376
35640
51216
88994
4485
19620
83081
97442
69437
10759
1138
68176
40130
95585
58852
1428
60164
6989
79050
28189
52938
96797
17933
50332
5078
35803
68081
2506
565
63789
29642
86193
98347
87096
3276
56675
69348
54670
55401
4331
61506
52704
1815
19671
46783
20472
23952
1147
25446
52960
76484
77111
89586
56043
20912
5173
2821
63737
39491
10840
61590
72617
97269
31934
48788
90300
80353
27092
22104
38684
72680
49981
52835
9731
26447
39096
95440
92045
26812
26346
60874
9400
77902
50931
24232
58097
26214
77656
46726
55941
91069
79521
7863
80073
81923
2756
8470
17541
20297
38979
31059
33865
61392
28396
79605
29872
8735
63324
80427
26640
41898
63073
98784
23719
50263
85536
42446
46601
19483
90111
54411
73720
53803
7004
79480
94158
46780
35009
62233
19430
88263
38383
65665
35501
1860
2030
31580
36857
22466
83205
28565
94942
9921
54668
23260
61511
29254
20302
76580
20750
26856
72124
71676
36016
14519
61092
47062
36738
14066
9907
53251
54343
36912
37221
47371
20517
90159
91808
46289
78128
13879
5693
21894
2290
70293
54341
83440
18962
61926
64589
80461
87559
57599
80763
616
53551
92122
29815
92934
10373
23551
97385
60571
17932
55029
25396
67137
419
57003
77380
33283
20592
21186
96965
64503
26407
68647
6592
63654
9063
83882
78197
81079
74672
71130
87082
1806
14201
98094
63904
3355
1728
72692
63056
86323
78087
47405
87199
35105
18474
15239
47288
96779
90142
74697
46812
90156
39038
15463
33833
98971
13680
54519
67092
53381
58301
79140
32282
63470
78130
78064
75073
12988
69103
40126
25763
53304
73696
86276
72008
2175
24703
93495
79012
57303
57114
89064
49154
39428
68845
52750
56927
39294
42706
43748
31629
10550
51068
98113
28155
30134
45040
76919
72129
6876
12178
43062
69633
71845
21050
97494
34911
60207
17770
94606
61544
15187
45424
32909
31699
37939
29444
20331
27789
54587
44951
82818
16882
8248
59954
92779
33769
38517
49947
84893
46442
17927
27837
47355
44301
58754
41617
6717
26289
89237
48942
15764
15381
8669
52617
6747
81841
20400
95129
10779
21582
15201
97389
98886
52088
91401
23146
32736
85658
46031
49316
48555
84221
90322
98872
33294
66548
50390
33052
70714
10190
69865
10466
43430
74711
27863
75355
69273
94151
21621
51062
31903
60524
20382
48352
25121
70406
93798
75417
48180
30842
48759
43808
12647
89582
14286
16426
99250
63752
84710
4194
66748
98193
9952
94943
4967
89840
16345
75700
78268
86849
30951
47849
28242
75916
67123
20552
23293
75625
96253
73004
85111
90015
35225
61769
20883
65718
90569
24149
1512
45374
52412
98829
11745
75613
28202
48445
81251
64286
12884
73825
53687
46290
27850
11826
22204
35815
25296
40068
59474
68727
63365
79544
74095
578
33174
874
92215
62010
29326
26170
12304
61143
5628
59227
73189
87777
38230
31303
71190
4603
47592
59001
98236
20599
26394
18608
69751
91873
44348
16175
20276
16567
51852
95771
67045
44817
911
44087
39511
93653
95518
11396
4924
52090
17438
25375
96450
36194
92192
38962
38321
51971
59211
13535
7495
31493
75145
92513
52185
70246
89383
24521
65589
269
97789
99890
84441
97930
81291
83093
82611
79284
55338
19002
69466
38692
43579
35057
55822
24342
90304
98059
1556
39693
38456
89216
9440
42355
67983
14409
1655
80195
2585
48672
31400
55886
60855
23357
20395
54014
30270
41478
65954
73682
36869
19795
6734
10426
21714
43194
29144
76452
71837
54318
68800
90496
91346
46592
71719
30109
19720
99935
21715
4053
77685
69027
63331
96853
85962
21559
3917
75515
3677
55482
23042
66781
79659
41588
4316
32042
32294
12402
98402
80007
37118
38552
65906
75128
94349
59536
98120
40210
24593
63967
7826
87863
34131
69029
52384
69401
67921
35954
80835
46165
4775
80168
44243
87991
37980
1030
77675
45258
75193
92839
91391
46218
23842
83980
31466
97859
71586
4449
31748
7852
68676
78256
89793
20257
80486
66102
14939
11506
37134
1555
60192
60750
73347
31272
36770
82283
37288
48502
26848
49608
18095
67100
50764
8820
37513
3406
23892
39430
15679
16306
43562
4005
27942
94043
94749
71913
31645
54081
91881
33115
33876
54496
54523
15274
10235
28772
29274
59565
51922
93013
70668
85851
23299
24425
24927
38545
30300
52985
93712
98629
77009
59936
45674
37592
44110
29682
28271
35432
37643
66211
52326
47381
19735
22230
79799
3201
5988
65944
48308
75022
62179
14230
90473
98942
65862
80739
85775
12217
55602
91315
72566
20064
15632
79808
92504
58370
30653
28488
95415
50032
43980
45414
92480
19847
10140
39692
75656
43390
2052
41626
68611
25877
6202
21984
5757
61741
49394
65749
8281
11319
58079
22037
79889
5194
4042
89914
76811
4509
49580
50422
94273
7684
30499
38188
97863
52267
76421
62385
14417
38821
70312
14370
98454
47241
96483
46995
3527
42400
98485
57955
60942
70646
342
70916
38908
43667
71041
82252
13405
93999
35278
67712
24512
26761
58314
16700
63519
96801
12250
48882
67238
43661
30141
70095
18968
53795
258
69730
64692
24654
56674
70897
23298
29995
59307
90955
61967
13126
87260
8096
35513
23749
51855
20999
95124
17811
61798
86827
31564
96001
87487
37021
86444
87817
78485
91651
61702
24485
7046
74433
15080
69423
28845
26699
71142
58547
69410
70222
44959
68547
71951
66820
98022
14576
56914
92434
74682
10673
63257
84113
32356
5054
33630
83347
85568
61843
50922
4342
58668
71441
47510
67620
61924
10711
79292
48312
533
71657
50542
13572
65365
97002
22155
66603
51388
39981
92248
51981
2297
77195
4133
65867
31377
11525
52833
23768
91829
61002
28073
43754
61859
7054
6507
37558
25024
59324
47418
66286
82181
39941
54138
99310
6873
64193
47021
49364
95830
72198
65796
15065
41855
61923
35329
12688
59686
23516
74635
8178
62934
27841
24131
15984
62265
67695
66487
92911
11423
5316
49349
28169
69990
61606
50266
86693
86891
90801
5003
7698
55004
4313
77983
43750
39907
2894
28114
22638
15954
28577
18444
5300
75334
45351
47527
70370
59122
50042
78390
36005
88984
32562
39171
32247
89307
95568
2848
60793
89545
32802
35818
15718
90137
40445
48916
14080
35207
53797
13308
42985
85070
73228
92527
63857
18212
86205
49462
77210
48878
82607
37662
28968
92718
70964
93816
58417
27759
11150
65583
87939
44687
40739
34860
36494
74958
58562
2254
36621
69872
48419
75152
46344
44966
57914
10563
39354
17874
52762
78334
43723
6613
95645
51319
96190
9916
9980
26775
41923
97458
14692
43988
92862
7746
20898
75442
93600
58222
72165
10058
25031
92570
70469
17879
39133
8042
76019
92458
45785
75913
92246
8591
50605
14155
96470
36885
15730
76799
28851
35297
9759
92865
77234
65539
87175
86441
27289
3239
92487
12159
12012
301
62828
31131
39463
73903
50085
63821
86436
82790
34740
90692
62443
77358
31496
75674
27503
26093
47619
41211
92008
91616
78781
70028
30728
13751
54776
89924
86893
3989
7851
24997
23895
938
30907
45591
59844
8429
415
84376
85686
51307
11443
23036
94588
70880
78288
64155
87464
474
2908
99444
11933
63254
88691
18956
32201
53519
1155
54351
34449
62915
76119
62608
80403
8816
42814
99550
42799
1057
20944
62541
66084
3706
90493
22472
98773
63831
22151
3002
70700
15493
97268
76116
84434
10073
6445
6497
5238
26806
73059
48549
62786
97727
27181
9560
95584
62969
57761
17034
90014
19901
93549
11499
32125
60936
27717
95766
58163
66051
53903
53926
81019
57802
13743
96871
51340
64654
74421
27496
6265
3225
81129
80806
18367
67577
48354
1969
78433
8674
95179
60304
20707
71123
89881
42764
33893
44317
27989
76163
31334
31490
96845
82072
9889
1124
77309
34221
38628
8024
52108
32498
95596
8244
51641
11922
24076
24503
53444
97916
57064
6620
82933
63306
69514
52230
80984
15047
17704
17395
46342
17702
79139
73197
84507
74592
38393
30575
98376
1725
68862
34525
40242
63373
65858
86077
47817
77280
41503
61255
99192
3271
95546
15645
87922
60737
66745
1299
32022
96645
44569
35578
25118
223
19060
84586
29753
54559
61756
74456
32638
94452
30365
27367
48297
98358
95424
27130
51817
69677
71002
81866
43176
69066
81830
44560
15608
14130
53592
37862
34126
67433
93887
16157
93193
29707
43841
57545
10394
37864
44167
78659
85724
28866
49519
44206
98261
71726
32684
4300
94379
46216
18016
54327
62029
40712
80239
51088
12540
29087
81022
50223
28494
4534
20159
15134
34918
57436
52689
89537
4261
92639
65277
51113
70139
97798
77924
91511
81398
2704
44930
20913
53448
38548
57224
8918
9857
94050
44452
38875
62178
69146
3292
40793
88773
18996
94352
13868
16653
45054
49457
93383
47575
34219
83998
36873
1003
99809
32880
54706
75408
6251
10236
9598
6899
14797
58405
97171
61048
3613
7585
55094
49303
17468
41150
86499
42164
15452
17908
19198
21863
25240
34049
57790
85859
46138
41842
48042
47604
4422
95527
54502
74282
16866
723
10124
56671
66495
32954
55975
21581
50006
12583
12890
54923
61991
83608
40245
18123
95941
61022
72018
67175
8235
13614
43573
19200
54163
8538
18737
46771
24808
75483
8146
80098
80645
13199
95535
56903
50117
45842
53530
39831
26085
18786
45078
79201
76576
24817
85849
44349
16025
6365
18023
71081
58924
76968
73198
99793
31712
52500
81849
68969
92359
25640
87479
95377
71209
12545
96465
26238
56951
14778
98697
13056
19979
51628
32645
757
59364
49742
2105
54801
85577
94072
45156
22152
2162
82223
22993
13749
95224
62672
31048
12541
94251
19794
79806
65119
86598
97423
31687
43608
31109
98437
13588
86573
21767
95462
17944
3855
50372
87608
52746
50565
51248
98372
90884
47393
59683
61334
394
98591
77223
20319
83104
69937
61234
11450
75707
85624
84102
75642
80655
85493
34509
8454
767
68981
58952
1179
37982
26087
45628
46176
30391
60944
66537
92366
78874
32951
85032
23013
54045
33679
66582
39409
30908
78226
25748
43710
97825
87337
75284
43027
76534
89896
16293
79169
45489
94027
64693
14243
13336
63159
92674
35547
27970
24371
60142
61838
66154
33966
3601
34048
53956
53581
14931
49855
39406
62153
75149
21541
105
43031
71970
31183
19183
37849
71381
76900
62479
67468
25322
58266
90478
30902
52867
90039
29003
74805
88824
72072
63109
91032
35682
92411
23956
45399
32556
33047
25631
83146
20261
52987
40996
20584
90885
49468
51095
95871
87312
8108
34342
31428
27251
63105
92144
59644
23601
26890
19021
52089
16669
65421
51196
91959
22751
99962
42073
87035
52287
84771
21826
8880
76769
45053
83795
68988
65864
59881
15379
65893
40375
48319
11446
26676
80030
26944
63890
9529
85888
63270
46005
79686
85499
60594
25458
33840
72551
19396
70326
57160
86191
42723
81154
52386
56976
48923
3445
61813
72055
55127
11614
10382
65481
79917
24476
73279
48296
53610
66943
88405
35746
76730
48355
16230
46206
95450
25561
82396
95727
91671
80244
46837
28951
51471
76782
80816
53127
18287
68894
99171
31612
49528
76881
14934
25778
33816
64453
73922
28852
75318
53770
14153
76344
12017
97438
87084
20768
42864
87745
69393
43557
49641
39730
50672
81487
4957
20795
34604
35401
90353
88080
4002
53584
26503
43801
45858
49838
56299
65193
667
81194
40181
25095
46481
1819
49776
97570
39030
67
68661
76772
88982
76264
80191
57040
45454
28756
65704
80936
39824
73395
44035
49691
6399
56210
35893
37564
97934
48270
99132
74706
81734
6952
66536
69152
67883
6186
79087
13555
46573
91290
92173
90364
90820
50974
82342
34899
79062
70941
98928
17117
32155
62846
6065
40942
2706
15590
6034
19839
38882
53638
13176
35184
38448
58659
42906
37204
8051
9813
64158
30166
56102
98774
55002
73994
48724
88554
53813
55641
24876
54540
83553
86872
55213
74713
2772
43974
38163
57596
82143
14790
16272
41377
99985
26052
77422
72407
6625
24858
58761
44075
18055
85451
6813
41021
25681
58559
88986
43714
30343
24680
34907
73042
94386
4216
88882
71775
72673
10446
68677
36324
25128
32368
58880
62463
41668
99839
12735
4076
52281
91761
62842
84153
18475
6818
52717
86063
76965
73640
77128
47203
9140
99426
6578
59141
82645
45256
68501
85429
29534
60916
9807
54770
58950
49729
53779
84255
38032
81226
37254
92270
70470
91652
1904
17210
63311
60269
83798
38733
94057
90293
76096
78599
69627
14592
59228
25729
26757
65389
56644
97408
22962
85305
59376
4017
43505
19192
92560
55184
4508
4840
59624
9158
40714
55993
62871
72331
12464
98346
80523
61404
8439
67156
83210
41675
89446
42935
934
89476
54157
57257
30401
87392
40252
10443
42375
58709
70244
86187
88729
48000
44857
46499
51689
55405
11905
62005
84597
1784
33626
84555
76709
49539
64184
8727
93584
58571
52463
599
49982
31054
1176
20000
25988
84606
54593
7362
13842
65329
57591
8791
63219
87131
66694
19755
77817
79608
33777
4184
69557
31063
61552
58285
94843
35753
34383
26061
62927
93843
65742
40598
35996
30375
89369
64487
41347
13114
53014
35116
69006
16309
78399
58846
31382
21890
42683
51562
9605
50252
9073
83644
66012
33467
47916
17523
62182
73537
97598
21892
45224
68389
3444
51349
65963
84207
30635
25734
76311
34790
11194
27123
72937
53400
48902
9024
52739
42360
18311
53604
29283
38633
27956
78975
40091
51578
95492
37738
25522
24226
35365
16615
26667
77953
58413
31199
77164
96405
63541
96577
90403
4556
34692
45029
15426
65580
81006
82758
46154
97777
46887
71163
75761
29792
31482
41650
64481
53120
21082
24578
23180
86314
31
3650
91698
51571
78708
30383
42041
57594
22067
59312
70289
38976
97000
14890
36635
62380
38538
88433
16912
77805
91139
79
72912
91416
7652
8631
88203
84156
41001
32968
66932
83619
75467
68996
93974
28848
34506
45632
96389
38042
86380
9504
58328
53166
69053
2576
81455
17966
57526
68282
50035
74166
79234
2465
35082
47339
52986
33205
64495
47445
1238
31561
29113
56231
22409
56154
72901
46516
5381
96320
79196
34324
66382
99694
67107
5742
25105
30519
76603
10905
56100
49966
96595
32750
77130
84465
15801
3142
90607
70879
95495
60347
74416
54974
99332
71114
72394
17157
36753
28754
60394
40572
67072
34884
97611
40776
12652
62296
57991
18918
76533
92518
62746
86574
26188
61374
14530
10532
55123
3761
78386
15958
51225
39301
97071
58730
3371
44386
87519
73928
60649
16037
81681
44068
61699
6395
77491
21853
48678
74842
52433
53782
55443
86847
45080
14255
93916
53720
19017
30964
16098
42494
70868
58813
1454
62565
81468
43609
90363
71757
93934
97696
9233
88366
59707
76034
41452
35396
41900
4548
43792
55088
72784
13830
83082
91515
95565
80790
56150
44887
40654
33359
52217
16629
73556
76000
330
93209
14992
32154
11754
42292
74789
8540
80859
40021
4929
52276
48088
88733
94076
15662
36992
78029
8639
47127
36233
27356
82464
28325
44847
20497
71246
16754
76798
16010
87012
37878
77640
20884
96481
3209
73397
1438
49639
61200
50800
65152
43977
76582
47221
15234
66230
85291
92775
5708
96198
55324
86747
27279
31257
57633
77394
39443
57231
46787
18671
11221
40101
45411
50557
31733
87504
45593
36809
84138
98328
50553
16047
94315
87134
11936
66223
71320
44433
91736
8065
25056
1419
64049
45913
32450
39192
1311
95351
42548
94523
44709
41968
65723
52335
8687
63761
9277
35840
57096
66213
34922
65350
98811
72954
79325
4111
12889
82878
58236
33322
6671
44258
21855
84763
37481
61558
70478
18457
68987
17239
46618
29667
4781
42707
39713
97886
3345
65399
19441
73873
50806
91695
45285
21897
92275
82603
76176
18847
32083
34938
44615
5917
34199
98685
13313
49076
18049
65088
4697
75154
3564
1028
47491
99536
94381
53585
16631
77528
62776
30690
66504
23148
49499
7375
1707
18275
22360
56581
21004
66933
67827
22652
80712
99715
73931
41419
29194
39583
89429
64957
94861
83070
20349
98371
32014
12104
65418
34866
19431
11774
14680
21657
52261
55716
65031
51632
29055
1876
8772
57902
4566
14905
92353
82408
90837
52591
8622
32258
11615
43983
12084
16817
11714
40384
90061
67648
41106
23742
40088
25928
59083
40694
44380
3035
25136
23723
53868
25351
71051
90471
32330
62722
60416
30207
90334
65759
27016
54568
9359
40639
20387
79244
34377
20486
78153
77718
35276
14675
39513
32405
28635
96087
16319
79035
16163
86590
98822
64742
23989
17810
93378
42805
13460
10624
79624
7338
91024
40893
49690
82777
17833
58264
20967
26581
58311
52371
40360
35842
8171
13685
17150
19108
12040
45981
80
12860
35631
36063
69705
19444
82654
98190
65002
6419
55378
23413
91178
34380
90542
96095
47001
14302
79927
69414
79051
8126
2801
50029
89264
88966
84374
54830
38705
23045
20828
94011
85231
61482
24623
61673
43066
91428
47781
94672
22938
46497
91787
46914
25610
36830
73846
39429
23819
76783
40155
82794
7234
55936
77282
62538
46325
89034
2901
54811
43119
22117
7801
46397
11897
10742
90418
37270
90360
89072
21677
64291
84427
52005
69257
64839
98055
52353
61819
81678
69046
91298
51375
86852
54227
15016
11407
77146
47845
50206
8706
8877
55630
58988
50256
42697
3222
96085
80008
41730
85629
16531
98057
71188
43138
22900
12043
3721
58287
38678
45649
32200
15631
55589
72313
37668
41000
39361
79909
95902
70809
51673
84647
76422
71811
2895
2082
6963
22423
2940
85127
84716
29867
37651
90467
1264
56198
83011
19986
25785
5736
99651
90853
18196
32871
98529
76326
92423
98146
90699
6665
8585
26372
37444
68585
72317
60653
69676
97107
61722
40070
22757
73169
26366
41410
87580
89979
4569
20562
76957
86418
86600
79613
22256
51836
19838
51511
92382
56322
52946
89903
32488
99856
32144
5138
66925
42305
56793
96566
93592
38542
67078
35851
30190
75755
49864
15858
31873
92609
21428
886
28207
53049
84260
94912
41182
83441
20214
23659
87488
70912
69178
77232
84131
41357
52192
98430
62548
63608
7218
63601
39119
16137
62977
87505
89642
22878
28682
87615
96068
72480
30106
72996
14575
3859
19038
86717
33793
88807
14872
34630
56310
9164
64809
96052
88278
36862
12374
4104
85007
51552
21376
83612
51258
25875
5803
77800
51092
14754
84294
59235
83231
61731
78513
43307
60700
25044
21405
93398
25442
63588
41536
26839
6582
69472
52893
55778
86951
7864
85821
12739
43091
77547
3542
7968
63528
24674
2690
17091
92692
32011
80770
73130
39953
40840
94545
93322
45388
31181
28859
55676
9873
11431
87879
27589
78273
77218
59389
67645
99067
94342
32873
24721
27215
45477
44891
93685
12757
32738
92965
96778
94850
5256
17482
15581
63497
24566
74634
80580
1167
15751
87983
27072
96047
9487
59695
16057
62894
39342
32535
70313
76354
15408
86887
35923
14898
5794
32086
7247
64835
29370
36395
32509
55671
73106
46544
37363
97979
11966
35545
79886
5139
79096
34786
75000
11667
2677
81360
19157
68124
35021
18574
42393
25228
69229
88562
93184
49512
55598
1332
60093
8185
40164
99198
52802
29083
69724
76179
12963
55327
80575
64528
19478
25505
29337
78144
60343
91590
43175
53324
86804
33693
53499
31003
58605
74295
98961
58026
22178
71048
22606
43302
23130
57877
67522
2179
97259
61684
31119
49158
33858
62466
19994
91345
50204
95896
6203
40715
66468
52947
41956
58862
28636
13649
35646
59540
8851
14727
810
8152
98528
67497
36783
80478
81472
51461
65642
13984
67013
18251
95500
72722
22839
36223
2867
85986
62220
47465
61636
25630
72774
76251
36773
51360
52506
32729
24419
56768
36833
96370
61464
26201
27728
28795
3128
34771
10633
7290
70167
41406
20648
93242
83075
67881
49243
95738
4574
49615
85348
66162
8311
62535
60344
7207
65709
85252
39975
36667
94062
35450
60147
88866
49763
77285
34127
76520
20040
91538
63083
24294
16762
78367
4570
91213
33678
8982
10165
37557
45677
6803
70150
81661
36375
77654
5097
45012
58110
88378
48570
77312
3130
48558
16924
43144
5745
1522
83197
74263
18806
81125
15518
9619
7267
85803
71020
10582
83592
50149
36001
33217
51286
65678
65662
8112
98606
55797
27641
45922
94070
32715
42036
55668
92925
69400
41635
23175
8800
17982
48588
38081
15530
86816
80274
2187
45065
14428
96524
31276
90805
83945
98721
38786
43406
15916
53249
85262
37523
77799
78588
42425
70416
54220
16465
56194
445
23382
29242
74250
18529
24350
24428
79271
44156
63920
61796
42951
35580
55117
51050
77183
15824
52023
76219
9079
60279
15207
743
52729
28993
40536
46505
69983
41257
63914
80797
86511
12103
39990
4712
86135
80711
47801
91284
1360
16833
80332
79010
64987
54710
79210
70976
28688
90230
34497
77925
89011
13053
75429
88047
49465
14907
62342
83016
14219
16518
58993
54514
48886
16991
55486
30800
51975
10115
85184
29411
44449
36283
56606
78509
83497
27160
92628
92294
75326
77378
91025
88374
50196
23247
42064
77969
47215
33496
43128
89203
51924
54760
60454
10435
53783
86019
68278
64561
97938
9077
81951
96596
51777
57031
47460
43428
87357
40040
46457
54497
26628
25955
41339
17517
28339
72723
10043
23254
43106
891
16701
42757
76952
51017
99788
12300
63976
65416
86630
48232
47048
21602
92230
75356
10639
554
48693
10349
24159
59666
28345
35961
44254
68009
62079
92287
34362
58429
34631
3093
14876
77276
12397
23051
85644
30429
69395
96916
36612
91234
1221
81740
98506
86454
86478
2861
38100
57919
20611
61999
84945
1362
43772
2746
88132
84487
88778
5402
90639
52001
60237
10168
71770
49744
73899
74020
93560
98571
51035
92057
1800
12276
31310
21271
83997
25973
35268
90557
24993
83541
61243
1716
30005
66277
31809
84202
52609
76012
9824
28122
87460
41558
32536
82875
7007
35139
83220
95238
30882
59494
31815
42467
6565
72986
45592
9578
3016
525
88394
94915
97661
65556
1447
66430
16819
4752
32342
64274
81799
89278
73944
26272
41264
61485
14233
87475
7261
88806
61012
84764
91292
6919
80923
64590
37971
93516
20041
27519
41013
35830
31675
73107
78677
77
45987
96172
25428
14040
97776
62710
5083
5481
84461
39945
78844
21785
61905
91389
81428
58391
51948
23683
98308
70538
56846
75562
63054
59746
14915
8578
15378
18708
46936
88804
11019
86922
81663
52259
71059
48621
63615
92154
61776
30669
28119
34872
60036
69716
62281
35411
55861
90825
82855
13100
41522
31424
9715
6573
7878
410
98937
71326
23832
7755
2857
44329
83427
67871
88572
71389
57072
46060
72663
35846
80377
18710
91799
84297
76688
51582
26784
99001
79958
31472
93279
61734
38201
88180
66149
32552
43662
50722
36163
10198
18853
65707
73529
22458
71720
85211
28218
48815
67491
85673
26149
42354
2065
19585
12534
81104
28441
92687
33511
83135
68018
31266
86393
78231
99770
42182
23643
45935
22378
96153
43901
23561
19592
24895
34540
52576
15836
8139
71225
9839
32253
49584
40072
39999
35535
20894
50702
36762
34628
91732
74772
78026
73506
70135
84897
26262
76559
58994
47990
29312
99453
19376
72440
61800
38311
7476
41396
63232
52471
93868
26923
69340
29157
95267
15255
34428
63091
14533
8730
93458
96046
31313
39020
84626
26348
46900
78373
16349
82652
39875
77485
93993
89534
39681
84450
12915
69481
32666
74096
83416
80467
52494
94938
54630
29383
75021
5812
73835
74804
54323
87111
43530
89698
42740
29394
95763
77027
31870
27504
41743
76259
65703
86498
63622
3332
8361
13593
52059
60775
5042
95556
20502
76191
27283
66164
68639
63517
38377
81832
87748
95427
78086
11402
46923
94747
71839
98933
61629
24535
45322
68056
11169
53145
60783
48353
92200
31039
89152
2091
59432
39381
28562
85481
9854
91498
45045
22087
11860
70658
62410
6539
92426
9177
78661
8516
79253
81643
99588
82242
46500
4391
6799
66646
79860
95062
85366
83717
12578
78467
78681
90194
62562
44190
43921
1317
67070
50817
68760
92474
58514
35085
20357
40707
52473
70510
67589
16758
45470
40560
30397
68118
94196
51409
96093
13449
60801
81820
14489
92073
90830
73215
6212
26227
54734
34647
23164
33067
55884
97377
59005
29837
16869
93482
50391
70136
99014
82765
89054
14356
48169
90391
68958
61337
97846
8237
25490
38675
63002
71690
77129
72010
20293
27237
56056
24096
63046
94782
3742
65880
57347
23197
77463
99686
85309
81976
29012
85757
6044
72270
30281
68551
99208
58795
96994
27720
86599
74898
4041
69531
17940
34025
78783
53907
76463
29014
44877
31410
49051
49370
85939
90321
57946
54048
85685
64968
55648
67969
3553
74513
72223
41672
81939
61296
13757
97917
41592
12754
56460
66942
91562
16932
52873
18499
12407
47691
69367
17007
50040
63330
99480
24317
8557
75655
76887
24945
48373
11728
62055
71510
22337
36832
76510
46949
69570
62211
63326
75121
53541
36944
21885
96024
30533
89018
11599
84924
95938
36389
25000
66945
70484
90338
62777
54054
56669
94528
49828
27254
82761
36993
97771
63691
22283
28575
17179
37054
18312
85970
27511
12529
61271
32345
30386
66658
37647
23229
26879
22894
64102
73216
99229
59291
11523
27286
88480
59213
6150
83517
39609
34699
3863
40508
26736
74664
68803
27855
95545
45929
21064
57645
6447
49902
84476
51245
55056
17726
65751
1685
85566
18510
1746
98920
81017
56955
58999
35518
29600
4197
85198
76790
18680
7957
17321
13975
63411
20311
79993
54769
46586
19401
461
3313
16266
15949
56289
13792
25144
64392
61901
55728
96536
36840
516
8046
78447
83144
86137
89431
98216
14978
5131
37323
68207
35271
42719
31040
1699
95632
77583
14346
7769
18334
24778
44127
47867
11496
47910
38845
96548
78825
64936
29881
90117
81278
36089
12856
85994
1493
16333
24660
92367
28630
6264
49004
44009
4207
85454
70146
97606
52177
61887
46974
20250
48658
5076
12805
79377
17728
11943
39449
7981
47712
57145
45239
85058
9168
74887
97559
93782
30362
73512
44152
93874
57366
51345
63315
77794
83399
89750
31499
83006
45185
9252
47660
89109
26957
47783
15788
62349
93792
38832
39163
30218
52036
99872
9652
99421
27848
89222
80805
41381
11273
16959
83872
74753
60438
64611
16584
32070
32557
39353
22234
50839
22392
7190
94165
42612
78292
68209
95323
22728
73514
76733
41341
84029
920
54625
21647
48334
58964
90361
22708
97233
4354
23076
39193
59562
15242
89647
51427
79849
59974
39374
99273
73273
43356
13851
68902
98260
16847
70507
52339
74821
62448
5587
14719
67817
64494
42542
78331
83852
17741
61827
16512
18433
5239
3419
32494
56206
33955
13946
92896
89343
11700
57325
40551
23205
95355
42703
36742
20334
57151
46326
51576
56335
8873
794
13304
35308
21807
16363
1065
56475
2017
60979
68997
54986
6688
54515
47267
90952
12686
99881
84751
95384
8719
6637
12289
24487
89948
60231
96685
99537
58168
96094
15781
36647
13049
515
1334
54904
23436
82048
74612
30788
68648
20646
54966
65930
56064
93201
4923
70009
29210
83173
21644
29852
48026
62412
60608
10653
29938
11940
6050
615
77080
1590
77634
71549
20168
64051
55090
6862
54412
31339
35873
2884
6037
470
85319
64479
8486
76026
63680
20068
21503
36269
62190
65005
38007
61355
45360
43313
36997
53528
7465
27285
17803
71422
20164
49104
61584
91735
37842
69622
41524
54103
31859
30596
65637
62295
15467
96649
83758
84818
62991
5807
21362
69499
28499
38844
1635
96278
74843
50009
47683
10050
70898
18812
59147
9069
86831
96220
98013
77549
57793
39896
23600
46461
74494
46029
87986
79090
95725
43564
15818
37179
75264
51054
36814
9235
4951
1158
94789
41646
58739
35499
86334
87890
2803
54267
61038
72564
22023
2997
42880
31093
61861
85854
54600
70645
78178
6225
71940
61339
34124
53131
83463
53863
812
62461
7211
58319
85662
54160
95131
36789
83629
46277
87556
70412
46570
82141
36171
66592
9532
67481
97673
69185
9057
79469
50975
1947
76002
13266
75576
11693
40599
76522
17868
39763
62787
63977
82035
13163
30453
30550
29137
19689
43563
92328
86919
17886
29846
56767
45514
57155
15652
26285
84333
12997
86855
68347
75027
45148
93307
38257
27422
94382
14408
30891
33364
35670
40751
48145
85996
93714
48163
1900
29627
59063
49101
68342
24191
9395
54205
10366
46608
73457
35497
99565
3434
58463
64088
31943
77398
22874
28994
98018
98962
72433
79904
61951
52492
65115
48343
13356
20823
17497
35550
40329
87462
36847
56438
61765
42572
47656
2870
47848
92625
57485
72862
37683
56044
98286
82157
68434
31609
31041
7676
35972
80803
30308
85055
34216
56379
44752
63964
80933
5453
85607
52581
91429
589
17310
58140
731
9851
89115
85989
46838
23211
32542
54851
22300
33307
55873
12429
70655
4901
10972
2123
44932
37457
98282
77402
61582
202
92858
55680
896
75019
31261
60098
86960
14132
76282
71621
59866
81836
6828
44048
83657
90287
2593
24918
97001
17720
83462
75203
43669
44081
81391
86290
52512
84579
55660
88105
79524
36365
17017
65063
45795
47397
22717
14140
86472
85172
96051
39741
577
5632
44111
83289
53647
79782
3432
51653
20632
36514
20585
68170
53811
20333
51400
65431
1127
62684
75396
64012
55346
11694
3109
8030
93391
95826
13643
40146
63649
89897
24185
24321
19611
23664
44859
63131
4470
58791
17221
62310
64003
86158
70004
9923
38465
71444
42988
34815
57238
11879
360
79946
19888
20419
48626
39617
79188
19324
73594
79006
41858
20304
15315
11391
69155
45481
31913
39060
85434
12736
72332
81781
87815
48392
65112
33020
2539
83036
50417
95999
95333
9215
40573
25871
25606
35460
97228
39592
21156
83192
78957
22666
68790
46378
22743
32037
93464
98168
19064
42681
7176
3909
13859
98733
66355
79217
45534
74258
21766
61623
82872
22134
6107
4023
68773
50532
82085
13564
91941
85772
27701
92112
89609
88662
46333
98089
50270
28236
41176
95199
30317
40240
3125
54179
77386
60804
14609
73596
39050
20032
57753
19786
62316
68154
61536
84640
60316
33145
55396
58172
7740
90516
2039
32268
62559
91901
76800
81232
75894
45903
6032
21818
61290
26386
34451
62183
52807
47651
75097
56030
5374
56714
19240
49509
20059
37067
5081
73800
5455
46677
98445
85520
34166
15319
44906
67119
24138
36259
45781
3433
18304
53177
38967
63826
74480
51802
40621
69783
86266
4558
13615
54740
34890
25468
8792
95374
31489
53632
17057
48004
32459
30243
99397
56225
77767
36622
14268
42458
4461
9471
48521
20607
49452
5394
50299
73502
41967
76346
5304
44740
55726
78921
31908
10586
21843
19593
24091
57775
31444
17353
53643
60314
82561
62061
85990
95275
33908
19301
13524
49384
64047
77687
23388
86172
34541
54033
6554
97009
82735
26814
91805
19371
64702
77219
89919
89566
17737
99010
51718
25273
87226
49766
94075
58817
6591
98732
51595
82633
32158
66327
61123
87521
94515
65076
71189
52078
56025
67334
64502
62985
11878
11310
35180
11268
66446
91685
34339
93461
84674
88705
61953
43447
33964
47316
42952
94703
87000
55057
35212
32482
41054
75775
89977
96591
97222
7002
78254
62062
72306
73963
77188
38706
49751
85805
27983
39333
50546
5963
12115
63134
81604
37904
77546
7519
3913
47430
15907
41960
7935
80013
78686
22040
47442
57805
84970
34075
34170
45190
53477
12344
69218
47110
12093
5024
71943
39357
13910
21648
48478
23433
14822
66975
78309
70160
10862
29107
95489
27060
55920
73406
41964
70951
40103
65014
70039
43349
43116
45073
63141
41976
93969
9878
80536
57449
47611
15370
41263
40501
16641
79550
77556
47134
16755
61429
45195
28461
25546
84185
85891
55782
64769
7355
79256
18684
31974
9360
1701
97783
63279
54878
6551
77060
87766
61125
5823
94472
50436
44326
69546
52849
16476
50028
55504
56682
9445
80907
84727
2927
92948
63078
95572
12058
95513
27934
50986
46059
45816
96559
23204
81972
43159
38498
46385
46806
89649
34328
94047
41124
81494
6759
40196
33044
71893
26631
15534
41385
90206
11530
82463
91879
37052
14347
77669
20589
92890
16803
32760
55695
39459
34255
40432
62939
23318
43953
39081
78201
69307
24523
80500
89098
46465
94061
29343
65586
35785
27165
1882
45158
89138
51605
52593
3526
78091
60549
75568
39919
88785
68080
19877
94015
49915
41361
24802
49350
66791
81823
72998
44405
30256
63260
48013
95554
22348
88910
8958
6527
43897
10652
52186
14864
26345
16731
81371
80320
65531
90108
23715
9650
62569
89066
7634
42337
8135
6140
51150
62751
50967
57320
64649
104
64827
90696
37667
5813
19886
73723
43708
78276
42412
41581
71410
11456
61227
84988
83281
33289
10856
6405
32514
80909
71498
79065
87201
59561
29173
56149
55847
54408
66254
25589
87523
38414
83727
23606
99413
50527
47231
7293
98211
10679
56652
64028
90990
49323
17501
35812
42872
20014
60588
12335
25175
707
42213
66852
75481
10071
28537
80971
52963
51729
41020
44276
7598
95590
18127
79827
65034
69893
35006
14555
27461
99776
74561
4955
25129
64377
37911
5431
54563
57250
46149
26986
66725
9259
85131
2876
85672
84508
54481
10959
4098
10340
41556
6586
46423
44835
56286
9607
11730
28699
7537
97267
26899
30527
27259
76503
85359
40934
31280
52096
34423
17789
84837
28474
81338
8482
48156
15612
77279
14839
86377
48351
53994
23426
9306
84073
67696
19352
66295
97044
64080
60387
6998
25826
64296
63863
85293
41597
41613
76831
54595
24985
59515
29596
37870
60530
19647
39703
22266
77327
6323
79172
70932
89962
37303
82038
17262
47860
79775
2565
87490
3707
66611
11620
23202
71974
65625
31690
45958
92963
51048
96822
42179
31880
14096
53287
80609
29231
19741
14791
1089
23102
98696
94073
23746
87141
66181
65262
35360
23721
28531
80962
69441
33958
32388
12042
85253
26444
9586
96611
86149
72069
3126
49978
71370
40667
84598
88579
93345
24652
13342
73333
35759
39015
68310
1848
70473
99376
51060
46868
85788
83598
72004
4424
83442
71888
31780
98317
16321
54295
73118
29403
72305
90446
63911
12756
59797
78522
53302
62913
68923
44280
20935
23999
73927
38591
85343
28980
67086
7825
50779
20273
4779
18666
34960
98919
75002
30848
27537
65606
71087
53186
34429
30420
67819
91701
62572
44487
88962
86626
41933
28745
38603
79047
11692
9197
7699
71554
32598
70125
41093
14073
12538
7558
77992
55078
48098
94748
34873
99114
84813
54460
76173
45164
44546
53188
60590
36516
10735
26889
66651
83725
54545
84904
45971
32627
29558
23857
49091
95123
76123
45277
26483
43574
49598
24796
50351
31772
35950
48078
8881
96285
42667
19387
63894
4067
23764
15846
97092
12858
3992
32764
22260
75636
21104
67997
78065
60998
89795
56612
83168
85621
42661
35613
18350
37380
41681
82908
26269
39841
13930
61445
51894
90941
99113
84617
41742
32591
96012
50588
30177
28419
46934
53204
24737
12591
51390
92078
16295
74296
20150
19933
86412
36239
62905
88137
72318
78886
53742
63734
13327
56816
51398
50380
67805
97057
29217
8524
55616
91690
99984
11675
67209
83821
38905
51591
80361
26119
51910
70756
9597
97170
94343
69708
28551
25940
30059
82693
11342
59660
20409
72084
55519
18854
44917
16094
95628
68829
13151
33871
2414
53239
36340
62610
34241
81227
41572
35245
47536
20450
49788
8713
98227
77704
30850
33582
93718
5172
22880
69813
6001
72032
44359
12472
19991
10629
6811
65551
70635
56363
35230
14236
63984
1605
48915
53087
95886
28822
68730
344
36703
58000
2150
7165
71314
76770
68442
76120
16884
15874
66865
20796
27904
45215
81320
32389
99583
30251
17917
48363
67986
48550
52295
88213
44216
3063
96445
11541
50600
13856
36608
92662
37492
91356
27009
91937
11982
19485
63447
50290
48922
70280
20426
89791
32586
38046
84263
33637
71095
2818
51821
7448
6728
97920
85350
12762
91390
8348
89868
86562
8684
180
4737
58845
91877
16633
46757
27113
74357
21564
1757
85826
56799
69957
13899
80775
13581
81452
66807
42785
57078
15569
98730
49931
2797
27268
59485
62521
66724
28549
13212
141
41380
62800
12185
36029
26716
75541
77044
54817
83886
43994
32740
41925
97644
98761
15787
22607
2529
44572
18364
86034
14750
86385
53787
20619
31875
17428
90291
50106
14515
71398
60459
68520
16601
46802
16129
277
35124
25941
2262
39147
2488
72437
6377
14975
86815
24339
5680
17987
97231
54176
1403
82972
1627
89472
68758
87723
17220
9126
74014
94702
24200
22046
9763
32989
44067
10566
73376
1962
30861
36025
10978
86870
13294
51557
43489
76585
31043
61617
50807
41515
67801
96164
94514
23504
46240
16794
39843
81592
41867
65103
88387
4624
83697
29389
94840
10241
66896
89807
10688
39978
87537
74656
45315
95352
61595
28599
42776
3441
78068
69216
13140
50350
47347
1623
77492
7070
13301
20073
84738
23571
29581
82800
75124
67987
3520
83397
89546
19996
63397
27313
90840
66784
41661
1713
79031
4061
55887
49868
82559
41446
25325
22851
47922
90751
75459
49157
11581
3024
25425
7330
36771
99705
67186
92025
20960
6947
57783
75338
79481
31937
23852
14257
56566
95923
5493
18297
39846
14892
4803
50533
49127
98152
57269
19373
25844
47084
60787
93287
15198
3118
18508
30553
61233
48622
98024
94284
73576
84800
41910
89887
43863
4170
92616
55347
44059
62362
1838
82497
3757
51932
84163
24502
53280
56483
10730
30180
49008
74919
5619
99827
11139
48183
84576
88710
33719
50737
89591
31627
97330
99684
25431
37858
74288
73864
17603
82704
67242
54881
81981
69967
90439
22660
53768
52669
19445
7163
33757
5483
76408
88780
56994
49320
37337
40816
51234
99632
56817
32437
11493
44773
14971
85374
80772
25002
39793
19779
52624
85562
47963
57506
17787
21904
28663
86270
76263
40574
9895
18933
5011
7836
41219
37929
36547
83300
99211
70317
1940
89013
24395
16405
68181
95041
93845
45559
46933
91342
42171
5299
84048
52881
7654
67674
92391
95154
79344
72192
46379
75547
28536
79975
48021
21425
28387
2181
62605
57592
32683
66726
71009
53178
3815
49933
83686
11848
49151
56905
36651
300
93651
89002
80067
1187
35005
87113
34291
74996
23018
37009
46279
36799
64935
17831
83407
82801
18572
46015
65272
21819
99464
8610
76451
22273
61184
42437
27010
20386
7579
47248
82444
73496
94256
47356
74666
54818
87079
72899
97193
33537
29441
47908
96918
25803
66562
93202
82991
69274
12972
98160
93173
29244
63218
93207
72370
73201
3115
68737
85458
16318
10805
87706
89664
56660
77392
52360
12717
27708
64198
84272
98654
33425
4341
57786
1085
46123
69042
97597
29855
31657
13250
71010
15634
69802
38903
69425
31434
88342
26521
48237
54042
12703
97207
24190
80509
71351
29308
10846
55752
14653
42004
72371
48313
12007
75833
75265
91271
90614
15681
87345
19823
33383
73241
69028
99942
26055
85019
47023
57908
70303
32785
93953
23278
33098
73798
44921
18050
64066
13742
33956
17910
71243
11880
23870
53385
34303
56022
79281
1079
78679
20027
37397
39984
40349
14493
4990
29582
23690
79727
64258
83037
30105
18833
87393
56320
73191
28808
47216
15079
79981
39598
9292
49711
20314
70626
81038
62768
97737
95291
59189
57963
791
80699
43519
11010
51770
30991
43965
37614
34370
49962
20
10063
78192
48526
49372
79820
96217
26396
53051
46235
83545
21982
82641
6988
27912
34425
66948
38555
50865
1903
81842
73727
53018
97915
50053
67081
97864
58714
21238
31069
20269
53416
44728
27626
22235
43985
87992
7846
68505
1852
24781
20160
72544
80044
64020
37218
46498
86370
23193
12729
93821
90656
38775
29458
19867
33053
39788
69521
37033
74606
50624
11840
36028
60309
66340
52753
56844
68380
50884
1152
89662
61682
52596
70527
88166
56107
39765
38781
46058
32995
5986
38254
37437
72880
84653
54860
56319
32888
3620
5735
78601
16427
43200
10097
89875
62013
80414
79491
58280
64395
88530
1056
99683
18100
28028
8073
3461
55369
8836
85190
41917
72523
62545
75218
55025
91138
77947
23209
26410
57816
89516
38389
60018
83781
18226
69905
48963
49824
33341
11526
42141
81539
40136
63
42878
66215
75328
18591
62250
47098
4276
53154
91129
85144
39258
52686
37261
97974
75884
64560
54786
33739
22356
21535
54113
66196
78188
71223
69326
10850
91260
60327
24749
75845
70385
9778
99836
37757
44548
49345
60080
48
60848
1270
17882
31077
90310
19510
82186
33362
36296
53580
70052
43454
59906
80957
45566
62629
74318
64420
44688
8085
58480
59289
48099
94084
95764
19784
96497
25337
29759
67643
29822
85697
3301
8100
59030
11928
25107
73973
13808
27802
82769
84315
368
224
55684
3295
37385
29150
4561
550
20510
64846
71265
84723
36574
92761
17406
10385
45984
91360
59221
97948
25545
60418
65113
31890
55023
64045
73756
30060
31367
5775
80904
21203
95991
95051
36977
3767
57638
43972
74031
69469
67229
43864
77715
96891
65825
57872
34746
35018
70252
83933
37988
8119
56740
80258
10060
81885
57942
96640
47678
55516
35273
79690
64876
23932
71946
18855
32467
15413
55776
34143
33463
15601
68271
99669
37475
99477
34716
65219
75899
23015
66488
69808
68337
50476
23993
48277
55432
32496
17535
37719
75980
63413
49660
82293
65241
96987
43911
53337
68619
40394
40444
56205
28681
43423
61852
719
26747
99561
85898
73453
49476
35931
77189
49095
77017
18429
60946
41568
62656
27722
33894
13015
60138
27961
7479
66609
72329
38410
98288
39176
36961
91760
50030
61958
77237
44983
87250
60613
65669
16350
20991
33246
76101
69405
13639
91837
26880
51240
12357
60755
57403
87062
56473
10450
53060
64800
64668
69026
56622
74909
58365
92683
58176
38420
18351
61458
3023
65497
8319
58583
59264
86042
7589
16201
62606
73
15948
99291
16154
64784
20154
97853
67231
23422
89134
91102
2606
18627
51424
25670
19903
22926
38072
73851
52780
34694
66500
67507
47856
93047
38944
85275
20048
6810
40195
26873
29594
50339
66456
4925
44725
56242
48703
35077
18339
68925
50054
56091
37035
13281
29316
91554
55552
32003
55159
63289
13293
10560
91532
95326
83175
36639
79532
92483
19081
33692
448
9050
75395
83003
59845
8512
42427
98788
50933
99029
33589
34979
15879
75183
63353
80129
91244
88949
72207
80796
4159
93274
8044
97448
64915
49944
30866
49700
64792
29547
56058
65649
25388
24909
96960
19304
22481
57005
53428
40251
9091
85593
86291
37528
42190
57090
73367
52329
61632
59288
94737
10405
29115
12252
89704
99353
71405
75144
85068
79979
97380
41450
56687
99926
21976
77425
18341
10282
56374
31638
47490
6261
28463
55560
84474
29628
2991
61773
6934
10462
56269
76512
60508
17649
52440
89930
83453
18514
74291
12396
74957
16411
37165
80818
51076
65607
61663
87850
64218
51439
87906
21259
22240
75353
87387
35772
78419
3364
62185
16195
99073
92049
25515
50414
48688
48636
76455
30490
76657
88430
89184
49492
81979
99802
42246
22366
82879
92859
10747
99123
94693
45678
86794
16286
4008
89326
65395
55068
91921
93742
27920
32576
36370
37841
16739
93643
67199
77871
56180
39756
73299
33008
89297
11957
78949
44973
47584
85913
6544
6488
65118
63338
27338
865
24710
19725
35872
67166
23024
98883
64006
85613
42673
22241
8559
29117
58599
34655
47255
74409
11623
4255
57492
18335
90626
45532
90594
73868
24586
29204
4208
41228
86247
59170
50962
8686
28129
24242
35444
56001
18711
25416
30773
35586
43836
36829
10465
94807
29622
61206
63757
34
17282
42622
34925
89176
82586
93481
52224
31857
77127
71156
20657
68701
30193
27408
7603
39870
70731
24968
80833
94728
40847
94793
13664
30000
61614
12275
1667
29744
69715
50293
77545
89820
60162
7213
12623
38674
33538
4582
33830
51607
71377
73375
30948
99012
97446
11661
42322
49948
35848
27211
52055
42170
18760
54960
69021
51742
65401
68025
95208
83074
46733
23155
41865
70674
38623
50383
96433
38209
34346
46728
4722
34736
73672
56776
90138
12450
33179
52289
31915
32009
49265
22298
99854
31984
95655
94085
22799
63696
57980
76109
48896
45262
83438
26115
32101
55812
38172
96921
33867
90082
39533
14034
43829
20105
56967
67307
21025
318
25376
34861
87301
83583
72253
89723
90495
97633
55355
93215
37943
87262
83799
11316
95786
71451
50685
60708
78943
9584
45653
36382
5811
53026
40215
2751
3448
32725
96999
15281
96350
55275
15925
85827
38618
23086
43228
38314
57636
29405
60785
86526
34978
6760
41181
8083
82605
29711
60857
80419
16128
96641
88329
25265
55216
44372
67490
68761
30931
99405
50184
18859
33662
74974
9947
83027
74006
4981
30791
57930
33452
2556
70554
88386
26643
80259
22668
75001
82395
47959
24404
53059
71622
51371
88164
83139
32231
54251
40766
63776
54660
22876
52092
15140
58830
28452
62263
21626
9845
41281
13441
34084
24006
3530
41136
16206
35650
49271
27765
8338
11257
91812
52643
70061
44364
60028
43290
23804
20207
37071
90883
55145
46566
66070
32781
81907
97880
9429
45717
67540
82721
43914
50089
71521
90878
41992
75147
86783
57203
18477
51565
24010
84512
45811
49710
19744
21732
58864
85671
68336
70327
89639
95435
89021
4935
39927
88603
45558
73985
27773
81502
52508
45487
94719
35609
91099
9089
27169
62100
25947
1569
78023
7001
7160
81969
21147
8912
18178
84829
50202
5790
31706
23137
29740
67210
2051
96151
57540
49708
53011
20022
44765
2800
93764
59065
75993
59874
48728
55774
86541
11044
64973
2119
84543
60609
92997
32429
3938
41906
37191
83130
57008
68589
74440
4480
79317
72429
3710
21821
44593
46824
69530
88305
99943
65474
57634
67629
7910
40735
11097
68230
29033
62923
52763
67436
9616
4039
42278
9890
53560
43529
49362
95778
58210
12141
43171
89288
90572
38936
16709
18041
15257
54506
75449
26110
5520
86956
56106
4409
21840
78409
17248
81247
58149
33189
4766
76536
46624
72678
58811
62383
31353
31665
6479
56851
59839
14486
79930
6727
4932
3001
23784
39339
39009
31439
35637
9608
30906
76753
21553
89257
73112
41875
13016
76589
19279
74980
84588
31680
84577
21945
62036
27813
10173
4187
29646
44345
93056
86679
85547
59130
32203
90768
32929
99721
86873
83447
83133
50292
642
4244
42537
78789
94552
38655
17475
56049
87520
532
483
79305
61216
29981
47394
37189
87251
9340
85895
42886
34968
69744
96195
1161
99635
10618
57935
12748
20563
93419
81192
28233
28252
46817
70226
33126
56325
18537
21499
16424
84704
62946
25077
14061
95897
13325
36199
54858
12319
59393
60517
15432
25014
88334
33828
67830
83241
19059
61169
11622
43345
27069
5292
76107
7975
43488
17506
45578
68106
13234
74951
59776
56588
58396
65892
24748
59226
48236
75088
67010
58808
93897
9915
48676
59617
65711
70300
16078
77646
20659
76628
42459
32104
76057
62039
15334
70671
22801
90647
58336
49336
81534
77433
90157
66586
39602
44953
65036
58244
73193
15033
32452
27432
28715
51664
918
16194
65554
76967
84485
3062
86445
35475
32277
17683
92218
87981
32173
42782
80204
75241
49211
80456
46926
12730
36518
68334
24432
99642
57737
28903
42167
45779
76558
91572
80094
71693
59387
12660
99380
79923
94060
98364
16435
91764
66696
8926
72016
59386
78900
11494
66489
81382
690
95914
16981
47497
24379
6517
5959
51077
11322
95921
45274
8074
4062
14594
73416
86910
17263
70418
95022
21451
98010
35284
25427
8703
20384
34332
68713
46550
17750
71584
47082
94046
74791
82079
94351
13538
74637
76615
3558
62321
7306
85320
24276
76530
42853
4654
21215
64587
92581
59596
80338
17247
65463
48710
52136
34149
66502
48929
70597
84680
16159
17385
58520
40732
31175
43554
59675
76240
99148
34185
16148
35078
21251
83664
3834
69332
31800
89782
34094
82534
6093
26478
34669
55548
93838
66912
62511
37070
99840
43035
76356
59434
61986
78647
73746
18308
11488
72048
16322
87861
15011
59394
84305
95448
28622
33841
87956
9222
54418
40190
83245
22200
29713
820
83653
66533
46651
65937
17673
9414
76394
36491
2838
4140
20839
92464
3277
90408
50976
56392
42126
43227
32529
86500
75553
5401
79320
61904
79811
32321
68944
81571
50965
33553
27521
48208
43280
71395
87010
5068
83636
81370
98801
90109
78371
68691
195
53665
31107
15905
42655
28422
85345
97328
81578
65672
8857
84
71412
59716
8101
7547
91073
5951
33614
32799
21921
37320
88878
68419
66365
18234
27644
13758
6314
52260
72328
34169
50346
11436
65632
21047
54475
58682
70080
85595
82067
23371
41962
76207
10699
91804
51242
69116
30142
36412
62406
54434
56848
93159
25593
14464
30988
19701
71849
61492
48454
56134
98111
25868
10968
10307
52658
19543
57597
36906
86397
7807
42722
5547
32532
79431
7353
70499
84135
89974
31905
10152
84219
29701
57043
62032
66698
45129
93439
30287
61040
52315
6132
66008
12912
4025
32220
65432
69247
75986
91161
15043
34004
1691
47965
65506
84920
64108
53642
40405
7950
1037
37002
82113
93303
3823
34295
47883
522
67459
52490
88758
53172
99800
78680
70619
20785
60311
37275
49324
8787
50468
68110
81736
53654
75556
50706
57505
51893
51469
45402
10093
84352
41864
88796
57169
59828
71477
54784
93471
87773
74397
48130
641
82956
19467
56245
11871
99330
90644
46354
71515
92885
11474
98648
11299
66541
82816
98930
20961
98897
19400
74452
36588
33925
59120
93415
65256
39455
60330
96484
75196
92632
54218
32543
77408
77725
26568
38639
3269
55830
58751
28846
69243
76299
56770
45945
60978
74770
37627
73642
24537
5358
41394
47681
80897
95197
83807
76151
40104
24168
35583
85790
82837
67689
6489
56658
60245
3808
96633
89873
75423
62578
19140
18461
72388
42150
4043
66619
81481
32679
55114
4823
91460
46175
95862
46807
84661
25459
58731
98213
71047
37899
66427
22145
82829
85318
84891
26025
84985
39936
26790
46225
5466
37659
9152
90844
3028
26916
40085
79757
40771
67268
39183
98790
31811
20303
99030
88383
28724
95957
30297
5332
13900
81069
13995
43365
33483
8597
32114
46318
92278
87507
22700
14494
92876
56219
57806
4905
20098
58677
55359
68705
41977
38
63412
84725
58949
6161
11778
21360
7640
24385
51305
23116
45871
36531
95088
94295
82940
74955
57848
94506
49610
88809
86680
58833
13523
21227
98040
13979
18646
35370
69900
92684
90661
23083
81850
29719
38346
27401
27198
94660
24994
98759
95898
84792
39337
62336
84694
98623
8418
17824
47165
95012
30579
91134
31759
98353
58447
8392
68826
94953
30387
4356
73566
74891
79365
29952
74005
55130
63478
80235
12315
88120
7022
47770
18442
14335
1062
38723
9398
28406
76567
81032
54312
93096
36818
22349
21543
73126
11828
12298
8763
60224
55303
7947
12009
10376
37893
36294
43033
26065
82804
80851
61359
913
77141
25754
10640
99164
35655
19222
41608
72729
26878
89992
13574
13375
55124
23547
46152
19548
37420
35269
67916
66608
8362
47226
44633
91607
65567
45690
5671
81071
22124
463
99134
67066
63809
7061
51270
16533
2672
79863
66783
89272
18012
70719
52209
74324
85378
41582
94383
90019
93861
62995
28561
64624
38339
24878
23049
53247
3264
11378
54751
51935
20065
61067
69720
5766
68175
28151
17477
46024
33091
20100
56301
8475
91459
58956
30214
16015
82821
62555
70298
15299
74962
40658
23176
43123
23450
52964
10998
37016
26181
67257
70397
42941
11013
83057
6376
93183
46605
24178
81670
7266
51516
1534
94139
28209
39185
77097
86497
61752
63563
10944
27677
63636
15700
43179
38205
71006
41575
90986
12003
36585
37652
83249
67438
74947
5819
43504
21129
50603
19650
83823
17189
42185
3248
17682
84188
24563
84475
89934
30120
41430
40483
39399
73813
18329
9062
22942
25764
24345
49170
56874
52731
91392
98005
31373
71544
34839
5519
51921
7756
14072
80146
25028
7938
48664
18623
48557
18824
31970
66052
84227
98526
12674
79615
46858
78007
1649
83253
69322
66707
21925
93945
38475
8640
44822
29035
89219
49921
52845
45890
23038
47420
66135
95218
76718
71542
12194
9482
71254
80327
60829
96724
35917
39364
85150
37022
54105
41112
745
91170
30780
96730
92571
21561
36823
65381
37177
98547
49058
86730
92583
77516
72178
90237
94716
34086
67523
75184
57246
46025
46097
91303
72515
90245
52112
52350
39071
78635
81744
22803
15852
15769
89461
9473
21916
33270
11578
54647
44620
61021
81865
34053
3851
84501
30834
21315
92126
64575
19289
40794
17338
27138
62621
11483
47485
70906
83420
40719
40677
70947
45441
76448
61914
80049
42550
88540
8710
78967
90449
45503
9236
84911
63718
5994
77931
80703
37533
67730
85263
14983
20875
41540
99517
97579
91431
6865
7767
68521
95614
45866
96843
94271
13214
83734
7794
98410
4268
84611
13528
2258
10632
41322
94215
24435
9061
94711
13055
43018
50474
86365
45149
58574
69846
76286
155
3748
33191
27470
77706
4425
22357
7754
46515
81901
34069
37655
869
2323
80503
33320
20231
12125
37626
62657
37409
61676
20565
63350
18008
15702
24113
44399
17168
87829
69186
78894
91064
80388
50768
96330
40839
59356
2282
42753
13688
27238
76961
80780
51747
12380
30905
57654
84372
14377
90555
98912
47997
36132
40141
76610
67388
43318
33106
66243
37612
761
44549
98302
31216
97048
82653
15002
62837
4209
62756
66983
53872
60522
55323
68039
94977
83759
55453
62901
32826
55618
10042
72064
12151
24940
50236
49834
82228
23893
41183
93698
41510
78280
72815
58540
52741
85506
22684
86685
56886
99317
15722
85901
86048
3701
32753
9950
82842
10953
6233
2773
92146
24060
55640
11885
66649
98703
69272
80048
6823
60001
88321
80324
66758
46394
35494
99944
59811
83226
75612
69429
55035
61381
81011
13357
72019
69163
17394
86664
98948
65995
92924
73777
92310
80891
48233
827
45038
98909
59621
17546
64554
15971
94894
4430
43875
32621
80308
96277
37313
2322
59019
90372
50458
89233
84917
68155
99374
43615
56390
30145
70288
12781
49122
28206
13493
60349
6924
51194
1543
44898
28775
49338
83017
28854
45641
14843
73022
32462
66843
76669
47162
78320
19449
69812
64061
68381
9405
43109
55858
93448
47768
67442
51627
39630
57660
88489
34701
22153
4038
61726
84697
20206
55731
35364
31249
87536
51751
23899
76248
23596
92445
24769
10993
45862
87245
91725
26460
95063
68016
49113
48568
47185
74237
81459
36012
44558
67697
64647
70663
4915
45508
44791
34416
54778
25355
36295
48876
98357
63982
28460
49942
40887
31476
28118
73989
43751
73653
7940
90448
73479
16374
12970
6982
60435
88141
63163
96900
42291
68340
243
773
86110
4418
7695
56881
72716
60618
50330
62827
60375
47721
33847
74164
38444
91953
37422
3058
39725
70321
55690
2359
66240
96545
26793
50122
50882
23810
64741
35036
89687
72638
30259
36068
3771
86486
91186
90091
38261
27410
90005
74876
38814
90369
12318
70560
36751
47526
17644
93579
37030
22546
30580
92958
28701
15633
66650
94856
8385
7604
32380
51303
957
18397
86337
99184
33648
27064
83296
72553
78535
717
11602
69687
19949
23438
43856
64653
9908
55561
86856
37117
98170
54422
96781
45075
59876
35392
30298
12076
92702
7844
89620
11016
67169
90997
25435
60941
46671
61811
73657
10014
15815
4764
26281
28923
66094
96136
18459
78788
38093
87019
26080
42276
19798
61577
65784
85141
74169
77616
51256
20700
75179
28371
90247
50536
67076
76023
97393
39872
56639
79952
20575
62407
74319
4327
7392
79984
59577
34300
23505
61939
79649
22816
63165
1159
75045
90770
99447
30186
41971
71092
924
60736
9603
35375
69317
90354
78671
26823
8855
83729
21019
21806
89164
43690
14256
86652
80411
35400
97852
44480
24822
87080
88459
43526
60725
12517
90279
58878
56248
71004
51602
78860
96149
85770
31359
51498
1016
49646
97101
3861
50121
3695
5201
66114
38197
24386
15873
29761
82256
61526
32534
91892
78716
86014
93751
13248
31095
13635
82052
65698
26124
80838
77705
6816
26029
1160
81795
18670
11485
30901
51861
45880
18554
96007
37346
71207
12430
67277
1115
12418
88277
95408
23223
96954
87585
72993
61770
61197
45223
16857
44719
97705
76064
51484
6394
49300
28511
26735
44033
72298
27433
92374
57693
65370
41851
8423
46611
20001
40648
33856
48606
8081
31470
12975
67886
35029
46813
33505
87153
14276
47027
7019
42533
7912
85638
79156
6886
94609
17617
5125
35488
82311
58881
68047
42220
73844
23931
49596
70456
3830
66401
81219
86164
11663
23500
81928
95591
84967
41871
28710
87450
61970
71132
56404
62797
39273
42856
5012
56295
27547
94715
89850
48752
44182
73715
94591
56618
18925
87480
22169
38039
30681
46719
35051
37358
97622
70212
76063
2975
87826
13502
29121
19672
68889
79255
26151
75270
16205
38849
60190
34338
92508
587
33598
39116
43991
69067
15139
613
62932
47591
43177
79296
44300
97043
98098
99579
68107
15799
87833
47634
99006
52273
63689
56378
27711
42565
35621
1593
18629
30345
4677
86572
18313
49826
3143
65512
67657
86796
70760
32280
95947
2911
15883
3778
43328
75138
69764
55501
28361
96864
6219
9283
4022
22210
80070
30599
35055
19479
5312
65243
63675
56797
13834
32541
36891
23468
41786
81429
1043
89298
14977
99708
23861
78242
99466
55274
54020
77760
19159
6935
94115
54525
12536
19330
69629
51505
72788
12721
19269
54856
16749
62401
74356
80919
36632
66773
53386
80599
59808
22381
72832
6918
56945
43492
86091
35373
46665
99469
30108
3602
2495
5534
89772
55142
79498
33112
77161
33886
47962
4068
38459
19676
54733
68890
54539
34010
285
83354
89571
17555
58607
19325
10427
25706
27252
4130
31086
4594
6398
13714
10442
19206
72164
33827
32934
98029
82427
64972
70558
43469
63427
42239
24810
44134
77192
83415
91602
88684
42860
44866
18168
71827
32848
49747
13030
47108
37289
56972
66710
34271
15596
35959
69755
57112
76043
2929
86527
20916
35505
55958
25904
34070
36069
81043
32417
99099
80834
11007
36768
4106
44337
86939
5749
37099
628
60193
53923
37785
16124
84591
11461
20156
77743
9613
61729
34871
41476
51202
67293
73159
34492
77203
19114
91645
37468
14006
16303
70198
99235
33279
69931
90263
58560
9977
98432
54026
61316
49677
13722
71485
57478
42854
55111
56450
96244
38847
22214
2748
49175
303
89598
86658
61884
84395
27999
73329
67232
61432
21053
10622
59682
14224
5752
95066
45434
45303
52675
99388
74922
54767
10386
53484
72132
38049
14723
49426
9296
79301
56433
60060
2578
42949
55529
28357
53824
4350
76161
37391
59870
366
40947
18206
34530
2936
2362
9636
89250
56284
64532
79134
47219
93302
43736
97013
35238
5294
53303
72176
34623
31761
15181
40958
39014
50739
77500
92532
64947
69292
52368
7569
36299
4124
31801
67273
51352
60705
68624
21218
85311
47642
52449
77710
81123
54673
29770
33653
22703
27500
39871
49153
19732
28038
29697
32682
52221
42991
40065
88281
21284
88458
99625
90982
92491
39414
35904
27032
32739
63058
40244
65437
84010
25104
31248
77588
36624
5314
17595
28065
89341
29360
68540
67034
51764
40024
46766
27155
12839
42351
86453
65942
12978
89871
60341
22991
77946
55742
8413
68200
60486
59801
96725
27725
25849
19340
89773
35258
12014
7101
79680
27147
69789
13379
5820
32164
84086
58250
16259
94549
37031
51789
20166
99670
40008
70233
98399
27819
67450
97316
83000
49138
22752
89009
20947
21704
37169
51793
82533
82683
82358
66695
31904
76701
25810
61930
18545
13421
39265
47880
47281
55914
88413
25777
11093
88350
63607
61664
81517
93029
83007
11650
73324
82398
63074
41245
35973
28347
22941
7229
89105
23708
36704
25864
64423
72079
20942
65317
2395
48783
19893
45464
33852
68502
93722
25111
68739
702
1344
22959
6726
38511
94200
35754
28960
81392
27905
26164
34439
6778
6047
98953
50920
66318
70462
97218
76457
80589
86504
5562
60677
19802
51250
18026
74037
17554
76094
43720
91840
94837
16337
70512
39475
64543
32530
78774
81904
3473
55137
50095
9537
80169
73349
95178
1573
27212
42868
9822
85242
57332
81839
64266
38069
49413
80395
81858
68491
62148
6750
43270
91982
18191
55841
61421
25139
30255
31135
87918
44029
16459
20147
23675
57533
88511
79836
26231
8213
97600
2744
17636
83783
85327
81906
347
52733
56539
95815
79710
16234
69928
7384
63881
6869
49094
46160
31762
76716
16963
30587
77011
98812
74084
10572
2141
91878
2434
65458
84633
34162
21899
69902
29416
58738
15118
18193
54482
35170
5107
11558
46167
94708
31956
98779
35240
82724
43532
75783
65604
14566
99938
12475
21185
56806
41644
56039
63736
43321
97856
11274
72017
3150
73704
46859
90785
99575
38761
9016
81747
4829
18066
92066
76575
6616
95592
63426
33450
48101
21211
5140
26755
94310
79619
4309
26177
4748
41721
26341
89879
88266
25053
1412
77568
80218
94255
26469
91433
82849
46998
85045
11127
48863
19898
8240
10088
26
56505
97543
44677
96313
91587
66348
37835
57019
8179
76217
63885
12803
17138
87258
12325
81752
70203
11024
59982
86754
11266
34077
54738
4411
80943
91307
25512
76590
86083
71808
4072
88727
94775
22244
34251
80348
99937
85342
42835
77026
57348
36968
52215
30380
90778
96463
78872
12321
23398
55239
64365
58115
79765
66681
47275
81989
22854
95821
12953
2271
7075
5889
74069
87440
50462
24609
9972
90635
43877
47092
44904
11938
83155
35459
39228
47305
8525
56596
8462
91385
52407
24325
7812
70903
22792
21544
29219
6932
85592
82751
44699
9917
65528
33018
30855
63728
20713
18604
61257
23982
42289
95452
83200
71168
75624
67147
89849
13780
47795
43998
69271
73317
93603
6471
26970
17778
43340
64217
72658
63586
68769
20019
89201
897
47045
26641
48165
16719
85407
62526
39106
58603
19144
87474
32074
98194
12909
25676
81153
60669
73332
83390
89695
8352
69149
35076
53041
21275
21188
64864
66119
76691
29457
76954
1917
35328
75823
52085
52390
13933
21393
25930
91137
46532
99283
19193
75167
25116
37321
40849
46950
31730
95491
45574
62191
10337
69078
64036
88236
35616
29230
54307
28179
51012
32711
51490
93488
97929
16133
33526
17487
2043
13398
50774
27605
64414
57208
15394
11835
59626
8728
77823
91846
86538
47777
91830
72468
98982
37944
5635
632
53548
43362
6308
76445
17857
57998
36019
87965
79872
75062
19122
65498
74161
72235
78875
86373
46559
70813
23753
93425
25882
20215
12086
63723
67168
7704
33746
81662
20216
73503
59586
9809
60335
63473
3171
14844
35699
35154
62090
96140
27458
26070
25147
61493
1498
84871
14118
61148
47425
64849
78476
27034
33344
55982
21120
90234
85722
48074
23612
52579
86915
30032
82049
57037
22201
38843
15246
8149
32668
26425
43397
87583
31963
55498
12237
62897
91639
6009
79135
77991
22045
22678
10194
2520
33311
23141
3138
39691
1720
67943
15547
64228
90987
53788
48433
38973
65572
43491
84164
51907
35900
86085
95575
54122
71258
46967
56954
18438
53167
38741
1282
66033
21735
80233
74647
30319
86904
97109
39524
85334
73764
79654
42250
74230
90377
66384
45875
25068
69932
59346
63765
61565
86501
1629
9199
86489
42389
59149
85510
77006
41619
69156
59592
20921
57885
74240
89493
37890
23297
10843
12946
33901
68343
29307
96194
76867
67332
24774
65388
80724
15327
97566
66029
20778
56960
14618
52976
7766
25333
98905
84267
22299
70426
14578
2810
46114
50014
97491
65823
47968
2416
49121
33430
11253
1219
46078
2641
83797
5602
39154
47489
30761
20677
59156
87164
13648
15507
11272
68159
58655
44435
87339
59401
43688
37148
24629
92469
7776
21618
41201
59574
33581
43036
88251
76511
98311
32592
34395
33562
98253
89810
21477
63635
33550
41086
16480
15160
36009
48870
331
53093
99630
25893
11775
23680
56909
74572
91058
41885
8061
42261
3334
88312
76028
85572
85988
4487
75023
71831
38366
1598
73170
37097
16239
6079
12002
99277
10723
35313
45014
92671
41494
53326
83640
14598
14025
24826
50909
1697
95358
28641
7824
90475
83835
18570
61760
66940
34240
45772
39158
54585
20716
31869
60047
75190
53259
86131
30152
31174
77526
45120
66939
45885
63780
99087
38808
71131
92254
7932
90517
91544
49385
92228
16028
51027
97751
7034
20456
99254
99398
90832
93795
52720
34340
65878
31018
65996
68345
27047
7459
23927
70148
76857
73600
82447
71198
9017
7378
81814
38276
42469
89255
10455
53948
50072
11705
15340
12895
60473
73018
51829
87553
35286
13663
59526
10500
98313
85966
33447
42790
13255
40754
87612
4522
1613
79548
64650
82997
24267
83730
50049
96666
98558
15267
11786
13515
34889
73074
75352
20208
59003
95270
68139
84005
26452
56501
16406
66989
79537
50610
70333
75660
41913
98312
2375
52606
64695
69228
2971
83198
61772
44186
40597
56086
60490
71008
31710
22208
79049
9898
3127
529
47179
72007
8521
85798
74309
94661
97382
79488
10718
52817
96602
72635
973
60999
44408
74047
84981
8134
73689
85608
37999
22055
48461
18730
74182
56317
39452
71195
96467
24615
78313
92257
98167
55364
54687
29880
1934
2152
19661
25662
46222
31516
96643
3755
16938
77258
56646
75640
84308
42830
67296
19542
32082
13516
39103
64728
151
74129
14021
31451
8739
56940
72702
83345
61433
88851
52903
15058
83218
77630
29771
8989
5755
15365
22377
53796
35301
46870
66823
37565
40464
40974
30111
75701
64136
30526
49221
80062
11012
22713
95974
15240
60398
1717
21879
14446
99634
21141
97781
29143
46381
68132
93210
80979
95709
12875
38278
65480
88004
73120
42109
98681
4670
51833
28725
60082
69988
47861
57840
37704
131
67930
88609
67153
84066
6633
72483
52319
33725
76049
54004
84539
68441
23404
24555
22579
84320
63387
14678
83445
54528
20814
64565
97230
65872
93129
13514
69427
79434
32942
34190
95139
17456
18756
91221
22006
15115
33604
82682
14562
36816
36316
87929
2341
45492
66878
55661
57910
20369
98252
63624
8824
41725
58643
44332
42578
49337
36996
5036
1295
71342
77804
60582
67854
857
92913
19965
67502
69465
93182
34869
89550
88784
68351
50574
93690
3237
70415
46399
16211
83515
83240
71281
89020
4166
6173
1080
98893
76319
58661
66780
65424
68266
17111
80613
40834
15202
95385
90482
65790
56932
71987
11161
53949
96875
81927
99762
86744
54927
82832
85087
87516
27099
34981
28436
96038
81696
75466
9661
40864
93255
82323
37995
85808
30591
35391
76147
2989
69378
10885
23027
98575
34672
46089
14590
29354
90502
9534
3072
1382
34778
74813
99772
10636
12986
21490
19971
89183
95827
38515
23613
99837
78541
9814
31671
47326
43191
73274
1272
92738
13576
98015
21525
76835
19958
91490
64727
605
88400
76070
39017
1096
5044
70812
73883
67560
10910
38941
99304
1029
11750
17812
45364
77077
46369
79859
97167
69542
24449
64619
15934
44789
90657
60240
72139
99898
23283
14248
48552
79562
28816
68893
67774
96460
33408
29907
57907
36826
71819
32089
49815
57958
13756
24473
41642
72036
68720
14882
53957
10620
15244
61732
35551
49218
89894
98435
86252
73351
47967
41658
27674
79907
52478
99931
77507
71966
76868
25860
97074
16146
98321
34128
98781
71756
39097
46428
26746
92348
36464
59004
66584
89223
77067
66470
98507
21664
15964
87241
11655
47142
94724
25440
45480
66461
53000
67654
89722
25963
64667
9754
80440
31163
38834
18366
89908
99501
30927
84497
17329
21521
34915
58048
76182
67028
6842
25752
88953
44586
2383
49440
14311
19641
45404
23917
1797
41123
51098
95544
8180
41449
63897
86770
17106
37941
57605
74881
91981
33590
55409
458
55980
64312
94835
11311
61551
79020
32803
33898
25285
13121
23528
93369
52419
50260
51990
44584
47043
28803
33767
99968
64361
90409
93291
24637
86416
78245
40280
22206
36802
14383
56991
82042
34621
77944
91778
39484
14794
38632
41026
87188
66845
57784
99367
30865
28381
93105
22744
89336
36928
21470
63719
44095
7076
68544
81664
35804
79888
27179
39210
35489
24108
61210
28949
64566
3593
86662
13071
32732
95016
23736
21831
27516
24931
36212
71825
4239
37216
57156
60693
71597
15250
90256
6248
73308
73536
5196
24725
5428
78169
9299
94935
67960
20868
46543
44595
19174
45940
83089
45082
76341
88107
19734
16430
17216
34881
58437
21179
42105
39344
52840
90226
48195
32914
95835
49450
82621
89229
31944
65334
90325
7867
78571
52664
35292
422
69924
91843
80854
73445
62128
36637
60715
44230
43811
89411
24602
89990
29070
78413
34636
73870
66248
32650
53950
30721
48018
78310
10177
10154
75681
86463
95000
16563
55351
41042
63081
90819
64454
39440
27175
31245
33019
67288
87011
39553
41533
84018
96334
88674
68632
38250
523
71716
88760
9728
66712
68559
99071
30470
56983
56141
36598
82953
87876
10123
22032
98464
63549
55162
84236
58970
14926
56452
93252
20199
52338
66145
73828
32816
56103
89479
87947
67387
98452
84968
10214
93058
79876
95412
29737
59091
4454
89459
20790
7113
74422
50609
29485
19928
76644
97651
5590
3377
6133
75110
68577
95245
43061
29358
88240
91347
52420
34285
92585
47172
81672
76377
13237
7284
95346
96396
27102
81749
85708
30731
88118
63149
86661
2845
25069
82449
83832
49098
77736
58893
10287
87543
4621
68590
61081
58273
37077
11315
74358
14958
92438
38901
89544
3994
13044
44522
20743
99319
46607
87437
91198
68993
90258
45729
65807
53617
40441
47348
51837
50318
95714
39942
43724
74497
84110
66398
7593
17748
79538
87953
35565
63110
21563
76103
72075
47974
44241
73204
73638
90898
85922
85272
62419
94700
60943
48225
72981
20928
44103
7656
56843
61555
23453
89056
50220
36452
307
58255
97742
14669
13021
52681
91002
92010
57470
72504
24034
92749
8182
50631
75335
41499
62983
85934
18801
956
21080
69122
64922
87020
13527
79675
1888
49199
15664
88285
7152
73192
36521
4027
66131
13241
66728
64303
78020
7259
558
14929
59306
88631
78882
73776
25119
87466
25507
6126
95512
42511
21896
99816
19472
192
57537
61929
76979
96385
50803
6155
13504
709
36302
22595
49083
93910
47118
60895
79961
83731
50723
84578
43407
25574
7269
53622
35662
17233
59350
11983
73644
91453
5002
28340
75935
77665
36289
9876
55122
5741
32013
82674
21044
36744
89862
47220
39352
31990
90248
59223
93101
59069
83338
15575
91638
96844
60063
81080
31432
91358
40216
81699
51298
35383
45052
36135
21305
51478
83216
7540
8447
46571
30722
24463
69131
72378
81829
61547
28370
99322
17343
94818
90824
11113
64948
76440
4507
97484
37207
12602
35736
19482
45312
67458
49910
39933
77468
94393
50656
88221
5925
17712
40076
16654
96855
11579
47802
53981
48281
85912
69649
27399
82364
60740
33012
26076
57434
67343
33167
32688
82670
33889
13887
67539
38199
58060
35099
63561
95366
81490
39891
49437
94445
14624
90525
46184
23181
69689
17913
45682
35743
52235
64733
65760
5751
79173
34611
93371
59924
77575
88720
68019
72970
62099
95122
79250
83922
3249
5627
63076
63644
23766
43843
54029
70053
726
86234
90622
17098
20033
25491
61114
24277
45839
54933
89137
92074
66985
92596
48301
64459
68552
90096
52533
60585
35983
89640
72460
30671
4962
12285
94585
63978
217
77253
59709
78421
35774
54073
4018
65061
28538
20321
9779
7525
61847
52563
63167
1446
39651
81181
92256
53309
97548
48756
74553
27578
71763
58407
31597
19087
92549
33002
80180
3792
31972
78534
54862
66339
17825
52529
53546
53925
60797
61318
99677
81977
40064
7494
93483
99889
18493
36687
93467
12268
26254
30479
15910
69140
81848
89410
3967
65336
22082
43607
13263
17949
87925
62400
8320
11704
23789
18018
26326
27646
12832
167
57842
4204
29829
54114
52252
15936
37263
18797
46050
2421
58663
24051
22287
19107
79515
36345
3976
31717
20070
57679
27643
86327
74859
19402
38505
62133
78515
10051
15410
7497
12108
58333
93025
49312
52241
22575
32256
9667
940
40762
87290
47707
30562
80857
71181
42775
57976
80643
70405
67059
56847
26821
70854
93277
86451
75522
82680
31795
23835
16044
15982
18489
92752
80042
14851
32851
74331
82299
4855
20490
71328
15335
1754
43845
59408
70823
86188
87658
97248
86589
6702
32068
45241
54651
87739
44648
2658
4718
68513
60844
34095
93501
44943
98406
82122
75214
34475
22811
345
22788
63949
51186
92536
7017
44286
30572
65266
62245
13998
34558
38503
97731
36104
53717
80769
90678
94575
94547
89932
97321
29677
20145
97944
67910
54521
39108
50133
44025
25513
68143
90560
77339
44191
34814
47495
28093
57158
60301
96924
752
43418
1031
65028
98803
92397
51674
65821
60648
19673
14830
13408
38216
58992
5065
75370
99377
94738
67578
40422
83202
44631
91446
41995
3105
34252
99767
9051
29754
80446
80961
31033
10172
34397
84509
87592
59140
1114
3537
96575
29736
47555
47711
91189
65173
36545
60057
99584
47147
24690
13557
97061
35787
65550
84527
59810
11930
99946
232
31574
9175
97439
75080
90063
99320
39400
39757
78416
44504
77618
85666
49072
25967
51957
57222
92059
50771
47671
32974
56657
60543
89139
32619
20630
45125
51419
17266
66941
67286
21993
22904
36675
23545
51712
29935
99163
92035
33321
87093
48803
45330
49302
90166
21144
91526
14641
37872
26906
67246
32128
44833
41024
98850
86903
58303
74191
38846
37654
58399
43859
97500
67020
61601
77343
51036
67837
16376
40790
51525
58969
65273
59179
93734
12952
10304
79240
45957
69385
95046
64204
56350
57420
7856
2921
92912
34856
36058
24640
7451
61448
12020
70555
63859
20805
30670
21849
82756
12806
71035
63714
37673
17995
25169
86780
81130
56530
54269
71426
77391
2331
74183
43322
1518
33171
69487
64912
47390
36593
35918
45701
74094
88667
76781
46468
13682
39499
49537
80126
40324
46786
22624
68158
18649
5093
41932
33661
82808
96701
52219
52437
91513
43471
70402
51299
43716
36587
25452
91514
81817
94745
55743
80743
55635
62763
5242
18906
68530
14859
92048
73108
2757
92023
74950
1481
29462
39749
79487
47775
29978
60243
59086
44899
32153
36987
79323
88677
78867
96323
39642
67775
73754
68529
8973
97652
20318
13796
25137
8184
80628
49648
25223
33988
82513
30431
91142
55119
1727
70269
14081
23813
47724
7156
9393
89170
30535
94321
20910
38154
63150
32295
48496
53635
41491
30078
97226
66359
328
49593
80497
32060
99849
40829
34500
83519
19188
29563
97273
60682
29324
67593
69527
24020
17011
18597
89814
23439
70611
17545
19179
8929
99471
69696
62902
98588
57768
31946
98148
66413
16002
11550
3265
72503
48932
77711
56746
40803
67384
27968
21661
21926
47511
30150
69728
19378
74140
1816
48553
28938
99412
11223
40477
66373
45643
43873
81719
44273
5696
1579
5837
6428
3960
21391
37354
94646
89404
99050
21827
49148
26917
81586
43776
54275
84269
16182
63161
89945
20647
38597
76442
84448
9453
57774
95394
33237
73680
40575
83938
4666
56721
6709
55970
15965
40131
99979
6964
32730
50345
89872
63963
71456
37635
75602
89196
25716
13269
92135
96118
43861
9048
1871
65473
51501
88521
11275
75075
75563
54261
78670
73730
78964
91549
59369
86409
79070
39738
36640
66039
56071
43833
27156
9325
47756
78798
81518
37985
54263
34533
2213
23034
93208
48249
48717
6654
86272
82477
35103
17676
23617
26015
13323
42253
29994
49073
94557
21585
1710
97573
62780
55806
32387
89965
88280
32741
45704
34513
35347
17471
964
48843
97045
64077
49719
98740
88896
99810
32169
87190
42395
75966
4613
52711
54115
1445
50859
95756
78059
18419
13355
35711
71911
71448
29554
31449
62947
3781
31265
37587
32946
66234
10970
40836
90970
4358
42956
65560
85098
79994
30840
35421
98551
74879
11511
88889
3751
42698
4750
59365
16325
32695
10399
75049
15972
86132
68569
62212
34758
38697
16422
76015
18204
12171
52838
1370
83319
16215
9729
72066
19469
86343
51564
65170
36046
80700
31936
58736
30318
46629
92863
58565
11793
98215
70294
6575
28948
96562
14115
90429
37142
86624
1616
9225
60906
9571
61236
681
93281
52589
58510
84306
89416
96979
21056
11202
677
68089
8242
73417
34792
14909
29997
84568
53633
50208
56663
15395
19683
83986
66951
52122
90254
74215
1591
10384
4828
15851
15678
58594
9550
30794
73092
94653
53831
61854
1352
98078
66394
48067
16526
8313
38966
74234
89412
72202
22825
82866
11553
98769
54430
96494
92706
44292
98218
29401
81173
53573
15628
28498
6857
88515
39837
40421
31329
17542
33669
69771
36166
2665
3471
148
25989
84851
89864
1949
94219
817
20006
4157
81330
67661
48398
68855
59999
41299
68128
87418
34406
23780
74970
59632
25727
80122
56280
6708
86336
36217
16442
98491
65923
99605
10795
92765
97560
36333
64082
84530
29686
88621
7697
62509
72109
85212
87377
16499
71214
34828
70461
26578
57613
43247
18048
86582
78614
86961
52826
52116
90444
63187
97058
58876
98509
49684
31821
56790
6175
6563
43436
52558
87955
84805
5361
11328
29133
13035
73465
81554
36693
83126
93938
59418
50118
8744
26252
95641
28286
55820
67011
6639
2741
66143
79158
13878
83085
13657
93443
72967
91995
59332
50753
68751
88503
36122
3604
35967
49698
70502
63959
89365
82445
16843
76416
74467
33386
78325
76364
57244
74179
55075
10844
71375
63580
83024
25508
12823
83277
4347
69353
4845
27438
90806
77478
75365
98004
79247
3784
61140
53161
77238
45072
78768
39626
22288
30205
25804
23346
19257
16743
80625
21119
6642
91302
2562
46248
58114
94617
96455
78741
86697
3977
56072
23463
41197
55450
60735
20998
82934
50026
1262
47538
46975
43220
6841
17631
97724
48361
75306
96360
3256
61711
81930
91845
50305
41294
92901
48830
4542
61899
8498
818
49488
19963
35590
50561
83215
54074
80760
4047
37933
13857
51986
97525
9762
17066
62778
15153
29269
70211
69999
16849
33108
33616
12022
44820
29772
99932
52757
24055
9656
19763
14252
43075
292
4903
16550
12327
28379
77166
20832
99031
43747
57740
15921
99966
23960
7399
68091
54065
47152
25964
68935
34885
81988
75772
31688
792
44017
90420
80157
79513
4651
92652
88947
99681
60656
72840
7493
20652
66045
24311
7899
90665
62705
37341
25503
48634
23405
51919
81422
69087
68160
48318
66095
566
8372
32193
71146
77435
96982
82262
87031
5690
99472
11649
55342
71348
46280
71774
94296
27806
74716
22952
21236
62096
92768
24320
32081
82003
10415
73451
19706
33336
4077
13776
88002
10837
33811
40279
97173
81172
68507
15814
74975
41710
1489
86738
59293
38850
72337
47557
81985
43108
95869
18006
30185
83268
38356
42445
2084
29276
89732
22948
76995
1618
9665
87681
20911
68432
8183
53726
83039
79640
90266
4885
23816
71824
30947
81210
80276
71462
99378
22500
31582
67549
87624
99911
38822
2133
9708
67042
43589
53891
67532
78698
81365
49257
98826
73420
95636
60370
36393
60889
16844
14548
54730
89096
91595
92648
72874
68913
73895
57606
58773
32633
40586
35437
53965
51021
62992
83410
61074
37810
56583
81931
14358
61839
18472
38283
55973
48535
93381
52269
35357
19564
57886
45931
62792
69693
16914
25391
98191
52714
66731
44824
70184
34372
44727
12393
38221
81727
10040
12398
75831
54685
62057
70391
54536
79715
85567
65052
61219
43283
12689
33835
85371
95310
25408
94875
44002
66290
51395
74939
74893
76605
70439
14
18232
65067
4231
94630
48687
33275
60913
36697
15555
45855
88657
65008
88140
20325
88508
18976
11568
72734
72546
31981
71492
92453
26038
64606
34486
42705
71464
4481
27082
2549
12780
97702
20176
70479
39627
70572
80056
62162
52646
49402
96438
5589
71559
19528
35800
79789
1091
37597
41159
21774
60368
15734
44944
86944
6911
58737
87596
36506
43769
35607
85628
74531
51058
45446
63462
2229
81004
76739
7951
32246
62351
62954
61162
63825
25057
48712
92298
78514
35747
70745
50179
93477
15336
99956
28211
72451
78281
85435
25854
4315
51057
50073
51651
47206
37180
36539
78556
22189
15435
57651
43074
64605
32241
35441
41903
19801
90053
79500
47587
94584
24082
86969
31291
22314
44424
96659
63185
22971
93591
76557
13118
87825
4982
52239
35041
24220
21032
50342
67202
28229
61543
75551
88198
36473
7403
88147
8426
71739
4160
68095
79160
81174
33599
20603
43267
22469
41076
3270
85882
21154
42206
62784
1845
18481
39531
52768
5869
45098
81323
37439
15999
56117
34090
6494
35023
83656
64013
15922
22514
77827
67303
33485
80836
29540
25336
63913
73507
27880
65788
42142
67106
52377
72098
20212
88802
51336
64965
50731
67823
64992
26824
87866
32308
85903
12929
57035
2251
39726
90721
2083
10052
4843
51819
62834
97553
37961
52945
25037
26556
67198
78511
43484
34957
11075
66088
23432
95793
68475
73490
30469
87978
46994
13142
47058
58191
1677
36337
16060
74836
73460
66875
90659
11121
96489
87961
47225
68042
25573
35058
62372
28397
27296
68397
3326
1451
39376
98724
8576
54271
42946
45883
43073
13741
10983
97779
16729
43257
3955
64910
5983
81228
52861
93756
21456
6630
35131
80333
46512
8489
45026
34062
30398
73961
24042
12605
16621
76774
4183
89449
36767
20751
28659
38036
61678
12401
49467
11911
69217
1941
58200
82363
54578
5579
70755
25925
23142
31326
4079
10706
87370
41698
47313
48812
38779
37894
62122
59282
44169
75778
15397
15142
34777
29606
64559
81507
53384
83841
65507
81132
3950
12859
50325
26570
65410
70805
79647
7129
62435
34756
79285
83398
93656
88377
22868
7228
90477
77689
24832
4776
18120
79332
55535
77525
2428
77896
87645
83029
78544
72915
32964
70133
50337
48950
95115
62877
62119
8107
88839
43634
92396
94307
85455
25819
87478
61061
38667
76702
55571
47761
12302
96493
98395
68582
71292
53816
10609
86544
61345
14918
95735
10142
38615
32774
72216
39770
73779
34676
78506
31317
5947
29227
20662
62078
14326
52370
73489
97614
57622
71749
52426
76562
64708
42840
17460
92226
39465
3078
40623
13275
87593
68948
93216
5189
22836
10393
9604
3498
66828
20096
55177
60317
20425
13297
21096
7148
36804
61998
64684
13846
38984
81491
63093
67547
40531
83330
32119
49195
29700
8227
77577
68534
69333
18621
15046
77355
47067
81454
94453
99051
55512
99531
39958
91063
3629
32199
37686
56693
73468
2563
8255
3533
32333
89135
24278
88072
64844
3472
7605
31917
17870
62819
63674
15285
98870
57295
85029
43893
35516
65792
95932
38865
50814
48807
16818
81741
48795
11467
70162
14534
71274
26208
47149
2457
22932
84537
72240
22320
26700
22084
83388
48987
15583
67585
74616
33184
60397
85958
968
52299
51291
89792
29243
25126
7185
3074
40618
69214
35949
46096
46415
86299
33180
9403
64407
35534
76976
91071
8012
41827
73286
67102
30088
41767
21690
10818
54864
28774
16172
10552
72062
14458
75696
11448
55294
64597
45788
14275
84401
25592
89774
6659
28959
11408
97589
74511
61724
44133
41466
41552
95548
13578
48370
8934
50294
24923
59993
98613
47822
14157
73484
74372
61455
76573
66433
69250
63440
84928
36486
42251
12500
76211
46698
41288
33525
93190
29229
49429
5216
23198
16522
66667
14083
87858
25377
13806
1361
69157
3790
27281
404
35196
4141
60791
7588
46749
61522
74192
85487
58672
57659
96257
83052
76289
90876
63425
75254
76763
11392
75170
90518
45495
54627
98112
31705
9264
48131
59024
94022
25443
49347
65216
49884
84090
68836
19047
2542
18546
53471
64926
1343
38718
96784
91248
19614
25982
46494
83828
47483
57624
7745
51527
43208
84054
9037
98565
84556
76339
33390
59266
42770
35728
8008
63912
91326
98277
17307
43022
66163
99210
84784
34600
21469
53233
60165
8716
28892
47475
13230
26412
73075
9489
77318
25
5717
18609
92157
6523
29236
97371
88875
68436
64152
83529
40937
12370
56170
9088
45100
67705
61238
38168
35253
54996
25635
37972
44350
60056
89366
67931
47811
27262
89007
7433
55344
41250
51888
4247
42987
2986
75494
54499
51873
43551
76696
42763
38101
94786
94327
82939
71799
79348
89114
12877
20047
78592
90490
38291
19460
49875
7177
28486
73703
10888
62421
99914
59220
73099
39911
77742
3299
23080
66756
83312
32564
81327
36422
94010
39669
54634
90790
95935
86254
41133
67495
63735
159
19940
81877
57686
14642
63084
29341
7455
87532
40862
60992
22141
38654
22977
59769
42687
53357
32630
74060
89970
93914
86058
32940
96020
68423
97035
14164
82401
31590
66568
4837
40678
25601
29739
97970
47287
72373
73725
21500
86503
86686
74483
54202
65114
28442
72380
42082
15711
15577
36341
84277
75959
60184
91158
24202
12697
24064
34148
89377
43089
7427
69947
12927
57399
46432
23988
71594
63547
58534
46197
67591
60045
37750
20628
66929
47472
94169
53076
15382
56633
72600
68536
32709
17752
48806
59303
17805
77190
64496
88200
56664
4284
59031
49990
54001
28398
5539
20251
87142
25700
66067
6503
46818
83234
62836
31471
64026
15359
75940
91597
92743
8045
79716
43814
97489
17625
47239
86267
8718
34775
15106
9186
63832
44212
73520
27406
25154
58066
65757
73158
39191
44920
38480
62467
26476
36662
97078
26437
18568
88926
43476
17412
77865
8832
51465
98139
96729
57122
99857
36528
56804
830
15075
81916
97946
33494
40124
97187
75401
36970
6794
85598
17013
45077
15511
72837
21908
80109
50980
96163
64117
9860
40512
15178
150
65293
12164
43611
66515
20977
972
12964
15294
48761
30011
72810
50308
25836
77231
19007
90903
54865
75682
72239
51403
75826
35445
24201
28520
84470
62764
7027
54641
34580
23114
21801
95502
96440
17467
13869
96517
2225
4800
86946
23975
47772
2243
1240
54885
12047
55526
1702
14895
30959
30686
68172
2456
21878
34353
88390
75113
68323
55851
61141
16412
74832
61794
97524
9379
61666
31178
53763
75868
85810
37137
29890
63040
38224
52830
20551
80864
21597
83741
56088
13436
99346
6561
95478
20673
82158
48062
85364
34113
61470
54825
48955
53806
7485
99847
53332
23396
7723
18414
75896
13819
6693
84934
23868
96947
28011
35709
13895
99430
72310
60129
43044
40756
18527
89951
81903
62134
19190
8883
38789
50200
96316
71289
54083
66428
78196
55687
50193
82718
50695
54781
95287
56427
65935
86799
19699
45519
79694
4704
70200
76399
39579
59489
12821
50670
7555
77834
76854
10315
45552
98297
40004
99780
46232
86166
65053
95273
37666
24646
41577
87130
94006
39845
15719
80089
70802
10815
57941
16635
90093
39641
53460
40856
21672
57260
49590
39425
89462
85542
8165
30881
39918
67482
21357
9805
77052
46876
67781
94361
96626
80345
55053
40323
15322
74993
68959
40968
36930
14663
52653
95812
91920
39724
11163
5544
2609
87647
88736
13971
99409
25268
55747
45966
33753
39413
54976
82127
91197
5433
82347
78075
63275
35393
93825
27253
36948
65396
7341
63630
40842
47966
52536
8593
36973
54736
5127
53660
90380
53850
64517
74403
65722
84892
6344
78699
84449
44138
10675
21950
21606
63548
61351
31177
71194
34038
8547
84077
49918
46760
53745
2149
35014
48614
35484
32058
40400
35871
44054
72849
38178
14047
54190
64239
34029
86543
70087
73073
87836
63374
34099
45993
96143
43832
42265
38929
56111
89281
62268
563
49390
91904
40416
11737
63627
6152
1237
45809
89362
41431
21255
69632
61598
22552
86354
49371
9894
78260
88513
66804
93067
4416
39878
59822
64636
69390
87765
90924
77533
94692
44597
94665
49097
34304
98661
15003
67636
5425
36792
48417
47758
12979
96343
43908
39768
47428
78396
31316
45007
35282
816
70339
25087
16947
38419
96663
56563
72573
10635
60310
12716
77594
20284
48205
39600
31465
47362
36890
59206
2832
46746
83022
72820
24561
24247
31632
46062
64300
12869
18747
72307
85653
30182
55414
50629
568
99743
90953
45567
55793
10066
4907
58627
7659
26632
35120
78318
34987
27678
91116
34826
41395
74028
66426
88766
70986
15268
63112
18409
19036
93203
53567
22327
74521
46496
13420
31419
26524
18209
44259
80389
43524
44446
62103
82478
86216
32441
87700
15667
84631
61667
77777
16183
22267
11206
54296
38780
56640
95638
51026
86841
11552
13587
14068
46861
39144
91758
40299
88450
92017
47884
1976
70140
30094
67767
3086
38092
20278
86097
18115
53680
35220
66770
8704
79507
42212
9139
16832
62462
60336
86310
74687
33074
57934
6218
77439
53527
94177
46890
90275
21495
36868
32743
12547
12888
57448
86929
71117
98945
3
31292
88615
97896
37194
51426
2460
92781
30127
2511
46628
28690
75869
85101
60130
64091
32234
62970
35156
30399
68120
91086
22194
72027
78831
91262
73598
23928
54080
29002
33939
89711
82596
91699
9160
14991
93508
19655
2374
88613
47099
55916
40435
7426
15320
19103
12241
45773
84608
71297
10648
99589
21204
40246
59628
88057
5082
33416
24704
53223
40614
7402
42958
24898
11546
23990
3129
24799
4373
50023
33100
4126
9777
48054
2604
60039
24930
58853
64118
98670
14847
97542
74328
12091
75107
38835
65866
55383
12976
7750
99306
27425
66635
45279
99530
6077
31583
17437
71537
44908
28534
77915
92824
11491
22199
7286
77592
81548
61007
48418
88952
97482
71073
87325
75582
14713
95300
16095
84752
92650
20122
55653
25762
2720
37820
57685
46750
79585
46970
15760
87911
29255
71078
45497
86575
98999
79897
41821
96560
69283
27910
69454
70577
75714
56981
79712
32442
84174
9455
74371
81750
254
47887
82949
52415
16793
2248
65629
31408
71240
88174
31808
60691
60872
63066
63215
47260
70490
71678
12469
56600
18053
33747
13484
63841
35425
85360
35178
24715
59959
54356
32936
88218
84638
1765
13965
92327
21996
65019
44038
90538
65613
390
35430
64326
78996
48578
67602
58871
14084
78640
57349
49682
70103
11657
30556
3959
97678
84380
67609
99977
59144
27590
96355
85301
9527
80251
63301
76878
78137
56041
15635
44564
80925
7928
38109
19078
71193
23408
61823
74679
63581
66576
10418
37247
82254
1768
19254
68063
7225
7734
32689
81953
40870
57664
82661
9735
47265
93368
23174
72012
78841
59372
68228
47984
19440
88762
206
23636
82123
37130
95459
61348
16324
42074
71956
71866
77835
3075
36080
38522
41736
48423
34993
56838
9042
45863
16485
26843
56306
54283
76010
77529
12685
5315
78685
90171
54890
89284
46044
35740
95829
29241
86221
50120
89116
89427
3610
18322
68429
99431
97992
31668
99205
48865
79128
67548
29069
48506
4153
99443
48709
60100
78833
5883
11190
51982
58888
42076
33401
81313
33945
98401
33273
66882
57066
82458
81136
46518
71589
12595
44434
49432
21117
58550
79000
27062
1975
7297
66044
72599
33987
3747
27027
45398
52275
84899
48056
98207
94077
49767
32038
74918
40116
87058
22483
79698
15512
34404
43567
21888
18776
79664
49789
9028
24036
39650
29010
88271
78057
97599
82540
56944
71322
36118
67672
10873
15157
16634
58206
4302
37793
33618
71691
89623
95621
112
97223
2010
69674
44848
36272
6674
53365
3488
24457
22136
82885
7714
18955
29385
93442
94469
24326
89038
47996
40452
50726
26744
63865
55014
1738
44567
14452
38911
94233
55400
29827
42346
42334
49819
58944
50571
1256
29586
63864
82931
57655
4335
76984
37689
89540
57364
18270
24550
92590
57374
83887
72280
29348
69394
7730
79448
82251
95901
49979
73476
33805
85188
8577
71273
99600
33170
14378
11099
58996
65163
65609
70640
87897
68518
21964
35978
46620
52248
1059
19575
48595
26044
32401
85415
70875
6360
70033
69128
39241
6837
54546
34780
54445
97722
85120
75383
5214
56461
82090
67452
22545
52928
864
57692
21100
12316
86726
51738
69964
81110
5210
45986
42156
94049
66555
20131
50625
7779
65504
46564
77831
93102
82303
54219
80795
28601
42049
89587
73269
76750
44568
720
50655
72735
31569
37775
51431
81926
76298
30937
10217
96768
54352
5365
95
93336
28920
29584
53870
77226
64463
7102
41563
88601
86908
76742
98101
29869
44724
35756
85581
32390
92189
93805
26243
17754
93606
41035
79444
75181
40078
27505
53571
94891
10175
11118
92769
2107
89650
20852
88290
90548
19595
69489
10330
46872
55922
88425
79846
87630
23281
14425
31696
48576
80508
77912
67923
729
53342
45376
70403
84963
25588
524
60928
75268
85534
92956
41580
68456
46329
31440
48229
79960
18417
59829
52031
66345
66705
7739
3379
55042
61505
77051
71539
31237
75575
97410
9553
25211
22135
85203
47946
60628
93353
25155
77696
7909
15417
85728
51701
88761
17856
27223
62920
82302
91432
76210
60105
30485
64394
14364
82124
44464
7104
30216
19154
17152
84472
60200
45647
39264
46799
33309
48546
56711
33854
59277
54491
58529
79954
17062
94114
62112
9286
81048
19534
19850
9599
26525
16564
80866
9680
49980
60123
17989
75065
74342
67309
23234
4288
65975
18042
31648
22657
33655
27619
1910
765
94110
45331
37869
10181
39343
74383
31218
57625
84852
83370
55813
89482
7918
65839
90402
59701
43052
13181
751
46223
53086
90540
98791
5423
45995
42654
68763
36349
60953
64838
63292
94895
73154
33607
59554
65773
75982
95148
8553
16722
22370
11124
57100
10111
71388
29640
98487
72177
87426
60602
83157
68824
50166
31376
36936
52601
50109
63868
76460
8167
31726
20766
83815
61026
93290
56689
75
68074
71629
66133
5343
4310
79627
81390
10104
86170
67572
16854
30513
59055
79017
20706
54945
9914
32375
58960
83257
139
84870
10585
81112
78853
84796
78218
3121
89124
72721
28671
9150
21049
64307
61364
74495
95816
23043
11691
6536
93846
35727
48034
19189
54211
70282
91211
18369
44962
57038
11181
23616
33765
67336
54360
12725
58843
43456
7673
4761
80074
60103
32651
1051
42502
55176
25472
29163
35217
24742
96103
63626
61968
59129
83787
9796
33202
11811
54104
42713
53379
95577
96798
56997
58780
91056
33506
64283
55421
60155
37
84359
58945
66765
45600
68503
97293
11189
70063
86456
8937
69022
58081
49398
43248
79985
66596
37854
32063
59689
2060
80870
9792
51103
23225
4983
90792
11584
20481
9725
53746
2626
74373
48385
41216
20306
17822
71102
43777
37151
60572
58628
96811
38698
338
35892
84064
43707
98046
16135
45664
25620
85072
79965
27518
32893
24163
66217
18873
97939
62965
76040
69892
74131
18169
34462
58453
45428
8941
13726
66689
65522
90095
65673
40451
6672
45926
65797
66516
3804
96115
96800
36392
95650
80397
66274
58008
29392
19009
89099
71908
33039
22246
93538
24515
969
22085
67829
40978
60619
33502
88220
32202
2066
11174
76316
89014
74593
45002
59455
32908
66201
40879
32214
90290
19737
77021
54410
99244
26495
5818
19774
37954
31619
27108
34964
53999
2525
51047
22741
81201
28610
10664
93270
67121
29179
71206
66087
44181
7645
35764
66793
11043
53179
99601
48959
20900
30923
89392
76747
7405
16393
33579
95391
81346
32430
97104
75911
1511
31505
80762
69171
87120
29313
97713
18892
57821
97822
36643
88973
97422
29634
683
57247
26647
12090
74930
69492
63877
16378
97575
80848
77373
50368
633
3009
12615
81218
28605
56860
91054
8298
20957
15010
54819
81160
42377
76545
89964
10221
96764
28705
79339
95940
34363
40180
22933
14229
23828
98270
8283
27831
41369
1458
7927
5556
3391
101
25360
63656
50956
27738
92506
84529
10388
68488
97811
2548
61353
5252
13920
65321
54757
31855
90411
16490
86033
25607
1664
18601
86398
59619
12293
48109
19290
3627
64664
31846
90179
9522
5730
72169
80510
18487
781
67256
58173
26342
81562
13184
5306
49656
94278
38028
33345
68738
97201
23790
97128
75174
60290
94054
24655
16663
18273
30909
99207
29703
47266
47289
4735
26003
25127
21349
90965
92034
96432
43885
30183
6927
74504
1529
93231
33850
60638
52605
50188
4443
102
56271
21629
58965
17538
6199
54645
78953
63236
68977
94821
85559
95379
40140
70604
25520
68617
61449
86401
68433
52619
49442
56627
14545
45056
4686
58861
51846
54631
97858
72057
54128
22336
55755
58231
30586
68796
80145
27650
84991
50921
21183
98702
89941
41614
58007
17223
26977
64829
62001
52243
46625
16651
55304
91168
71298
92831
62700
30592
4456
45345
47253
10928
87443
56380
68483
50821
90186
40612
5633
73592
43038
20745
80528
68208
41319
98259
10764
77334
38322
93752
89256
77241
79926
42348
97601
29683
93512
67135
90400
32587
86000
58493
67129
94929
57193
5927
11642
51467
56574
71457
15829
69091
23258
58953
15163
85659
58543
10242
77506
9789
66018
37246
51382
46456
38727
46388
91367
23737
12242
54714
38526
46116
39858
75675
14780
77987
27372
22140
51038
71408
40817
96049
70891
4882
48740
47078
97613
5885
69906
38520
32136
78776
61329
7150
13101
14007
56399
37185
80737
91541
53818
43507
48393
37996
15639
88718
80564
41401
21815
35567
39663
81316
65376
65827
96495
93548
85880
53301
31070
13386
14089
18658
90184
51093
59314
85610
30122
80774
37027
16058
55264
57079
21364
16910
60378
62731
22512
3974
12212
23091
40869
12441
28443
18114
14491
5904
13826
89666
8402
76196
87972
49352
96605
24539
77093
16328
23930
53653
617
47408
15582
75912
77347
7424
25865
10530
90352
13439
79674
33308
54257
44726
212
76127
241
1689
22795
68557
72096
86039
31670
81001
54876
18360
34951
82626
89563
24947
37981
80773
28576
23619
62556
11857
92510
22401
35166
34117
32403
64929
59284
70238
50492
49670
96985
48673
82650
53759
28284
28492
30394
89437
48268
87887
97877
94491
39606
62519
92326
68285
31729
42194
65234
34311
17600
10232
66419
3870
68007
29946
75014
40926
68865
12481
60886
99610
51775
61124
5463
30003
20113
3912
90318
48533
84385
96287
21113
84761
21793
75164
12253
70218
42685
78754
80518
95919
59077
22573
78954
61319
61196
88881
55041
31707
91766
45765
46056
49393
59917
3417
22891
58452
79747
87015
23779
19981
59381
76009
17813
28076
72757
92027
23216
32763
4489
41002
81720
44731
30551
39771
4736
86240
5055
88614
70739
68133
25675
12353
20442
4727
47658
44402
38327
47181
58506
17178
75854
52423
52863
49562
30285
32976
57705
39379
70267
8764
80424
42801
89423
96075
75277
27731
79111
20124
2353
86580
13677
63155
55206
72516
68791
82170
39404
34289
78553
4091
76398
49516
67713
44327
89086
67394
4096
96294
59672
14900
30594
29783
15602
99243
5700
5359
75825
95451
99737
74249
41926
85043
82020
70224
49200
35199
63381
2467
41340
50421
81596
85502
92009
51324
19127
81321
90842
23107
43883
50362
20705
58689
19243
92922
72857
9808
6976
55563
3147
61881
7893
30695
58116
83458
64030
21829
92019
55605
21088
25374
19500
95534
1440
42098
85860
8415
59992
64573
10297
16675
91670
66116
90032
42108
21809
5069
83382
79405
22616
85436
43545
64862
22002
6271
98307
61643
94207
49250
85497
81919
46791
14372
94391
15619
77174
38159
37712
99259
96282
39095
76322
57429
71907
80842
58050
59355
78238
54763
57494
13498
20666
56293
37987
2793
91785
92151
10019
97528
16610
71244
6838
6478
80810
77714
2784
58696
10520
79693
30031
42833
8733
79938
47295
99682
85036
36041
20087
39270
88564
99819
12798
77061
95010
72184
73610
66624
80026
27603
79034
61900
92193
40785
11823
28700
13915
20463
62066
71617
40666
76227
67427
93022
90880
11439
35467
20487
96232
24300
9101
56548
88300
16016
39488
65542
11735
52003
73439
85307
36594
88261
6403
2663
35971
43581
79611
65983
82102
73667
21007
44513
87126
92465
82826
53962
56381
31295
27838
652
92619
41542
27325
66262
75310
92014
40697
53619
78507
62301
12941
82027
10197
46485
6623
97346
59018
29077
53568
55895
74534
13509
54188
7799
57029
28706
53420
3369
69074
25732
29895
66718
13754
96191
39639
95694
21845
75188
32028
94659
79440
21934
66227
16014
668
17618
25821
68689
15849
89028
20623
55568
98342
79418
76256
92235
97634
65059
8931
66001
29664
54025
20259
63907
18494
77266
59579
54911
68361
61870
60891
90950
67700
26602
88559
67704
31544
27135
23023
84503
82951
3723
23029
83836
37478
17167
44444
95449
16560
32293
30412
48620
6690
78990
4092
51289
4179
93205
35221
52016
55080
28937
29085
58094
12140
30851
75906
31102
94293
36423
5265
95740
66815
55260
26221
41226
478
19547
38880
65033
32731
61313
11567
98284
42014
43405
22729
80844
7040
44354
90946
27309
44947
7983
93110
38014
23825
70822
12571
91987
36580
53524
90690
96296
62641
69187
74410
75601
98428
92529
71645
56222
97249
18669
3662
91548
33926
6960
23872
9125
37060
29550
98107
42767
92953
83244
54918
4527
94287
70210
45652
65464
52996
16767
53661
15289
9009
70393
43722
13419
27683
13164
8435
86635
11762
69495
14718
76653
48733
93672
69327
93472
35762
38206
49991
67994
69768
43003
42030
10954
26562
4759
62086
81948
7339
51232
67970
42513
89406
585
2573
87341
41835
11388
76154
44658
27868
18392
18387
47308
13193
8104
97580
47120
5026
77113
23270
2427
96772
871
1196
76199
95847
98939
16070
23805
69833
96413
89812
52611
97698
97994
69097
72086
61031
40876
29387
69262
32124
92949
51726
83587
44235
12452
30829
19854
51373
52328
29743
3676
13896
28074
11177
89955
14175
49521
3599
56572
49232
13105
88201
87492
89738
52000
46508
56432
59135
66172
27587
61527
81164
98757
65569
84848
36842
66657
88647
16911
31284
8487
56777
63642
38605
17464
64801
45380
84167
65524
72234
27748
68064
42980
29353
68527
17766
93454
48699
62476
48587
75223
57826
19562
78850
41098
24548
89734
80253
7934
21241
47412
70433
5037
77423
68180
97143
71682
47576
78375
29817
46013
96428
44799
95757
78755
713
4134
70562
43039
70659
77025
74812
94883
9313
75620
1811
70062
37374
62394
39142
23238
70551
37091
40652
11052
39229
40172
62408
37039
38550
91660
61435
85442
84550
48469
18528
23276
90939
12079
60680
9030
66923
6289
36241
48520
66378
96022
87688
75078
14875
85079
91076
62257
13403
43767
37670
18698
88306
20049
18977
7505
50234
8029
24639
20571
14757
72174
67500
24437
76991
37264
88238
12650
19516
1698
94457
66483
23456
47515
60494
62542
23969
75053
22763
62879
48716
45417
80636
20213
22428
55485
6280
68472
71986
10921
83059
44043
18263
14086
47522
33768
61286
25619
59730
71279
89385
91066
17200
56369
86053
3457
66113
80681
46599
14710
8188
4228
475
28670
10891
11354
52980
70003
38983
25163
80911
40580
46278
65647
71307
99899
34197
54701
27368
96901
56679
8339
16613
89454
29629
98223
76157
54612
50140
34614
13198
71777
43871
23074
42592
84373
57466
46202
37720
26147
61102
10333
41389
276
83667
1692
8040
73277
20923
44151
91361
83256
71166
86082
66571
80948
77379
2806
85944
584
70767
85887
76842
40973
95615
59411
68960
76577
41368
78351
42526
99214
56573
7943
79534
14177
83748
11939
49571
28200
39952
41853
85100
70154
49185
99305
97416
70528
80903
18348
6973
26399
98698
29992
36691
29398
69130
43508
30117
15427
23898
99261
87533
45022
55208
30776
13988
48820
55705
19496
43245
96533
70444
20025
3639
16415
7393
95262
15749
83206
90205
766
96589
7707
95405
73557
65295
90698
46474
10997
52282
41373
73888
47560
32035
12993
33305
88275
74450
29684
14960
77020
70775
24474
33513
48485
55098
96230
1125
80918
68407
20549
26280
4824
2493
95904
71613
42888
78270
40848
87332
9224
785
78335
59033
3725
95367
70849
33971
400
72183
68712
25802
94750
29862
49998
16185
77670
30492
59440
5715
65287
14465
47280
30080
88089
29036
10211
58087
89610
99295
92802
17405
46009
4807
20688
62227
46037
71110
18288
39526
90105
16176
42270
8238
39764
22132
60637
13497
45249
61737
44154
27899
82664
77252
60763
89943
13693
83150
70013
72384
60355
48242
3727
26273
83078
28054
4036
17650
99059
89937
99155
28773
74830
7919
98128
81285
7650
25469
75433
61284
52158
96534
57255
26211
82617
9643
29468
60997
18420
88470
92385
11801
79461
26818
64277
98034
7992
35285
63760
21537
49383
52414
90588
71807
30677
18643
27245
56189
26105
33555
95969
32484
7897
88915
20538
77387
29993
72050
36257
18182
47057
8381
63399
94495
90207
64304
91250
15724
8476
18986
1588
23886
11662
24019
78014
44587
77363
98832
39672
28275
37968
4661
9462
14135
15778
13175
44173
49705
5777
11094
36709
82622
99786
38932
74429
80942
54322
27301
35152
21587
15880
14544
59504
2394
70661
25568
62910
89280
44407
138
30222
57863
42145
61942
48381
68036
40645
81819
51559
42602
43548
94218
1953
52672
47854
91887
47915
38194
51614
2925
22771
8804
75260
42312
73413
25618
71050
50512
80137
82994
42813
57368
54241
81929
5936
59549
89291
52009
9798
74655
2852
60033
43765
38765
79655
11372
41741
9543
21118
58897
45587
92041
72478
19613
5506
87211
3040
3215
95068
58591
30184
88130
46448
14558
26291
67796
36881
17918
23128
28717
79248
87794
38599
32722
14053
18518
96160
73172
25815
11441
16968
21698
57138
62348
49967
27180
56828
49491
81062
35256
24812
93678
15508
4979
93908
87294
57530
21516
24965
94590
84231
91285
18173
85824
69940
19653
90545
88574
98349
19080
2993
91240
24872
84743
63376
22389
98990
76069
79711
31349
69544
84933
53861
8230
20437
16944
59390
89060
56436
96234
99505
76229
49005
37504
64229
14391
75743
37640
71906
83404
78109
72401
70764
18697
68615
29499
26484
90857
83400
37956
11630
71626
62163
48910
21959
56619
86631
49820
73425
12829
32673
28201
30102
85900
74278
64125
56837
85430
22270
95832
61519
66881
28505
53549
47948
16965
24933
85168
76837
13347
38953
12106
69863
8472
12947
35052
44112
79651
8121
6650
35114
93913
44783
64665
58684
12400
9767
81396
5427
45686
74645
531
91053
59552
88753
80246
2094
3383
7709
70974
27322
64008
79084
83685
32767
92349
50626
41081
81535
93237
17162
47386
88581
98741
9628
13434
4476
85705
62143
6638
8628
5347
779
62598
33265
7557
11872
35108
46929
16577
61739
52628
81970
32306
88158
24877
62820
17382
97969
47835
88148
25872
67104
1041
67032
47145
97262
43158
85124
48505
58425
73234
30647
3144
14543
49001
86099
91623
74266
91045
22066
61347
92509
20518
12382
35004
34581
24095
69338
84830
6284
26475
28964
25774
11518
48059
40298
72614
78463
19165
39674
11154
85206
54181
68290
2528
71713
36696
54592
16964
27031
6677
52614
1958
26530
3704
8226
43479
78104
57395
1564
66613
8966
88420
44876
88903
38094
46000
30730
40977
49422
58890
67597
38945
45181
92599
10456
30278
17701
68460
69584
25926
62852
36182
75611
12548
91874
89811
82313
71027
42096
1812
36566
53293
58141
54569
37451
23340
86520
38792
59444
55642
90603
35822
96654
57479
70340
55915
1684
35222
39334
31988
67836
42339
60323
8980
50630
99449
11109
65536
2764
29279
88352
45656
59868
3871
21642
56968
77921
96045
59558
84754
83525
34042
50429
2973
36033
46153
80484
33682
39251
54551
10724
25757
27324
91365
76797
1230
99753
65680
99316
76183
63565
46621
20326
78869
10744
1863
15306
65181
99269
23843
84613
47921
89487
91867
55026
30447
24235
60990
81141
43540
19950
52233
873
36398
70595
42909
91118
92428
62113
19233
29476
89829
22686
75653
41862
4637
28075
59633
3805
51585
11449
38345
87196
81221
84419
23814
72838
45506
31751
89751
22972
23511
11781
94705
21681
50110
76404
57817
70110
43758
42065
48294
20322
53678
68232
14962
83977
56752
46055
70705
41904
1901
85931
93087
14283
94489
41706
19212
14854
27751
15837
86215
66499
11752
64406
22168
95388
13306
42242
93498
13412
52531
25073
65595
84067
92633
2164
23444
37112
58900
47705
43976
85909
8605
66854
2312
80666
99127
15703
62065
43967
88831
78977
37087
34570
34125
68395
37896
73607
20240
97155
51108
17867
55528
88854
80359
85573
29108
56856
60919
19238
25852
37730
49382
56522
97646
7538
19480
57134
38067
30049
12373
64205
34051
89236
61266
46067
41669
20069
44328
68506
45782
48085
74042
43538
46748
81271
52979
91617
65475
7995
37853
72456
29802
49505
96344
33751
60975
12082
73072
60351
69874
79809
9213
46054
96269
49191
55368
70181
23649
58608
21221
96727
2922
69076
18265
95677
49869
64523
57929
96981
86828
25149
26864
17648
7717
90491
24332
51065
87662
31738
59207
7599
77165
54125
39084
14849
66026
67998
45155
50408
91202
7614
39704
32120
95667
7230
22921
82783
471
12695
13814
66589
51346
85794
56418
37799
4913
87944
71730
77701
96509
51691
2293
95104
31229
1527
91439
97203
27840
60433
2035
14813
10979
22883
39269
520
34200
42643
75538
42155
38683
84418
1327
53392
29564
42432
91749
49484
77371
94558
42463
88176
92342
28997
57803
82529
32249
43440
8643
81244
99381
25216
30564
25402
16928
16874
47217
24511
62024
20965
93611
68135
88127
80947
59748
23523
65385
27177
18705
77109
5274
86265
15173
23000
97046
89023
18084
33367
90841
80561
31044
2324
67485
68764
99391
13480
72696
58542
18501
77515
43078
51004
10030
26780
81121
78559
54975
53587
75077
6013
55477
87484
91109
1376
90957
58151
27264
63895
64309
34632
91322
66518
38646
6856
86536
81087
35074
11787
84797
12833
80393
40922
26225
46282
53807
31618
11804
73773
19519
24013
60905
94363
22127
2466
37277
2762
38824
1385
34670
51931
65265
14129
19414
88055
45676
33099
4629
11095
74088
90075
30769
13529
25097
41709
88969
71094
32260
97733
34214
94100
75016
3321
61033
14973
89625
62126
39974
48810
10627
57020
41856
24460
40426
56147
45830
14077
9566
62703
601
17945
51074
97734
73235
54810
54895
9886
13573
84977
93807
82525
15098
12121
94732
40006
49928
2514
86203
66212
87288
41603
66399
97786
26825
24427
56749
49296
44803
18327
45036
23739
72726
42067
41305
48726
76963
75782
45108
66776
92432
63262
41777
31345
92952
92935
33704
27673
34710
51716
52917
67825
37844
74087
1944
64002
2239
78937
94618
36305
5200
33554
66250
61113
75336
92450
86857
66577
9954
13847
28172
58056
43195
55426
21065
86560
60000
82710
50323
40522
65917
25270
33740
56253
24430
90172
37038
95523
11014
34111
46427
10637
30619
87718
317
81187
11734
89292
14640
65207
78637
18413
90054
31142
42836
45338
2009
86047
78903
38255
91195
16977
70728
86152
54197
43666
76880
63514
4271
67435
5064
73203
20937
69258
10017
67580
98677
96988
81652
95890
54530
1233
25054
49946
12117
354
50486
62396
84050
12828
14629
4672
30069
90324
93893
24809
86321
98808
4191
35252
44208
68680
62405
18458
54741
32314
54391
5992
12094
25187
53888
66817
57213
75079
77307
39932
35826
82260
38075
30201
60477
74010
6322
76944
92392
92184
74518
76652
8608
86638
8902
62202
27634
94987
24692
63643
58810
81393
53198
68528
68478
92936
72011
95261
12281
24792
43934
57157
12168
53512
40226
57046
95889
53605
88399
7450
26039
46727
9312
74538
61947
65999
48645
45582
63957
53702
3954
49145
53438
8195
96983
62878
1743
64084
6337
31814
12956
13737
56311
22369
73283
36645
93169
75005
27591
78052
11201
73710
45569
89957
84495
21514
6304
40015
54262
55336
52366
80009
89874
95092
23494
19841
95102
31560
84691
58825
73561
21210
3780
32956
73855
81165
38606
85870
94123
77324
2530
35089
39
23285
51807
68455
95170
83105
58815
92449
17199
50101
13444
14424
69470
56521
50410
2816
40066
19871
41268
64349
23448
21533
74454
18005
49064
21292
36081
94544
75275
63386
21321
97294
20235
48383
54265
62049
61935
63444
98305
52051
4694
41210
41178
62964
93948
75665
41388
67509
51844
46359
27065
73361
68963
81441
84494
80390
10416
62058
13841
23006
55977
46705
50182
24939
87555
52613
47117
8199
11005
90417
62067
85447
50291
84690
16725
25649
99097
26750
96795
22823
48990
50777
78667
16294
6739
65315
1992
1847
25728
85162
32270
77617
15536
14832
65488
36441
77792
42823
75521
49079
9697
5863
31678
28230
36348
77248
69143
22444
91349
72818
12474
71431
48528
73338
60249
18176
59580
33980
88479
34761
98173
25361
24444
7594
70603
52148
52344
43695
84810
82666
91196
20404
16666
20645
75263
26549
536
86521
22828
3341
45293
63829
84729
59370
6450
92676
12083
30208
39291
43433
10034
756
52709
96766
88805
52355
74326
92443
30461
56722
39702
14648
17855
20072
75590
5324
231
33312
8655
65543
79312
26182
23919
38942
28060
95282
63225
60069
205
44575
17633
20498
60673
47046
30430
30846
33366
59428
13309
5336
41798
54604
70804
82572
59392
81945
75392
14819
23070
233
12954
1827
48182
82580
27042
99948
79695
62625
34782
23823
50619
76578
52880
63763
8140
94879
83138
67627
29953
91870
90302
34263
10132
55268
57677
90281
3387
3697
84111
39132
3466
37930
83321
16249
61228
14482
23233
79702
47188
93064
22269
81309
85503
85258
24538
80010
63921
38977
21434
39407
8094
40114
29698
13085
87948
6183
11256
53328
76648
94852
28632
65509
21985
10332
53084
51003
66374
7277
8997
72581
85560
66551
61816
89252
26912
10362
54469
43285
32769
72287
48585
95433
32161
36550
74361
33874
96948
89017
58764
90193
25156
69069
66927
94734
79871
53800
13928
32215
63685
57767
68093
44974
20560
11241
30221
74475
42532
71833
73020
14029
39633
78177
63510
22017
4399
40653
4865
42318
55424
19166
15314
99592
91765
38044
71910
62391
61530
34800
2948
97243
65619
58196
49701
23170
71800
76785
13802
81790
49621
75748
29644
94031
34982
48641
66429
36490
61107
13954
67310
32110
74439
91775
75518
2871
798
85831
79601
46486
82357
85861
8465
50018
59590
41329
40255
13104
75603
19262
66434
97336
31534
64688
2018
6472
37081
19778
29727
87367
97603
62216
85361
74882
97332
16152
69774
78502
81879
53750
71633
3726
35418
71541
76784
52982
95077
58558
87147
70608
88859
71261
29474
86876
13203
31355
639
41789
85281
61723
92823
77754
1093
8788
56353
68247
58234
39018
67838
34021
51168
56713
69657
64772
90628
49778
80686
31940
28383
51407
22317
1736
29694
70488
22315
35001
82562
30662
24610
1617
15693
15164
19914
93132
32661
15844
26636
24837
62063
29620
27105
5478
72021
44988
80384
6569
56719
39709
36552
31072
95214
7661
80850
55863
98955
82202
5800
38437
66709
30344
55736
73708
9568
16247
38281
7035
33394
5494
26669
48325
93956
7069
83671
47782
34663
29730
87180
35765
63085
18187
61277
54034
35927
68221
50855
70398
79704
8463
55821
31978
56515
67807
3551
1350
60267
18543
11570
78762
74910
9284
95979
13966
9357
75305
80542
34238
45324
9626
57579
88207
51977
51137
93935
27257
82986
120
99361
11464
77078
5285
29278
47659
51412
68274
89613
15468
96333
52748
26584
82850
17235
53020
15878
37618
44730
66610
21920
1478
37687
38344
10084
52958
74243
73418
45211
95474
17064
91952
64147
71029
41233
8210
50556
42056
67918
4143
95130
20187
50437
39358
5164
24771
38874
77784
99105
9330
69533
37301
72859
37812
43644
26694
80714
33095
2864
7447
72533
91768
16835
2351
50485
12098
82128
39746
74032
59162
9136
90861
28934
91418
10825
2445
51847
69124
90120
23162
98567
46892
82344
36781
4201
12459
11096
24717
38726
90849
82368
31211
85978
77862
34605
8130
42042
75013
21326
18003
1666
88897
14664
88471
72087
2675
60220
20867
32669
29461
95100
75199
28490
14521
69464
1483
1508
27512
41599
37595
5754
83703
72704
71392
90550
85145
36475
13407
54247
22186
11800
80755
98397
55989
1025
59417
77741
72839
40264
94367
34813
92968
92753
82894
58083
14030
69954
17651
50776
24285
17572
78428
15114
45745
42613
35504
78548
39490
94464
50415
79127
2314
99149
11122
99288
85981
65771
64221
25204
98810
55339
46658
21381
74083
59722
65895
75322
35168
70826
36879
59609
9930
53336
12394
50012
53673
12514
88001
75711
91657
16921
32001
86481
76834
26661
11076
24272
54316
5629
44361
3608
61933
54675
86449
711
97875
80172
75834
32714
63688
85133
94695
59743
31084
15544
81732
67117
80444
92128
81119
64645
89604
4546
83288
53802
91008
28942
22479
46944
98916
46188
39882
47323
40521
81827
79908
80476
81342
6442
53828
40018
16925
57013
66744
15501
32190
35731
94963
49632
69191
160
79581
44251
78156
61928
36659
91838
85564
22655
44295
51901
57328
24101
86415
52541
66182
1854
15223
72665
40543
62229
22687
99563
413
18675
17842
56081
34290
65967
45609
27380
53793
10677
86675
7765
65004
71369
67105
31435
22347
87665
92390
72742
11400
45934
1173
52244
57539
39027
87917
73591
70667
25837
26882
41079
11563
25555
49555
20886
16145
84692
91687
90115
54790
1509
32138
5143
91114
12510
45009
13612
38975
29974
13543
64488
38325
4741
49673
11896
94762
93661
40237
40845
87086
83919
96441
34436
47321
51215
58195
95873
39855
90145
70910
40122
22954
79688
27005
57911
60191
47686
57342
96576
9001
63753
99172
95689
84721
51124
14094
57421
56959
25038
62114
89055
66485
57847
45872
26031
81345
32129
86484
93410
9192
7687
27818
43539
12263
39454
64073
52931
18170
25614
63176
18536
98888
68723
16347
85432
18982
98712
30608
54598
66585
41509
33388
23397
8845
57475
23635
74676
27688
1047
98778
44681
10116
75992
30075
90131
28000
33144
93683
72649
42762
87875
64798
54059
80615
65184
39959
48911
37992
8459
62813
6064
5126
91728
70286
94520
20690
45321
50984
8494
45755
25954
78731
63556
46901
5260
29490
71659
88242
78427
53016
10311
8837
68563
38275
48213
51161
19553
16235
63250
99909
34003
62576
38703
11925
91323
95536
25089
86396
67254
51313
68967
2024
61180
28513
76941
35483
36310
68780
57259
53682
7565
68725
4019
77362
89573
5500
70886
73264
36469
691
76646
48430
17775
81325
24757
42333
88711
95456
62230
18861
64269
24062
86163
51970
32176
42059
23151
44874
58536
41633
12432
39386
3044
42089
43775
79086
81761
44472
5050
91557
73836
71897
30496
96124
72777
35879
99999
20076
96030
8460
10483
69095
8080
12789
49448
81411
86126
59433
9727
44868
24733
31294
73827
52072
5524
86551
46189
86229
22927
52321
70021
16592
98058
2729
85295
51081
8661
95155
80886
15071
19544
14894
16386
78489
6902
95166
60699
39306
99974
98490
94166
25638
9458
82732
98248
56796
22912
51583
22296
91338
87078
44299
844
60540
25784
22928
37685
21457
54454
60723
80037
25358
79423
51551
67060
83317
11394
5009
43483
67576
19907
69253
74729
84919
29605
38877
36754
36724
24110
71953
1154
23319
528
28262
15990
45989
87150
11011
37416
10035
99975
40685
48366
53771
21432
5320
24758
95866
49030
76349
62622
25478
86189
36067
18506
76729
23363
92762
11727
88128
58257
17530
67733
44093
95074
46166
13183
53690
24333
45063
97469
3873
27715
39593
63819
32238
12461
59343
30086
77854
24883
57418
9257
35086
97029
81754
23465
48637
90739
58238
96750
20477
96019
63785
71220
83179
67224
69230
68930
90815
31242
67887
90305
48345
20024
68961
18690
2129
59056
2713
85780
84245
64678
6840
30955
17402
41799
1101
54504
50559
54955
28882
16779
8156
82542
89340
69822
14561
80631
37499
44534
33561
57543
35122
93341
13990
58484
35219
8010
46714
96860
27853
89373
77948
72469
36631
98563
30640
52966
11209
71872
20917
15689
16973
39104
49950
64493
20644
79355
79616
15739
34550
15391
68244
47113
17047
34928
85289
29141
72773
68194
61944
91398
41440
48856
40038
14802
76258
43493
77459
92179
22290
87207
25747
69639
4819
81922
51229
54468
39987
13943
98309
90056
96754
80876
57152
40362
41289
74294
4499
63094
63994
28420
46429
92982
76285
33477
97554
25234
43378
15627
39901
16144
25327
69761
5368
19663
18445
5878
37624
87684
27734
91742
67172
96572
477
21422
95150
88499
83740
3025
17275
54175
64599
88195
6282
16538
82416
56331
36193
99953
40808
72197
50837
71628
89709
84002
46763
76294
89151
89721
91865
4127
94867
20709
50218
69137
26404
14818
15462
90651
39051
31537
14262
19436
27707
84023
87254
76355
70981
20788
88446
86810
40534
42414
51808
38350
54868
58936
77561
43059
63833
62423
2392
27746
79299
26209
97665
49389
70489
10665
34595
10174
16244
44779
42162
97478
24440
31112
63210
42125
75418
69975
49715
54788
30515
25151
45620
79269
61581
28600
26902
80273
37918
7383
38895
30040
77018
57891
63518
15785
40105
57490
78210
20455
65380
39311
48139
84248
64736
64289
95387
15962
21230
99957
39260
76307
80203
75723
13553
63377
1929
68242
33671
3236
74432
91227
76132
68069
23201
71826
53798
28586
47193
48833
71040
64823
73500
19790
43984
82527
25133
67640
39045
89378
21723
39722
13506
2034
68778
25434
40760
47299
18254
47129
17088
64682
39155
34833
18676
6206
30156
8528
45180
20353
4283
93800
77452
9830
13989
61465
59486
77275
42567
71333
53380
35525
24760
68641
76060
51958
3342
75746
42200
39313
45282
5843
82319
5897
15072
11336
46364
25291
36139
90160
41083
66054
508
64417
84039
66679
18428
6164
551
9837
85488
6493
16466
77893
98175
41751
12801
1661
43243
56182
72297
806
31225
36740
5230
64226
67322
20734
94631
33271
87185
65518
9557
86388
51243
66873
46968
25150
12057
91555
15960
33175
58182
88121
13442
4274
44447
55192
85255
33022
53417
46711
40686
47122
49342
24381
92170
78258
91263
38231
36620
69714
86438
33076
82226
89736
42405
74683
17311
43343
42739
28365
91975
55077
65785
5743
3669
77344
44528
45718
34924
98950
87414
14514
35564
12872
74317
81909
78505
75120
51860
33142
7262
72312
23002
88548
27
61453
39466
4706
25061
14497
95142
30706
27139
57150
57838
86736
54093
32833
60878
94065
28148
67920
76449
97743
33340
82886
82817
72122
67429
52322
24274
57690
61835
97400
33570
46520
52847
12352
89128
74015
77049
75411
6370
58071
63985
74659
5498
7539
63755
78884
34078
45573
88599
50577
81691
73593
78132
30434
58840
70092
74929
14639
4389
51121
22619
76805
80594
74297
73907
41062
84836
6409
42137
91573
32487
3353
79228
23191
75448
75877
60712
60441
78243
40854
29114
69055
95644
98807
41980
81315
6204
23417
34543
40366
69372
96820
96570
33151
34931
9958
50650
95883
17709
732
30123
5776
91800
68754
46632
99867
46992
96520
68041
83874
40217
34725
32367
98570
57132
90445
16202
3283
25805
82284
24783
86934
24117
7879
41166
48913
83412
85243
81588
35399
23136
91383
49722
74303
75351
44066
50836
77122
20971
15835
80434
68318
85874
86138
11596
56126
72278
70352
71264
79828
55904
8443
22539
29917
95132
78464
41115
67080
30597
8688
75832
85521
66708
34986
7162
9021
91704
84125
34161
61815
27075
76171
27629
85213
92559
96147
29125
37875
4085
40812
27971
880
53513
31416
10926
32357
97250
99887
5572
21586
83521
1245
97985
72786
34152
29665
83134
84500
92930
16255
47249
61860
10966
67347
7443
14627
68288
54884
89863
30704
11017
12027
71616
94260
30369
40148
50347
80291
23939
79855
79557
33949
46092
44105
146
83349
7178
17690
1477
27084
45297
34613
94657
64677
14088
91355
61857
51082
10209
94322
67538
18051
55247
74748
85584
67714
18111
25186
18848
24631
61688
82624
25915
22268
19162
90509
34141
22872
59146
91075
75234
8488
61077
86450
24492
52825
13330
88498
72876
88058
48778
36902
24493
64712
59759
16291
92917
72654
44375
57703
68418
6907
42371
83483
32107
96923
52715
19056
65661
70055
35604
29246
70104
78594
12585
86224
12681
25780
31907
97653
52792
40385
26014
1363
94236
79321
28692
38190
53419
21247
46810
69854
16327
67514
55614
54100
15766
78904
17442
87275
94884
43817
55792
67740
30303
43627
9210
9409
53810
43019
93649
49245
98633
65455
98121
61882
53105
98044
85858
28231
96352
1504
99928
57476
80469
65501
99093
24915
65566
69259
13803
845
92262
50500
30239
7288
1387
12506
91268
16283
68630
58794
37577
10038
55040
22697
61966
6076
19728
11237
53331
80532
16085
86633
93171
29723
45308
79193
69524
39628
66961
54288
99458
46368
33335
12773
43624
51170
45203
39715
45058
11351
25413
98562
95759
27073
15847
50617
36425
36673
37754
82578
58680
54184
29956
23227
79252
21869
7091
48814
51317
10671
38301
33219
37003
45964
97384
14498
7246
22425
83601
63432
76074
89899
24773
91127
35962
3032
17107
5248
20397
49155
49165
77518
86217
94368
86371
70359
38040
82065
44298
79154
16878
73050
36785
55403
18830
44027
25264
26131
66626
63486
75887
68947
61712
54238
37914
1105
535
90004
78423
69329
85034
71874
7268
17108
68533
84251
99091
82556
4919
37798
34187
83090
58183
55348
94094
66741
35988
99372
90680
66685
75102
7180
32088
1377
70753
54353
94678
77672
96249
60225
429
25912
39604
99245
7044
54207
88404
57813
6113
37800
13690
72194
72133
33297
58246
24617
48782
67927
13156
98728
52521
45777
21268
94765
75950
44096
45115
82688
10298
74148
204
27520
31515
90428
11170
32024
42099
2846
60038
9022
83123
48367
1916
51534
38296
27039
11091
33569
63295
21887
48411
84561
42672
34091
77596
74907
83533
35507
99438
70786
95176
69502
35456
56019
69202
31958
98917
86493
83333
31623
37164
85853
37318
50954
2292
11652
69099
32863
5288
56328
9677
22027
66988
69284
58267
43421
65320
65302
54136
30814
8650
19030
31793
50823
84490
10164
92252
60053
30125
37567
26096
95156
55796
41589
59830
42
38990
71015
74848
32625
11120
15205
58788
74519
97720
88086
64380
95047
55864
52823
92363
52842
83858
55402
16746
68601
49436
13262
90634
5163
10365
74214
54044
30079
38313
86141
89836
25531
7123
53201
82310
41292
37691
81936
6825
80266
59497
13692
64090
99842
16292
95416
94949
38650
61260
29887
2381
54204
88913
5017
79343
26720
63469
27122
62835
56896
25473
95520
10508
99324
56112
93648
87511
34073
17859
52101
66963
61362
1752
60545
25066
79265
31098
5551
32658
95039
46762
88679
72822
10855
57356
82978
4760
51843
9911
52358
44195
45828
36883
86508
41386
92313
48858
75180
38122
5892
17883
70660
16950
22715
34468
64696
19267
14668
64434
98655
60219
24414
23373
41889
11537
49697
74137
19726
97629
88646
74795
48340
37340
75414
76818
74348
89130
96327
55569
34633
31212
48867
54250
48973
96686
85339
82675
16593
51733
50901
8865
27690
28478
4689
27418
51791
76895
51022
29067
17058
68838
42457
43276
13418
35162
55010
47435
11027
27594
4029
63715
32254
33141
73621
32204
51886
21775
56185
61120
55490
45089
95875
98360
29497
78338
83371
10310
95799
26004
56145
20367
37356
65140
1794
58061
52495
21256
48295
47100
7374
64227
97292
8307
84506
37818
77693
48055
92751
76964
22797
14274
85753
81479
64943
42012
94542
45013
88414
52727
52228
7796
94143
85386
71939
21031
31581
86823
60075
90966
70911
12593
72494
26402
7093
93059
88453
14027
37082
66185
2247
62014
31879
68087
50590
99863
69411
46405
22646
19569
6378
2683
12666
44265
43054
21169
421
95498
2934
11085
15827
39917
7349
60870
64071
72053
8002
15219
32281
21883
67301
89901
88909
46839
61733
9634
8634
38708
92250
70503
73144
17450
84244
87678
84835
67787
53218
11990
16436
15959
2156
18882
70108
34803
18424
74359
11783
67195
47228
96977
38787
91088
56405
53511
80746
55868
29557
8105
50128
71577
26421
63490
59907
47011
76353
1636
19581
92836
52198
28303
95599
44608
1524
79059
66351
35109
6942
36559
40354
31519
41546
82470
85696
81095
19409
91085
13093
93429
17513
17028
78494
36931
81253
18701
74193
50716
32015
89149
83030
19863
50853
8758
52834
74829
95532
21754
85363
60856
66090
5969
53767
99345
43810
91678
5641
53329
27277
62721
64832
28417
94269
64168
21311
48619
61528
94345
32305
54253
11498
97366
80372
60214
95372
53322
69804
39555
71005
87970
63123
75618
90889
42419
37474
79463
67346
76067
26974
86087
71877
99736
39712
75349
76891
25081
92437
64869
33267
3054
38269
26381
8357
75779
40478
29434
29518
2379
44585
93859
1681
23046
35680
10322
86772
78252
29253
13923
543
14569
27691
5282
78805
55525
71287
32676
25239
35203
91983
45860
13733
70633
65588
23121
47859
72667
69144
4199
14873
34955
30007
44491
81597
28514
22035
35318
63089
49093
75346
42007
61293
12922
30680
55911
13414
27913
69370
27112
37241
83599
31191
90125
44397
27483
85139
98049
10623
98960
4164
99758
51604
2011
31598
12356
65470
3107
76697
74276
89834
3000
52754
87648
49604
44613
49814
33089
79273
95167
15607
40631
64850
92920
95431
79277
40077
62166
38013
579
93016
44193
43816
46536
34182
5460
75068
28608
64548
58685
81869
64612
39783
27976
48102
91037
56157
75087
98767
33071
86578
30613
28675
30280
60383
41131
96810
68346
58907
96888
55955
45836
96712
33277
35771
14508
56803
96969
50065
83196
2360
29082
90512
56307
53600
42452
55045
78619
90877
30119
17994
8942
73769
96622
3307
61029
54699
7884
47461
35577
10324
55032
38023
49244
34381
7005
63430
35544
93626
84342
39112
4869
23387
48618
24067
49458
26260
74566
6676
92621
54066
38724
40700
50827
58727
52176
47871
19934
92517
90762
93587
59150
71660
4567
6580
15727
10814
14045
32656
74582
31244
85735
22232
33915
3194
29524
45393
50443
85134
11532
84204
26331
59423
85
38728
85731
33114
43702
80800
42827
14297
17991
27536
76862
93310
14760
58568
11993
29041
33468
68542
49927
54459
23315
59923
91744
92308
6871
2827
14752
50968
35242
94281
68195
64762
62816
33564
67963
7810
68445
94674
95322
63594
81650
81447
45545
48567
5679
40761
42252
10773
8868
66838
27427
71514
5096
72682
69930
77291
48773
76552
64201
40954
52856
48850
99169
14879
18431
26090
28501
39389
63872
31273
41734
62011
606
38958
53562
29138
18870
25110
74937
89179
79466
1990
20719
74816
91371
75438
53729
19412
20669
19962
77465
26245
86066
13378
42144
36358
31267
3250
62277
96848
45191
24805
93663
8345
48470
28844
53686
70730
50760
1828
2856
88189
39278
4725
69688
38203
43633
24104
13425
3849
27526
39697
401
79467
12812
53050
50467
78758
59416
45212
96429
68578
74232
80117
77740
94862
15821
21108
66701
97676
16425
45358
85089
27291
6766
94923
76156
94842
89485
38035
7770
2887
47617
57723
10317
23757
73818
23320
28558
17983
47759
98608
56720
83539
96770
71487
32034
61397
95161
42225
12707
89674
35492
11104
93768
60862
45630
20351
2657
44418
9542
89867
90499
77875
26797
95023
35964
29758
2054
68013
66062
25159
91598
52969
13977
66207
55682
13075
10584
71268
8132
13613
84854
4225
86361
80038
50613
84100
64834
7051
4552
36265
21193
31192
51816
63018
20127
9415
97314
49619
36334
82493
5014
7482
18579
24657
86090
38415
92523
82963
10976
66799
55594
84217
62514
71976
78000
98816
93928
30808
24132
98699
55927
7624
8223
80652
37958
1400
23143
78742
51500
59513
23037
78152
2967
27448
38421
22587
73454
12211
61616
54143
9818
58220
79499
95002
48435
14982
8286
75621
45114
24341
51560
48306
1987
77193
88456
48628
49995
38504
60569
31835
78149
90984
1606
79896
71481
5353
57851
67383
75132
26380
74026
78733
51425
88569
36379
20090
18245
97435
81343
20061
27170
64825
60703
6627
72890
32686
93300
95533
90890
89111
75891
12737
49818
51629
33812
36408
56634
42957
5301
48219
22915
27317
59269
89146
99775
96162
76133
58034
94778
61440
9610
49075
44453
20803
51030
41454
93122
75212
88388
6125
321
75446
24874
85312
41392
71501
23777
47357
23499
19560
58084
21343
15137
14716
49380
8798
66171
82161
73386
24153
29849
76405
1318
88170
68892
64170
89883
99272
84241
75343
23589
75667
10082
57211
30449
80602
98725
51213
7099
94454
40661
11226
25368
26414
95787
80624
17354
23568
93715
89522
75586
60205
36214
38398
46574
93776
61419
51794
28481
9963
33232
16980
34545
53722
16823
68098
27742
76030
40123
10600
11031
17429
63152
92408
67233
1379
49579
92501
82843
24596
26315
11377
72900
23890
21913
34343
20479
14057
30330
54844
74427
29794
8095
51020
67364
62844
91970
3042
46422
95257
45864
64233
48825
5550
8998
75283
75114
18668
71509
51459
62990
36642
31130
97816
39924
31035
51766
46483
74762
36831
53446
14392
51157
54273
84583
64975
75543
1694
50099
19852
41997
86054
65449
74933
57185
46962
2494
95308
63361
93634
44561
57747
22432
80620
98267
91057
23534
71692
80420
47270
93172
47263
2329
10597
78827
89904
34894
22785
47737
73678
88883
72869
83752
7469
94201
87830
95479
12207
31208
26323
12802
73288
31844
55296
43464
91187
9985
10472
35270
81308
86211
70656
89051
35044
59236
89212
67120
56925
28915
77625
64241
96035
14323
34679
27567
99950
70987
23313
29645
90922
65131
67719
58673
60510
16365
65006
17000
53880
18911
92354
18372
86219
67236
25798
72513
95472
41727
85617
65267
47944
22405
96677
80975
29105
35880
53781
69915
32565
14582
40584
71347
8041
42975
65211
44693
15186
1224
68500
68852
21743
79246
75977
58631
45910
20627
81224
10189
30953
55734
31311
38931
79864
86414
77744
55139
39819
30958
55531
57917
69899
8709
15087
90220
52166
63451
19700
26321
49020
41766
92222
3084
41462
96014
28713
55016
23369
39653
55012
3516
34450
88099
74850
38390
13903
48698
39892
15564
33135
11110
85274
64441
39970
98903
18990
13499
57243
11544
79067
48993
25367
3045
81527
9497
97504
65641
59103
76054
28068
32745
76528
63591
37183
39817
24647
7203
4167
87761
50795
36179
47201
24280
84274
92899
663
14981
56852
13949
69512
71820
82174
93000
13517
26458
51456
75471
56411
56531
70949
19317
20390
43435
62683
78907
81685
58199
47657
85077
19072
86426
4105
67158
35599
58981
68481
65998
46136
60451
3112
64927
26078
11066
94815
55218
39439
64169
73133
42966
842
58848
65836
58768
17231
67499
81281
83293
2032
90154
98861
66680
59762
10669
9353
3562
99183
44135
22649
41196
23767
25409
79470
81021
36630
77836
76032
40835
56476
29363
67406
75274
78361
32506
22973
19476
25042
45604
48364
85482
50844
32568
64384
30938
49702
9112
7440
17584
10102
14613
49240
80554
95128
46659
46722
16278
52864
28835
71238
51356
88016
97612
74752
391
35277
80186
88346
41418
83187
51487
8249
88522
2
61906
12598
69455
79741
34523
10962
68240
91961
14841
51064
29074
38954
17159
64955
76306
71427
65961
23294
37924
34547
2518
59568
14833
75407
67990
49164
54755
78179
18584
37311
74477
84696
31719
44749
44655
15696
6510
17319
18422
76633
63683
71809
72601
59020
21946
58841
43490
15456
13894
19399
79218
32609
66630
8885
62456
98598
55334
80090
47159
24465
13760
43094
40404
3894
80254
75561
84429
59287
47767
37157
16840
2682
39931
39137
9255
84464
53035
39072
98200
4190
36420
54330
8344
21346
62644
15626
87421
84547
37196
65939
99526
91308
46039
66570
45786
33343
54053
99251
42784
42086
35403
57265
26019
68597
86863
55113
11600
95891
29223
72718
54953
90073
71667
84189
73532
99556
68302
3478
7326
12531
45507
17218
69164
78066
93406
75166
3621
58338
16807
92678
26108
79288
74150
11265
36162
45444
33196
17566
93465
60716
4944
39733
69750
79068
28033
29134
41127
88608
23152
93621
89489
85457
20939
9130
70182
57924
53256
53196
84397
65430
60480
74401
12523
9456
56517
33885
44252
54505
83739
7753
64892
16127
83363
15105
45538
16171
89697
77842
47663
28611
10210
52124
71778
37135
76915
26705
77256
87268
96693
58987
22285
64607
89328
49081
11214
91094
48995
79641
13095
5283
4674
91926
61327
6912
50051
51149
74978
46744
16759
98524
96088
71798
52303
1945
94058
44089
20184
66199
90829
43860
99637
40161
45438
50008
39948
3308
64878
84424
94602
95265
77045
82479
85787
30283
47196
78219
90713
78198
60233
89629
50601
64287
46882
94409
44554
78089
23451
56207
3296
56209
33954
71975
48600
61743
58488
9204
60055
69782
4537
63323
29961
92174
846
43088
42922
13305
54723
61754
47029
20245
99108
99437
57559
72097
70909
23552
2144
51637
64580
62891
58004
48972
71655
56051
5746
75230
13314
70846
17807
11968
50056
85746
85932
97055
93420
87027
71572
35588
52030
47473
60831
62554
16051
13392
85332
36571
21825
66887
13890
81014
68866
17061
53334
52626
91194
60139
2280
29980
15092
53402
92307
17134
97555
53421
27534
83825
87841
29835
48928
3193
41788
22179
40634
65168
17
61294
44040
77564
64969
95362
85413
41157
95317
55607
68880
81356
82857
24937
672
13705
58025
60407
46593
15068
92914
46163
32076
10414
37283
10858
99089
59753
32712
10461
26544
63842
2984
17100
9795
67356
96648
94594
62635
2419
32148
22343
47804
58769
83492
9776
5651
24224
44672
34276
70088
6846
76758
92534
87509
79401
39099
32665
56313
69612
58528
80788
86623
7395
3293
85602
12403
69934
10478
8268
58839
44670
70612
87913
764
35573
85385
8841
68272
69118
40424
1298
56587
88868
83642
57398
20663
1735
10229
21974
87200
86410
86720
55366
37831
67253
33775
10842
57275
82912
70257
23610
42863
91842
51781
77488
37245
15229
1693
54398
59889
63043
91074
66125
1501
4940
58555
77461
90600
2335
80224
83271
69616
530
65142
31023
14251
46884
31155
87957
60022
80794
8496
25966
97431
93662
99265
21515
10201
13177
60816
67808
57534
85929
96303
51337
191
52481
28466
59064
96555
67475
41606
98749
89177
89401
54315
32218
51347
28911
49455
56140
6331
414
5449
65423
1239
33611
64109
6855
28723
15147
25251
21810
12449
95777
32523
87344
2739
27200
8036
43916
19757
73391
1936
82163
78562
86333
882
48723
16877
51707
89796
50509
40009
56824
10400
95505
43498
52489
90544
61956
58095
89740
88997
44771
61025
88032
97766
80064
39208
22003
93775
74040
41161
82514
87424
68752
74122
9683
99695
25722
4920
92730
21116
23001
16432
23356
63849
53832
11008
19019
24025
82354
85380
72158
87888
32904
93755
47939
24249
38008
4452
62278
4646
49305
80080
43523
67136
11508
86384
69858
2617
74508
856
53220
94679
80786
32052
2891
21747
63653
90451
93491
30436
10048
98866
99246
85836
47314
93114
52222
68708
32690
73995
70920
83728
47723
13485
87575
4337
75402
37287
747
92681
98496
51325
40192
79033
33035
10437
5254
26398
37965
3217
50528
27115
36178
47826
90533
43081
58937
68305
99342
14110
47297
92954
23321
79187
81108
80464
67663
84169
19029
48100
51033
76767
12718
87573
77898
53757
34119
60150
14868
51070
15710
44214
65116
59225
15594
9630
34625
4351
66109
19111
62109
64196
36824
94150
78159
68847
15025
43535
96617
56152
73695
71103
89434
10929
73942
29826
36901
41205
42788
89822
46743
81743
41732
79475
1672
1955
57683
53730
52766
24126
20682
38930
5016
34673
33629
51413
38318
13752
17717
68808
61647
64753
15877
20055
22865
59603
69619
55908
72365
59569
71981
90209
20779
67938
64356
44412
46241
31305
97186
73233
34844
39995
28301
36835
3286
3817
22121
92610
91050
87506
99407
35645
31558
63566
46959
26053
66476
64985
48003
13882
41355
96185
71709
60575
736
85398
99497
50069
85175
61804
21187
73054
70860
2198
74853
60230
20381
22922
19506
18231
77707
44506
69320
76583
20873
98817
86690
89419
42015
90375
69129
32443
9703
10583
51740
92852
88951
69231
71090
77040
77647
37449
24240
90641
86038
5522
58049
29940
37591
64072
70908
3252
154
9064
25544
25032
73545
11924
24540
89345
52922
57574
30464
35790
65594
77176
38841
52555
20044
34440
90652
77038
22766
44028
39861
19883
69922
73559
42478
65769
24713
64499
7220
90758
73651
13730
56926
19780
23178
67562
53125
64443
66237
86993
73953
15515
98228
74499
46981
45613
72858
75678
21035
5996
53918
80051
71376
994
8949
25683
63767
85784
64950
7125
15453
36362
47709
72154
92225
32969
36485
68512
50664
58093
94246
34204
54079
13120
58047
39603
92239
95571
52167
34733
95773
21487
60970
57873
67359
9008
7827
75757
69159
25736
72618
32912
39209
72208
58750
75637
2778
90062
41117
84058
3509
33459
40752
33489
43654
7350
99267
47213
77054
25738
68480
63619
45999
71176
28533
35195
27029
983
60238
5434
64512
42669
90944
76209
32133
52574
859
50951
54926
80391
20620
72356
82404
85485
81230
15344
23991
55992
7643
71933
15933
18368
15888
40493
35038
91944
31640
69743
30416
37822
80360
79013
70292
79989
24559
89853
17613
90474
23100
85270
98115
44938
15184
76413
99133
27298
36532
94106
92595
58456
90649
82097
58600
2063
19320
72462
50928
21824
4947
11026
56773
71011
10318
15723
48061
22547
33456
92801
26550
23562
58218
91426
22159
34366
73068
27020
33677
72236
85553
95230
95510
14472
85920
83953
84180
66019
72160
63143
3363
75550
20407
94439
75228
72865
12479
20264
74761
89611
84918
38439
30735
7348
86112
41782
95601
80531
81777
26926
66955
12258
29536
75708
38121
13970
72104
73206
54542
10205
76682
81326
43288
18280
36428
22218
29120
60488
57319
84594
90064
5876
57715
48241
66558
75010
30309
93479
71997
78045
15833
81150
54000
34105
66946
21567
31708
60667
1482
99041
4801
63668
13731
41203
15828
4544
86483
99846
12747
41495
75209
84602
5886
80940
24155
79473
11994
54374
2140
35509
96010
21595
51725
89379
90031
2470
10659
71560
18021
44142
21359
98355
40177
44047
32569
56710
59589
19610
80968
79905
68367
48041
63730
9701
70208
82696
12866
83396
92161
3982
77230
97704
54354
985
91582
25117
60994
5887
34151
57234
65086
72131
33810
68146
57575
41032
695
86879
48048
8786
58837
24544
85941
85050
78770
45363
58175
18590
96743
67543
55091
85843
58898
26645
3089
62247
54344
12229
44382
17587
95684
3232
19046
81146
19658
7239
75960
66311
90349
43997
58908
3486
56700
76807
27573
97395
79313
78973
30884
31387
2836
73165
19158
33324
20568
25565
8004
94922
67646
22562
80664
84258
5257
66278
27133
74732
19708
39187
40799
31011
59484
73765
82222
56162
61510
51711
43809
29300
21687
45821
56246
75011
1558
27076
35984
26836
7693
87281
9770
13795
75632
15660
62350
8652
38496
27057
37015
86084
88640
81992
27923
83818
41618
69107
17745
72819
52149
57186
6978
54937
38539
46490
62442
96004
70842
73852
86912
38215
54841
11708
9132
81794
48906
29568
28464
34266
63669
84147
41362
72584
29688
58772
33259
41530
87129
41059
36228
22746
47836
87564
19218
57502
22709
7570
23192
39232
21795
97172
57961
95658
82409
92471
17472
20950
27008
85201
40383
75202
51662
16257
61230
46145
29958
92555
73100
54982
30549
58670
72953
67492
97038
32299
30540
51779
58363
37976
72402
90879
6422
40514
33064
7531
55646
40883
43678
79551
42313
46298
81637
10740
13700
10546
44355
19654
60402
54007
85583
24961
9803
59726
13469
39957
61171
46878
26615
45895
80344
41130
46856
31314
99652
94906
7898
47079
11117
96709
30759
4787
87407
33635
89568
48685
5990
9867
29936
32297
59572
67671
11610
68071
70518
81648
95048
33284
64242
84795
45500
47198
61380
79763
19807
67862
31415
15049
86159
76166
11594
83891
36123
39288
10820
85245
51620
3385
30058
57023
83132
82095
24494
12245
72398
85239
29745
97157
5117
36627
39324
87857
74074
48369
62437
71403
39921
19236
50472
1378
67864
86374
20034
73058
85745
35148
90888
63804
98635
66790
49014
96662
51717
96671
27162
88325
56288
21549
242
8537
79289
20485
93455
86897
87452
74352
61097
29990
94486
30950
17760
96339
96997
16500
4162
37657
65459
14671
21494
23334
88945
33216
6104
22862
430
75200
15192
80298
54483
4668
60525
69625
47411
98122
6957
99202
70687
46688
44987
19718
94348
67608
92691
68662
5517
14658
42043
94419
98125
27582
60401
95378
60825
30684
13684
42138
38853
95305
3846
8252
80934
11548
69045
74364
51101
75096
99818
53052
85209
21547
22216
67396
14490
61824
41739
61600
74065
78305
66711
59379
67287
16920
45033
92782
63814
50151
49886
58166
89706
29777
17561
89266
88700
36320
53141
62213
26506
35140
70702
37048
37328
27227
52587
69921
95524
21947
66440
68576
27698
2184
16548
84209
13401
85096
68554
42332
33337
58156
26219
51643
28025
8581
61017
17082
54871
57001
15273
78094
4120
22918
71836
44323
48200
25021
10883
21283
50286
13276
6028
25258
81619
91894
72921
37741
52944
87270
15804
45228
38378
95517
72871
8682
17078
60535
21181
86608
78602
66273
93550
75081
69325
80684
82766
64931
70878
88006
62242
73003
22541
46345
11606
90904
38226
20742
49676
63318
88645
52654
7114
99493
41656
72188
1700
64346
28666
29080
57792
38769
78578
79336
66204
83147
40513
28165
17116
1208
97118
20699
82407
68384
4413
28367
18363
5100
45749
74389
30336
83645
76242
42454
23788
30112
24936
24182
76588
57940
59276
18532
24953
11332
36855
5220
67302
86613
45094
12360
88803
11146
56833
75662
45122
93124
53064
53056
35625
66464
45460
40468
38272
86522
96291
20499
49544
61761
57198
75329
80183
95676
9508
58800
19660
71562
30048
5309
19464
33424
29025
45386
69690
29240
6819
52418
32861
79746
25678
76363
88396
57843
93285
35417
51292
76221
87070
71364
26200
54797
27190
26438
29027
99888
65183
37601
73038
7235
69925
69206
62543
41335
52479
5841
40173
55440
63259
2938
45711
71672
79241
27085
7880
65814
15396
64754
88012
79227
16806
56536
43153
22712
74158
84684
71124
90294
98289
41223
49813
98751
23701
76318
89171
80853
49419
93373
87772
78204
8641
11108
98743
46737
56243
10467
87287
24347
59970
91855
19597
89057
23763
39172
79700
72043
52984
511
6914
55231
21752
58695
61795
48727
1235
42600
86015
54580
66672
64005
50642
48884
35618
84728
69909
64939
85254
7291
84332
66126
53180
73015
66664
75059
57141
34231
91942
29821
40740
59803
73853
51379
5905
8011
62107
26059
41822
20017
90223
12950
9474
34275
52921
89317
74051
30741
36725
30012
1122
97493
9196
63070
47454
57709
37716
63175
98640
65844
96961
82636
11991
81513
64759
85501
10540
92253
35175
64723
78888
11428
66902
42601
16199
31144
1274
17016
24556
10732
24097
36988
78327
97819
97079
17552
72811
69381
21919
84861
17350
57667
75222
17393
61553
27201
63787
58194
39637
14436
18462
41731
41237
48192
83763
7646
28767
71982
57568
95926
55328
1408
64405
54564
96745
38783
63613
76631
39295
81921
7648
69461
86309
53283
57496
37244
14359
80680
49603
41119
46317
55827
60639
22943
69196
49560
74908
32057
21980
98473
44511
44245
24756
62588
11658
16534
6408
74767
99007
90777
78600
12733
86296
16314
8607
42760
7240
1935
49322
68066
37362
2448
76920
24309
98792
97972
50959
48465
61984
53306
76611
9623
87666
31528
21891
25697
76852
87061
78439
99020
35249
89783
94145
35115
96159
92338
12992
90121
91915
70738
66379
183
26202
66256
50475
38578
83008
72411
76308
79439
54665
93562
59429
57069
61525
73611
38451
65838
75043
56197
41761
14272
28454
40425
90756
15099
82655
9657
48372
57650
47673
42222
13481
7595
40083
96664
20391
15371
31750
32216
25483
85692
68853
75898
92850
39997
18112
94081
56500
58807
63107
76379
67895
68051
67067
39283
64858
11303
3327
74703
89915
82325
86614
62956
18463
17085
90694
21905
39500
77853
71155
94739
51241
3907
77954
2264
31739
79367
92386
73918
25822
33399
67586
79588
17707
79567
57115
96941
94055
33435
46669
83588
21783
86208
67917
48127
47689
22120
80208
53550
5844
35011
39182
58742
28733
21460
21889
49807
72603
68631
14964
76550
93037
46650
38087
3590
20204
70342
67284
67220
53038
61477
56496
21354
22222
92530
75774
68588
27803
43083
60655
58630
74034
91011
49896
92971
96883
5184
6751
7456
71
70996
89720
94039
41583
97842
43180
20110
40671
88269
59203
69365
22038
39284
9826
94470
17383
45798
72727
47229
87824
23877
38743
40744
81723
76888
17658
95430
78248
69731
87133
52271
71299
2646
14772
6238
27546
46551
95221
91352
58875
72711
8690
12843
41684
69421
49940
1207
50031
61090
48412
94468
67946
98489
31330
26111
19879
29801
19422
49026
5247
59490
67517
14444
27495
28931
12256
99
36150
24179
60388
28222
26789
66328
10326
81049
89507
40657
20378
63769
51665
53351
42544
98407
99613
68743
43056
70623
26844
89542
16712
39540
58123
46074
99930
25812
8420
17616
17791
98338
28662
14355
21960
3227
7122
42366
33107
63756
85025
88463
3010
79742
46788
59978
33595
71568
28672
90340
39951
53030
29623
55160
93519
81381
7849
83880
61300
30961
42777
60842
38595
16420
77484
17681
607
32639
93941
7159
34357
83380
60405
70322
50949
42402
53582
18040
8295
2840
70351
98456
50710
51797
84031
2765
80315
99812
75856
72830
76506
13638
93350
84155
84426
37907
83273
53044
51876
37344
62571
51942
24875
60478
18791
56931
387
55995
70636
45599
35306
22522
89062
76245
60911
89827
63593
95098
18179
57845
82031
22980
97878
87614
83722
9855
8158
82694
3875
32425
16941
48137
86007
47583
38745
45675
89755
78244
85340
13633
62812
41924
47898
32746
90753
93005
36957
11894
88818
59298
6000
6124
97383
35916
82828
71107
2299
50064
99176
71153
5275
88247
63722
59215
68721
50314
30838
36249
6232
24866
48542
58135
74298
96791
58873
8854
68015
54526
91913
39277
88933
80749
53362
95329
14951
26125
46634
42826
49799
93121
99100
29735
78692
52798
43804
74067
77367
59767
31504
71905
89762
16334
32168
62287
54325
14878
50632
40809
75750
92455
88196
77001
94385
21963
95059
82528
5702
8951
19793
93245
6888
64236
88426
83258
2853
33534
22967
53502
10005
59096
74205
46769
14218
32244
31727
23342
23079
58462
25991
97116
4620
97509
58747
74998
74614
86671
70019
12899
62884
27671
41403
94799
16395
18164
51688
78896
31214
57603
67778
71925
38240
41935
69583
74632
79264
17365
58479
55767
24764
87382
74890
5225
14186
93618
26286
97136
53644
60185
75527
76214
17514
56169
6814
40889
79450
97752
29060
26337
28833
69569
52602
24709
11645
3728
28194
82306
52145
88788
98644
71302
79606
6805
82054
50298
75604
95035
38176
53019
26271
37267
96302
24913
67465
14207
51765
60052
1380
65023
70070
89978
69829
6171
52804
58762
76614
42828
74489
73419
95211
72972
83591
8299
86237
70354
18439
97003
91999
34616
82502
47384
76305
49376
12314
60409
27373
26099
72854
38424
1875
47580
50446
57266
49935
37080
18000
11585
62833
370
67624
80878
1604
78241
65905
40221
41936
64087
9687
38897
15554
21730
34006
30568
57648
62851
88109
40144
28640
15210
24957
62725
44023
3640
3437
81439
14785
75751
74916
89279
78775
12109
38982
26776
44012
11383
79028
83418
17042
30734
8161
80329
71792
37441
21656
97687
51309
90030
10503
74110
93745
14799
8670
11812
88724
72114
82432
44875
24079
21539
1878
92685
41408
76914
24693
31251
93077
11432
13671
54753
47702
84117
14835
49532
18844
78366
47322
7182
69559
32064
99323
48826
73906
19235
34394
14282
6017
31649
49179
11137
79568
88604
3330
66002
63316
48767
97271
24675
69786
72963
96996
8433
58755
8079
84812
95809
10824
14853
93278
68226
3775
44076
1918
3942
58415
49118
75195
95256
25976
80267
32250
56278
1364
16718
79052
14730
81212
86344
72878
38494
64880
58895
28850
54461
65505
27093
46239
81127
74629
10987
72230
31553
34817
46492
34552
56275
79644
51863
57163
7998
94698
33708
9105
89302
41576
55738
68022
58700
91977
97461
68363
23689
86338
85397
41402
94171
29510
84839
97110
8000
64207
32228
1793
25820
24759
2766
89125
93919
36462
17674
34118
94637
6860
29272
47972
63515
75076
97261
92141
89042
73009
37882
38184
9179
93977
46431
53986
46690
62539
87074
82505
89892
90578
92918
24290
4784
56296
64209
70602
75955
10105
21837
92094
91044
98068
63351
80858
76555
29250
39645
75658
92846
59359
83769
84354
56155
35272
3958
87508
37372
86774
95153
98293
38079
83751
6861
50741
14013
83494
33210
88607
96325
69585
14062
49266
56989
30491
7391
37198
70430
45823
11651
80855
58053
21989
93960
19004
3029
93507
79587
21603
87715
62487
34638
52110
76877
89260
76542
10812
61845
12917
24702
54821
72868
8692
55356
63414
42245
34242
68757
25857
79910
51577
91300
30019
48307
26463
5761
32072
81942
86760
76244
71890
82442
13282
9326
80514
53426
6851
39625
74103
49777
42992
88927
69432
65871
30812
12704
25193
32829
32857
17254
56649
93259
3769
35889
19929
33466
96726
87728
14386
50583
29050
87026
86591
32399
96625
6078
99540
1442
38130
333
76928
95425
50319
53890
47157
36903
64435
85515
52687
72669
47487
92261
95107
15403
72144
22485
70727
72506
17469
85652
70190
72889
45046
80132
7722
70506
47077
61736
84341
49704
14332
20169
1763
23902
14587
9978
30888
23572
52936
53777
18931
53835
35032
46676
23553
23190
45419
35773
22524
4510
41629
13201
74447
29733
71380
19953
56788
83028
59872
47553
62525
61454
19861
18716
87805
97196
40590
2339
24210
35233
65740
40960
70766
77620
66056
46243
7528
30897
506
90660
66924
23481
18641
78701
11001
68946
18822
67569
37645
98053
42418
6526
63442
99138
3744
95350
52111
8795
2103
62896
29543
37155
10220
67007
44641
52491
63596
35068
65683
19079
55301
73268
91946
19384
52014
38547
94916
32394
75488
46891
67313
93637
33403
83194
73848
32031
84962
69645
60376
73261
37408
42451
47571
12549
9074
9054
80808
70732
97758
78412
84668
39519
58020
47429
33999
73242
12840
52173
13045
97912
85612
78101
53042
74738
98514
91700
60140
14801
28886
41391
40989
15111
53057
79137
67207
65986
30051
52369
52025
50813
62261
63050
94005
78122
25850
20792
81462
50171
99434
17261
95736
69883
70726
56971
4771
91098
95172
67462
76692
3980
13829
19001
25208
66810
67655
38457
36945
11355
14503
31683
48871
58609
26980
96251
35875
22449
47780
91269
33212
76667
2590
6094
12251
60597
92373
95446
30137
18959
18983
20572
52427
69048
60591
89367
81178
72985
99158
28132
19870
76526
70434
48946
78965
64308
14167
11969
74652
16507
30762
97041
85491
5516
8247
52889
92130
50001
77106
10072
34853
49411
61622
9828
63337
42199
80477
66557
99869
71311
74730
44395
96259
57595
82598
76779
74505
41416
86455
30407
89330
311
27101
81054
49246
53545
90002
72707
99500
85261
30200
96219
36801
55968
34382
41122
93535
9548
91560
70952
18104
30335
90865
25604
47798
56910
83767
52716
66049
65601
18553
74780
45547
53461
32923
61599
65652
81430
88153
64572
62696
49193
18507
84200
54555
71278
90118
28307
72210
70082
3174
73724
54828
3165
27091
39820
30062
20550
84601
11114
43618
34668
2830
61163
34757
84293
74270
38784
26765
6043
79460
5346
60858
43168
41688
96955
28487
28740
67335
54167
13144
56308
9159
75710
53370
85707
21712
75464
38119
82022
98405
9859
14468
26123
40955
16598
88666
42967
35750
52647
54683
52484
79093
7818
44768
80537
57835
47091
8943
35729
54077
89045
55071
99862
22057
90968
52251
66255
31791
30753
18202
78160
31057
45707
91316
89169
870
35933
98833
83611
45135
70036
45933
21895
94340
65100
87204
21737
89259
49215
46642
9294
95400
68887
79039
62480
68462
5795
98630
72245
83800
42228
75736
41844
70201
759
53760
26047
978
18638
58127
83868
94244
81893
36155
30605
64903
27499
19640
24765
66704
9517
73664
25693
6908
55007
87602
79032
52119
74826
37789
47932
80570
2120
28264
57563
19916
69279
54467
16804
89420
5805
34106
32106
2543
3739
39308
17123
6495
44580
80376
598
18057
84682
53491
13377
32053
23
34226
56373
68303
15605
41713
76185
58641
38915
35366
58648
84279
88934
4790
66152
60642
85260
53607
81352
64673
54376
3847
19178
75903
82838
74244
91826
26120
69443
24935
27074
67721
65013
25983
81864
16492
7272
51457
74330
88715
81050
8673
99023
12425
74075
57118
389
14085
51037
22513
5875
53848
77682
83092
61437
75475
48680
78632
34391
92160
42009
46102
77284
53681
67328
44673
25213
81687
85308
67737
45168
69402
41441
40957
27965
68514
55890
17367
59922
9900
92694
13267
12320
25276
85376
16646
61807
23310
91206
81134
30638
27397
48500
93803
10248
46826
36346
74473
85200
46434
46652
9228
90195
59681
26446
77504
68011
79474
16842
35676
17641
86102
79295
98300
3228
55749
34175
62652
33535
88857
28691
23474
10429
22580
99328
79275
61472
77861
34802
37302
30064
29633
49956
61111
59419
43495
46506
69412
83066
65852
67541
90100
23395
60163
11460
46004
93596
21669
30799
50503
15588
31769
79505
73409
21907
74374
94951
44647
15196
47626
93771
84013
78010
69139
11656
43937
45857
13889
85216
90847
36592
84020
47467
84335
16489
47168
53554
8350
94128
15270
87256
56343
98710
62504
86116
87351
10721
85557
43821
89889
60695
27741
53637
20243
23129
30053
88912
14403
17481
22397
87571
43824
15675
87689
82281
24439
39365
86161
73909
84112
53311
30220
9720
98669
52435
86889
41579
90048
95555
3624
21803
73965
42914
87548
15290
91375
2155
94636
4317
18742
81220
50972
40265
37570
27595
15898
13122
61027
4501
27842
71148
79349
36722
12223
62531
90666
7357
12712
51133
18022
33518
32858
63464
90049
27775
36024
92029
8637
81300
98324
65721
90214
66362
45835
86029
42585
59647
59388
13098
16417
32000
83993
69221
40389
89089
19329
2145
61919
8020
40541
74384
74435
77449
24580
6316
64249
38890
48675
41364
17309
77517
78700
86198
2199
16801
22090
9835
61940
29091
3848
90605
26042
49829
33722
13351
16310
61730
34483
75690
72615
64615
7832
68426
44884
77100
72744
136
44044
92991
11300
42730
7842
77703
77207
38794
42033
34933
47455
89882
19176
11335
73145
41078
2348
50162
84929
63889
38995
21727
31319
33895
93014
62293
15138
87979
18379
19382
85160
31529
31562
55235
22669
88422
23713
16551
84257
6303
39174
36102
29910
46237
13670
46899
30290
90003
26803
90541
15352
23259
19894
45767
39085
17364
58977
13373
49533
62328
47829
68034
70392
65185
51828
38648
28987
2168
41173
16004
55644
25441
41928
85597
14709
96446
14400
48365
5488
82295
98926
14145
18909
86155
31878
53073
54766
7090
56431
86807
46932
16075
51473
93952
45178
80610
41238
86629
86376
41826
87453
47016
88442
21018
7170
30826
10021
59154
5340
40231
21220
30004
4298
81890
4595
38263
2230
97466
76249
10357
65055
89946
32384
49181
42990
66819
56268
60023
81558
89691
25292
37389
51645
45644
28974
39711
9765
10109
14994
73440
61312
20553
51355
75060
56731
80435
500
39503
51757
8318
80526
90196
42218
79261
64738
16219
54040
30974
44924
37694
47126
73444
17292
36449
21632
92916
66166
90551
83776
6485
39607
19136
47309
15040
68065
98155
55430
85400
52462
30719
32674
60742
17474
25650
92175
19705
11850
50788
74050
49378
90212
98869
83877
86645
67138
10187
18370
96480
46507
31075
6647
53415
74700
95493
71042
2689
85657
16516
20693
24083
96835
88060
76752
55880
48690
35636
73987
71459
60610
48259
44544
6979
1780
16566
17344
66112
69563
75499
97085
80437
2390
59008
86682
9587
92268
82575
99112
26263
5845
9452
396
81837
89102
76673
64351
58073
72248
85832
80751
56068
47971
43082
1820
90486
78025
14301
49866
53174
34076
88869
90856
10799
36811
34585
21081
15953
33981
62577
73625
77726
14650
72241
93731
60305
89592
789
45295
95090
75727
29001
740
69086
18683
87024
53655
48091
80889
8206
23579
16825
4619
37628
58371
44902
14673
58445
58573
12846
59382
62702
33121
58694
88063
44602
94237
32685
45400
59598
77605
98016
7592
70992
21998
70997
16824
50915
99518
44812
16735
76778
55391
96083
33462
34345
58842
1417
32970
90317
49102
40909
14896
54747
56478
63104
31436
99858
84758
70556
82156
93689
55573
4263
68572
88838
35574
27507
49166
27988
5653
32474
8349
15107
74180
50315
59900
17980
19733
58697
62418
99385
9678
9371
53034
24407
19395
91534
59575
96388
28317
19751
67306
84368
21660
3069
1574
55735
54782
32198
13470
94887
41746
23887
34974
46328
52518
23402
1174
30517
99025
67944
1531
31405
2190
13372
11425
21093
56814
932
86435
13697
21289
92689
64245
63352
42193
70424
85256
31720
94950
55855
22711
73960
96882
83284
10157
83995
46985
84540
96502
27857
835
26204
32809
90521
58525
6511
27927
19379
18154
8390
26697
19120
7128
94598
20478
14329
65873
50150
92754
97454
60640
34096
42281
33703
53625
84246
46777
73116
87469
61112
36509
34896
65576
32921
88871
34213
18667
73633
27679
34592
22964
27652
57456
37226
98865
81538
37065
74701
85599
86258
79421
79556
6967
31575
65600
15492
7973
33021
80740
68173
53296
81456
57507
15133
85639
50036
40403
57383
4554
21196
77990
42505
25043
32778
2212
17610
3679
35358
85712
17891
49392
58037
30716
21267
56520
85384
66151
45541
72831
66755
59080
22537
1197
3368
61917
60391
62903
81175
46729
95255
62084
32617
82331
27193
85088
50644
83106
26493
35974
68884
97254
62470
60685
80399
18937
58133
52872
78786
38411
24000
36143
28435
32065
93748
33405
14897
20835
39879
25271
90700
34330
77550
37407
51799
77968
66529
33631
93515
73850
86362
37797
53325
73383
24323
69944
91654
35291
51699
68825
12886
65964
20324
67535
65686
5660
46322
54771
32242
19983
8767
93628
15249
7696
46393
29780
14223
49845
63713
72610
94289
85528
82332
88833
34577
37529
45451
15386
22461
2029
91052
1426
19459
44931
76374
87389
32988
54610
35455
97951
58101
71019
57206
43826
1662
32393
93434
91679
81810
18846
3918
40802
21180
7551
9245
47401
40367
16274
36846
52061
98484
54378
45847
89886
87811
57194
80914
77761
35805
6604
56648
61075
34369
43384
44788
99514
65897
97182
68970
75924
99119
7552
67189
69323
3565
12016
68989
19616
49025
12384
96909
27394
4976
68986
93867
6095
27349
69643
56274
42392
6156
63996
55187
35239
98480
65247
42229
33054
36727
66598
14166
28832
14317
33687
12041
86861
18904
77458
73544
78
94597
98019
45362
24001
88379
14517
34312
10967
86517
65123
4048
93804
11030
57197
54715
15514
79236
46630
39054
46436
50966
24616
50952
41084
37758
18769
16192
5354
61370
3372
43064
24594
54006
23177
74723
29915
55746
90025
36051
68233
6621
21079
74262
88954
9297
86303
59768
34277
71977
94993
37086
98684
62906
41694
91147
90935
6949
43486
77927
29871
84992
85051
4057
31931
41517
74299
51875
63703
53005
29225
94981
89777
58638
57099
71080
28759
2789
79566
90580
36776
67776
50247
758
9094
76362
67545
5504
78363
84828
39897
464
83547
8466
32092
64553
68452
42591
77819
66982
75752
37960
84567
34999
114
5291
11470
56937
92512
84390
34379
392
49446
35901
38348
92927
45372
10412
83613
84673
98323
47665
13876
19512
74082
31402
76367
98212
81102
84007
40987
48508
36994
18345
31615
6774
93298
42331
51563
44064
95933
23686
52599
83495
487
99714
11566
58027
11555
35661
21037
82577
79999
20434
61174
16839
2008
80238
51224
97310
5474
92588
41180
66263
49136
21703
47847
10213
74267
79290
26629
30899
76155
60110
90264
76260
81908
70587
69460
44118
1413
41459
36604
42810
15190
74776
63020
47899
70350
33636
56486
82047
31725
32604
80017
77633
42579
48604
51911
5614
48566
98907
64146
21961
71985
34033
36663
26501
1632
82637
67183
19685
73804
82271
11577
27124
37927
13825
71425
2500
82248
77212
43933
17914
8535
30507
21367
30786
28735
45124
416
65951
31911
62286
15317
21680
67877
28516
27572
52421
59184
51784
17951
49791
88243
34101
75393
28335
73923
27992
29191
1637
60660
70583
90977
66797
8863
2193
79786
88427
70584
42111
34927
99370
76737
6815
36106
1409
9368
95359
22326
12592
7966
84303
66136
16543
34422
541
52627
55543
53817
84966
46664
28041
17094
86701
5231
87092
87132
49634
9949
51446
35104
76827
2819
24513
74396
18318
37728
7140
89631
98370
68391
57640
31484
71120
56902
93896
69681
18142
10985
81065
69507
18354
61462
28567
7550
47335
3070
43890
30868
79936
45969
65682
69232
38156
63758
37172
61176
65869
44356
26160
33946
81751
64255
24662
4319
39087
18126
60733
40272
2143
26500
13157
12317
90640
25030
32670
68003
68881
30291
55037
20343
39996
31604
8895
56800
26978
86115
18440
57731
65891
37590
4904
17629
37100
41991
86352
93895
18455
77536
70457
61405
44684
44961
54582
50496
90284
65177
55427
75639
84454
36406
23125
46267
14202
31240
14116
12203
29031
40920
51447
93985
32814
39382
28318
74600
64699
86417
40683
22767
18047
8138
26261
11767
62953
22924
61350
93691
59774
35716
91650
1117
85717
42943
89269
66422
4188
82713
81353
26531
40824
71531
15899
11416
4016
65508
93282
33292
85031
84807
20135
72625
11434
25448
38021
84974
3773
55199
50564
98197
59659
66058
81358
4871
68097
78970
45654
49149
48936
28726
77376
87264
485
51320
18648
66294
63887
28524
59007
91928
90590
29232
30191
16032
34082
88108
36626
65515
95617
21233
49071
46075
13967
95531
77096
1372
30896
84017
79791
84393
98550
45965
32804
18410
57887
50761
26510
91860
84370
71794
48793
38557
16695
80694
4891
85552
8404
28579
44640
73111
16429
96752
41066
33742
41868
68297
87468
75957
200
12270
5591
56656
41088
1189
1392
18745
86660
79472
72787
75875
92314
97820
79787
79959
92999
90395
55307
72294
52509
64608
66357
65816
58567
7831
49969
34877
15007
50160
46511
6548
63005
84739
83663
69652
90374
40061
15369
80225
35414
24853
93566
50647
68649
5810
87823
16375
29597
43660
45568
33504
88474
27554
79287
57615
26430
29201
98033
22930
60903
76539
96885
22648
20908
57602
94440
8965
70471
86920
81767
73494
58428
62726
26951
64323
35799
34665
8992
52436
17782
10631
14806
72693
53626
15495
48452
17112
85143
81234
44005
63574
97369
53659
95884
5921
59273
55719
81318
70423
15841
84523
95445
82535
97052
28780
8907
58575
15254
70374
72685
82455
41627
16450
87743
61580
13483
77889
8419
4703
14017
49830
59727
63822
14091
58654
73766
78261
92668
98686
15415
95660
51573
56371
70217
32343
55617
22641
26675
3943
68338
99768
26979
76400
9505
20185
98501
98242
57229
83115
18257
3426
2918
97903
34435
20236
95026
39547
52010
74105
73612
21005
81103
89356
65364
36313
38187
81709
22909
92568
87163
52160
72237
72535
61330
71729
47382
61471
42844
54969
418
63010
55280
54201
39588
39552
92630
92786
71585
37884
49355
93546
35136
93758
14581
60120
63620
33603
4529
95557
52683
23364
63201
78350
32392
33323
28071
57454
11837
38180
3986
15112
67270
15676
33972
35480
98871
25744
42995
53278
18743
48436
949
12228
16311
45663
17149
71429
69519
32807
77782
11058
51214
8811
21523
65095
10786
7782
88638
5880
82394
96023
10937
25842
46979
46610
18020
20029
74823
33268
64660
72528
1973
44562
16776
38579
93349
82383
69661
73971
38085
33317
63909
28331
83377
16161
90202
12603
18121
46207
19025
52400
5732
93766
38417
29530
94462
56077
58204
71718
42146
65621
30299
64749
86404
95928
77732
65495
25188
26385
67659
99572
35062
50341
60426
32531
25786
72666
98981
42772
71822
66356
45523
23483
95409
33253
39502
11822
28412
97472
19739
61155
93050
96896
6710
84129
76690
47933
15509
19576
69475
64883
15020
63252
73618
42280
50516
92709
85271
96657
70158
84548
54541
92748
1724
86971
43706
60235
48178
11986
70867
97541
68779
30237
51249
72024
2701
9896
14745
58282
72303
33711
37206
88125
86914
26994
25354
18634
96342
67856
75186
68581
4988
47863
634
43389
18964
67423
4631
90654
94881
15777
49582
11063
59
27548
97388
8760
49553
20366
35410
49289
59985
66264
72938
50262
10106
4181
58818
43261
52850
2304
66692
26384
69704
4628
67861
25422
46467
19840
46047
1430
64895
66687
62346
12720
77306
8387
15312
16929
62766
39271
80927
28594
67043
90036
97024
50039
47470
81010
45826
53801
76621
29413
24161
67519
48872
22229
17571
50375
38662
86802
24448
91152
33714
19717
40281
22670
2624
13033
89504
36443
54476
34014
46860
46230
50075
21739
15834
86812
44926
53874
36959
55926
40567
78355
24458
2666
85511
13139
72042
98515
75085
10893
2914
52236
33639
17911
73289
33916
78456
48938
58458
31820
17799
35186
26567
19606
95651
65190
60658
75332
45159
26030
92108
98862
19846
15407
31302
71518
77427
45336
67101
50112
1937
7025
28585
6296
26233
90810
90757
24664
16992
76076
3333
90198
66121
13059
32588
18792
66917
70563
43422
35794
60529
55003
35305
23169
84998
47133
62730
58254
44486
17494
75836
712
40380
66494
40212
21073
40986
74575
75168
72342
41344
95960
77975
77477
14290
24509
26236
92026
48191
56621
73622
60381
85690
48611
10180
98989
8676
91252
7961
84726
21430
22667
74274
23219
91631
95383
26144
80031
61960
76387
31854
82632
26140
52388
78176
17903
65419
87051
273
24413
41961
60877
27630
3732
4125
12366
78660
75921
90949
13354
6600
31642
18380
69341
88455
718
97821
94909
46270
91745
24031
97333
6291
85811
73636
88849
94188
99223
73374
39421
20440
91902
37959
22019
37174
14661
96991
24466
92496
74763
73588
74052
3495
51553
47431
59323
10502
61937
43852
67780
43162
58239
60915
10335
55335
36458
97486
60116
80676
55314
60084
57462
50450
36109
59538
95461
7619
62016
80310
87852
85075
62666
47252
37351
79875
90776
4155
95687
89790
81189
47136
66622
2131
91980
56614
41321
93115
9932
40750
11159
4611
16001
79009
65599
98021
58826
90583
18819
40454
53123
92038
3320
89837
50136
19860
61709
37681
3987
56504
92519
92579
93366
99136
86145
44967
26817
49858
44226
76052
45731
88974
11820
8017
44682
16184
17904
88265
63891
13013
99065
46535
41769
26519
77719
41551
28391
62288
29839
88359
93318
43692
42742
54882
15212
85300
27653
82730
46581
55567
97936
33075
34878
61570
78709
12272
85619
99373
83131
43854
39939
70883
94683
18757
31557
65735
839
85750
51756
60236
45294
13455
47749
67777
1826
21223
66225
58860
69621
71182
6185
88748
45703
96236
83593
16697
49957
13020
40489
39800
96126
41094
88834
87216
18808
55647
14399
29741
73646
81003
2462
8970
73969
95508
65195
52040
23232
4633
22821
38549
40267
89653
86413
38476
12490
14945
27667
51432
37866
7298
7843
86976
23485
9847
66706
61516
47926
21873
38017
19413
4653
68378
69836
48630
51148
41623
74807
37268
91101
95054
89323
79143
28521
55574
38738
69331
66221
21942
34946
81961
12392
13783
65071
32987
5937
14528
93484
14330
71573
28111
98124
6119
20254
90276
78563
88937
73958
73271
22663
80959
61783
58657
17251
92350
77565
18184
55140
14245
23759
61533
97672
48463
66111
68940
87168
56683
8204
17830
21540
94414
47437
70679
40482
92526
14779
83778
48879
88309
9617
45373
20515
84635
68917
16572
15862
57176
62962
50682
65962
33081
87091
13583
78624
59032
58995
12200
60770
3343
46911
78797
24823
92304
11736
83414
70754
3164
74861
722
44581
5246
59479
51042
60526
70542
23090
97134
81607
17328
14037
71526
23296
35487
51255
71482
78934
95279
54172
59597
72410
99131
88584
53543
47254
62237
12933
7561
70605
22542
64278
88709
30687
15523
45121
67024
55186
11632
67635
30805
91193
31301
67331
70247
99490
52858
69573
23968
33673
1756
4906
82019
78752
18811
43641
42031
89400
92803
92636
768
46260
63014
79388
54224
48978
646
39569
57339
76035
67978
3204
18922
66023
62976
12123
48811
93397
36436
80693
83638
56764
80404
84863
52452
85918
27103
22530
58620
38851
96148
78342
48603
4007
39194
38934
55463
35046
44338
34948
17604
21131
65831
87193
61826
64041
58501
9156
36032
21506
10556
82567
88935
43733
96775
2486
1386
16226
1004
58136
70083
95005
18973
56054
11635
22577
55085
61642
14944
88840
42525
7074
3192
11726
98334
23533
53973
40274
15236
78346
16448
22205
4088
18371
5779
3492
75155
57195
26573
70189
30010
35229
77034
11559
52865
37917
79518
52743
62452
52053
42449
78790
81166
5136
47171
6474
15870
41009
31926
80938
33628
88431
11951
38951
11864
4363
92079
86702
5337
9295
74078
73357
37877
59795
90565
19605
33826
4592
32296
82791
2515
40818
76501
80071
39549
23673
58092
40063
21865
77573
1368
62955
8291
41343
46952
2342
29365
77986
48869
32643
37335
37371
64163
37767
47071
10044
22937
30915
11251
74724
49119
26440
70652
9211
51392
19076
6216
9713
28399
1525
99126
60452
22274
34031
71483
59667
54164
21711
25236
44394
35997
72694
5072
23415
36854
45878
8896
81710
5620
18466
1186
11296
883
97378
6250
39534
98892
49707
93422
95349
80658
51493
36979
44222
60837
79308
9219
54260
99360
47038
23650
89303
45879
85420
45831
70463
85792
46707
26930
97830
73365
5533
92040
28853
28168
5018
48609
81549
77579
59903
26642
17035
75363
19820
85804
50782
33448
29153
53821
78668
30689
89768
90688
27879
96123
39804
71212
53152
68700
31463
32653
95755
18653
70517
25487
83163
33412
42605
52075
1340
1177
12939
27423
36168
61011
22301
83391
88602
47114
27525
91922
12722
5001
96165
38440
44388
84457
50812
67289
52827
85067
95953
41846
68238
40490
95105
29288
85737
94697
56156
70311
32520
73401
46387
84057
76222
31749
66122
10790
19712
38223
95892
55785
59110
25109
28439
8124
15222
22654
79286
78728
25724
76556
29632
5731
12521
79415
7467
52584
6537
89484
76252
73732
68163
45968
84666
74466
47623
65494
27137
37811
10865
48725
8507
44077
3626
6909
59896
91619
37394
8458
19645
24590
28321
30578
40644
17848
98545
81631
72145
17973
63322
24283
59886
72675
52049
8833
10193
51301
58366
76218
4675
42396
38857
39006
11582
81432
90734
35281
32266
5280
80868
68921
24221
29193
43739
90224
68000
53938
36083
81990
39847
25603
73049
66415
24156
36021
41073
77004
40378
12146
73080
8456
47952
64447
96646
3460
6920
85221
33025
4963
91319
53354
97158
51090
15816
66242
12070
93837
81033
66371
81960
9939
49637
75425
39687
93264
33647
53589
39573
64909
84127
12196
4118
38933
52990
84422
50889
35145
64097
46192
28425
17388
89895
60748
90511
77770
32005
46109
13533
2738
33728
36222
96142
22858
44606
85409
11748
27371
72479
18924
29823
25896
56491
28418
66268
18624
34064
31270
85684
44180
15109
1278
41929
19579
37740
97202
88027
79866
45049
35559
98618
21415
52443
57970
97844
17792
710
21707
41053
49975
11179
86721
43124
55063
8946
97593
79422
20557
64625
30652
45302
20548
73782
36210
16264
33304
54809
90170
42260
77399
96238
88827
40672
94960
33672
71186
33102
89940
96552
74157
83672
40582
39982
7192
76233
2138
18724
1267
15061
62244
60808
26721
52204
27428
71895
42357
52270
6646
53940
47294
41012
48368
35570
6083
73334
26494
38192
59426
38833
30252
2731
41215
5902
59443
32516
58770
16958
44282
59905
30912
3312
42027
90808
30732
65770
57555
22093
46164
26894
64501
83243
41535
97501
28574
83107
35506
98944
8848
1396
14151
32913
11039
69860
72622
2847
65820
94288
87103
81886
15556
64222
37530
32278
5119
88500
1061
68486
76853
65326
37334
83713
13247
55233
61366
15806
37005
6188
94436
42223
81878
47003
89235
39776
2893
45908
2703
92051
43640
49479
89813
10514
70250
41298
62415
49387
4972
17192
71922
93266
69479
83485
99489
54712
31941
38830
2532
64253
60338
82286
77283
60752
80024
10896
39537
61166
11796
11747
94546
904
10610
49863
89815
85453
91424
67972
89612
66684
77227
26482
58812
51191
62331
96033
41155
62863
89705
18746
51247
71250
53122
18700
91907
30357
12579
482
43282
30410
74188
6038
74307
27814
83113
49589
54223
48349
25668
23016
90250
3814
12368
86537
32728
86096
76777
9258
89789
86405
69503
49669
57647
17885
91465
99140
86387
54444
19800
12818
10489
10949
69177
66337
45268
53250
93136
22820
7396
66261
14441
89354
45606
82980
56998
69422
78448
92118
44267
20617
38458
56176
74810
37885
5261
22292
30524
7841
15932
88551
59645
24579
19454
63509
29920
50746
20466
75907
20664
26901
47717
50498
92303
55537
6334
63892
68768
60095
90514
81036
27343
69560
43271
68222
55179
69477
31469
4378
61669
94982
81891
66517
82255
67212
25972
32364
76470
19338
92931
42447
15211
77700
81217
50126
24199
70316
29674
69719
75936
49787
16657
36419
2527
59771
95761
27884
98023
93773
94253
6737
40411
30634
76922
14759
99222
32801
77016
509
97272
2769
41143
6788
22999
92897
96245
92988
52992
20153
4177
65737
79542
79677
57584
22608
95511
84542
44933
8270
14685
33300
78735
39823
33906
28736
24114
21938
51696
93051
64397
66436
55665
61840
30273
30306
95496
95173
44635
15854
35541
459
19797
31652
42464
92800
27917
91166
48172
57315
81966
75531
75042
77816
74657
73700
66752
42460
52247
40874
80459
62451
45516
36140
77829
67132
39734
74099
20564
62713
61566
4292
65149
97904
55741
65514
33989
14547
84166
86366
41620
71876
51809
88093
84937
27154
36134
26318
14622
16009
98543
6685
64039
91635
84415
85718
42163
13023
97654
38058
23849
54099
14733
82677
21099
49913
74735
12262
95758
87567
98694
34728
59044
63450
50894
37085
8866
53137
54897
16893
10849
43586
62715
74650
38710
37388
80154
60289
46794
71282
13174
8961
52266
61240
78919
61977
47612
12386
66431
33735
7554
84425
9702
41774
67264
44455
78925
43459
95301
17033
10771
85005
78193
98711
35885
44639
58587
79815
74001
30845
57701
49133
93168
51257
21189
31977
77411
48024
68733
13927
87683
32560
16433
11323
93551
59456
67779
37043
15355
81180
78890
25719
54822
24464
35275
7901
97417
22387
49397
94536
45814
74033
85961
97492
16086
48945
82725
16519
69691
60809
86070
65639
39748
6667
12542
73535
57880
87753
58137
54264
27384
7545
89316
14239
15957
14381
27924
15057
11395
24003
41834
60578
94257
58424
84205
34624
53597
77734
36597
34671
46069
31781
13645
16658
90750
53561
96688
72904
47540
8900
36887
69877
33899
78070
64983
1961
10359
4912
51463
42110
9162
65250
86957
87406
36066
93186
16781
79831
52965
70195
79638
97647
91523
54619
36515
23158
64415
41496
22710
77584
92828
84177
61406
22408
63847
56376
38394
84213
10861
4586
85346
85474
51131
89961
18521
10646
19638
68417
29549
71049
98554
34122
29362
84150
15745
16896
42468
10368
71086
39325
14165
14005
99033
22112
49260
60912
93558
51304
25707
77908
63537
22184
94930
11259
24924
83692
30903
68211
11626
11711
41271
41548
20337
1624
84402
47630
51985
19594
39042
81739
99233
92364
69222
97796
73758
5386
74313
85591
1205
83019
67893
81959
72391
77985
17097
48378
52578
35922
53700
62344
2160
3635
91917
47493
21041
89324
5253
6904
42842
47513
22403
13981
28316
55997
2422
92520
29687
88117
26166
62248
7611
57
25210
26778
9918
99460
30438
84575
76859
75594
12567
85439
3411
83814
60904
47102
84386
33117
62369
60446
1646
13272
10551
59230
45325
17140
8353
51883
53036
24426
53237
42976
4249
77066
88496
3555
40690
58354
76882
76058
54800
3829
96557
62269
87677
21392
70089
23876
71267
24165
90413
456
19450
42556
47563
10004
20773
13491
92926
44698
80184
42117
96288
15091
83569
24902
38001
98535
69436
75242
84252
70043
57548
82235
7823
14798
51611
31324
14495
20316
54695
65032
24392
54451
5342
1068
59636
99549
57423
4895
25524
18637
28880
72594
82330
24591
16330
24510
8842
36480
30388
91871
43844
31924
57600
76971
65688
6245
33831
29332
39153
60893
79485
50607
80152
44432
92067
3762
16753
32292
31337
23620
83287
81093
14626
45319
27585
75358
49786
98186
96868
95661
62115
12626
89683
82998
425
86556
15000
825
95213
30368
48386
64183
7736
75142
30274
72596
58389
92341
30616
19858
33208
29170
4491
55248
38524
28210
88712
59137
80460
25092
94832
18401
73027
49396
29691
17133
54883
11703
86986
76246
56348
43741
59025
96073
34265
43572
31125
40331
98337
97125
74509
4513
14630
79865
61204
53857
30408
48602
84484
78127
15447
93787
58364
44285
38652
97481
53786
62717
74490
54648
91954
38299
69024
89826
50230
43263
67982
56326
80651
82198
76996
29999
93043
44333
72284
37891
98746
66851
29864
43316
28927
80161
80916
96378
13713
28392
99329
59322
11203
12362
81259
96204
61768
50251
29893
30856
83565
90715
51408
20294
88659
31309
1676
69634
53226
22306
16332
75185
58350
87236
53758
58169
41586
72341
44117
72461
32905
88223
24839
53263
10352
38066
39002
23679
64429
85331
23577
53944
99722
51120
15680
62665
30258
70529
86028
22330
34953
17637
54704
79278
23834
75505
2932
48154
62728
9910
99336
66803
23295
34430
81415
51693
88465
66734
8049
78382
41959
57850
34284
64808
91624
33695
47037
94814
23301
28449
40476
41134
997
43170
26698
40611
58579
22639
13665
59062
40174
30484
99351
76541
88087
45672
95994
15045
72189
99044
78703
12641
39240
38842
54013
68685
77320
27642
39419
13091
52027
7999
72686
2192
52483
2526
66600
74527
64719
37298
87420
13740
98273
20222
78540
50163
82699
13271
47000
80814
45118
28177
25114
1036
68995
78097
86064
83770
2200
66208
89539
91048
54654
39718
18607
72897
79652
47736
16042
9994
2859
93733
54089
53748
40137
31067
18484
78227
5062
78072
42884
99365
46338
95191
56578
80330
58148
63382
22259
90235
88270
56808
82679
43521
88843
63015
41819
27205
13948
34926
73887
80778
1216
16676
34935
85013
16953
29287
9739
57018
88074
53211
26680
16692
18712
26352
43274
39118
61989
82613
80629
727
52234
86222
23323
93024
46142
69308
87884
97301
26009
73089
80156
22451
93927
78078
701
24659
63546
5098
79180
81581
51735
65097
21474
86059
78912
88274
49474
24919
32322
68842
57712
24896
56357
76303
48415
39993
118
86741
63870
56642
30404
31842
21115
21312
86530
3358
94019
46361
73007
93770
63927
42587
32518
65288
63265
32899
25392
52097
22385
33706
44839
34528
698
21940
93156
57531
8882
27681
78336
59238
5753
93692
42609
42931
47970
40860
15436
88816
1539
68933
59583
18284
72471
67405
20546
49041
73843
92833
5684
71680
86171
58775
86174
62958
43478
57565
70989
57264
47986
96689
78642
50667
7759
31279
61051
8106
90729
20109
71909
30314
24442
41424
19559
57678
54141
44761
68045
1582
54090
5419
29746
8523
39850
10961
58539
57270
30603
25412
3073
23840
98367
11999
93536
75439
98272
73676
43561
56526
82155
6930
96802
88440
70945
72881
7866
19226
75838
36360
54471
70561
54597
51558
92061
15324
99724
86938
88320
87769
2792
99699
4693
92524
50808
88860
4178
97656
80706
87551
91985
48968
71916
37332
46702
95930
98415
81622
37578
16370
66540
77497
30194
39079
20200
19061
12174
65307
86881
43230
33650
18068
18530
14078
36198
66666
52497
51174
17529
18513
52920
47907
29973
64391
89199
60606
79468
42294
34495
975
73214
24334
33593
9427
67746
7954
42662
87670
64120
60406
41854
22525
30147
19609
44863
57033
50181
4822
30559
34934
95952
15685
71844
5826
56075
57759
82012
326
26056
65943
35302
33129
71234
88534
79206
83808
58832
53525
72140
83125
63202
16638
5681
21338
63729
79495
13952
21304
1889
51135
80707
4743
55054
16606
80396
79633
62821
12710
50919
4071
81335
93141
64557
36070
81986
49523
31002
99891
49712
40337
12334
75038
19239
48560
85768
45708
79024
93522
37188
11560
78098
41267
98110
67750
95688
7345
36112
16892
50369
56203
71879
24266
66195
46696
60430
4206
87964
94521
41346
3285
57258
17742
41632
82793
23983
48344
65941
53843
83437
22501
94550
67471
56010
67240
43411
19367
65486
90227
42972
16287
93139
36434
8075
26622
227
24093
92959
14016
3720
32510
24378
81726
79001
37055
44014
21517
53403
26954
55683
73525
7790
94973
91923
98380
7835
25217
72845
40564
90570
26929
57052
41043
78293
35012
56462
18299
32041
66465
22010
46948
46077
26650
76670
95097
18885
59499
22516
87619
83002
6589
11832
95683
4740
42472
24648
16915
47716
282
28447
7118
13673
26618
35543
90564
24723
6120
38815
90285
17954
8835
30351
96694
61149
3869
54185
73577
97714
67876
77171
33938
14418
17984
64464
6772
63204
99543
83773
20558
68376
80826
49031
95311
48414
47528
55659
34724
39955
46584
17509
12161
17570
32701
86213
18282
79211
97898
18632
58432
63641
1131
33497
35080
52663
98138
27958
4911
50423
95168
83073
2002
15733
72099
38225
16141
74757
11302
8582
78757
18840
4867
74195
78572
17427
62258
52724
97831
48258
79021
97311
52862
32852
10083
99375
74273
79503
16336
28308
72655
94776
37729
27710
1007
83526
98097
14812
33454
4720
42306
41676
57104
24677
52548
50108
78356
40443
50404
27882
67727
60026
43139
80281
29306
91468
36967
77739
79572
75205
14492
80730
69061
24645
85822
36800
30718
72288
49624
69897
20757
19990
70072
25824
77801
878
22620
59581
42851
41114
51481
2815
71864
2474
3185
44980
87924
52608
17852
57763
44228
87627
97926
95752
67501
93950
41892
7964
61403
18152
56540
24217
84993
18071
55879
21575
73589
67453
80639
67419
99672
7127
29522
22696
62283
52257
94358
41838
86032
79483
71705
66160
37880
52035
48290
55102
47223
65664
88610
99696
50566
97806
22358
5420
6443
29483
60612
56858
89145
63754
70722
98042
60894
1583
96892
78561
76706
35953
90831
60709
20888
65379
50789
10224
61457
17634
76775
40699
79895
73355
52015
15326
32612
17872
79697
15293
36174
21761
80635
10806
18611
86442
97420
86356
92468
63065
57829
5563
26027
6211
57996
80899
57121
5691
32903
18214
30615
72156
77535
53012
67878
9096
99144
11947
74283
34893
19567
58486
14838
6460
91854
6807
46106
74920
56407
14911
23374
65290
94071
58577
87269
95195
58721
3474
13944
13659
41702
65162
56464
64141
57969
78691
30825
88449
65520
85210
97426
93885
36145
10919
47243
97872
6456
88814
96034
20227
25919
35532
3048
72275
87149
91502
59498
54187
48030
54392
70644
64804
74464
27033
16569
69387
19368
28977
65693
36712
74479
936
68637
85971
97860
89360
24418
18512
56661
68532
55433
92015
3716
24907
9674
97160
38070
10634
87446
992
42070
50483
62454
90459
93499
65993
91810
58803
66353
37721
82144
40235
35775
60514
56599
75064
61363
67050
26327
98614
44754
49506
11090
45834
17861
13866
11944
35033
72346
14633
99598
95389
90297
24412
9457
34700
8394
33160
43439
19381
90839
35093
35585
68014
2592
92856
96213
32411
51483
28893
69873
9920
56260
51282
93697
65254
94389
87569
92155
1519
46335
17283
45422
33333
56136
10512
2718
21528
87274
54845
94537
753
56737
99264
21444
99965
11795
28152
61168
58044
37526
61587
77837
31065
98350
22674
83505
52871
92114
57276
7095
86703
82377
87804
27275
32924
93273
89808
79363
44377
2988
15356
32933
39394
62414
29639
58553
69590
85402
84408
95540
12149
51018
41191
50094
86120
24951
89588
56725
23440
94211
45853
94790
69200
70934
38338
71868
77028
10278
40627
98735
97605
14212
32973
28477
99467
38968
21163
48155
12243
44072
5206
67668
83605
81956
99109
82225
38888
51748
95633
86928
74289
951
36142
79643
11419
53356
45633
73265
54230
85563
61931
57430
97715
34194
46606
59878
35908
85618
14246
23883
737
81434
61583
16434
98169
24116
75291
45208
74225
54386
53462
17963
10484
4524
57202
89508
52056
52246
25248
39634
75956
85226
59708
70862
36986
43713
20621
98298
96264
92972
40472
88307
31079
64562
862
15986
98451
41550
29957
88901
99607
1480
79717
82343
64718
98713
38362
95662
98036
9460
33774
98604
75319
26267
34505
45270
46689
11115
15217
41128
94551
94152
98750
54629
81934
66550
75999
63419
3878
40674
60581
66416
29905
42517
15869
73091
56586
99850
57074
17898
55882
76381
61848
91296
29066
90330
12451
47813
82472
94396
99042
83475
43395
93811
1129
89389
22555
70581
67262
47065
62097
66469
69852
18725
1249
14724
79683
52262
82133
28683
28402
49773
41724
57609
48111
66984
32327
68260
81298
94103
93790
42948
44451
69757
13605
77062
13387
51496
1422
30733
90059
40156
25905
45942
15006
38916
31559
21006
30395
56069
9144
28564
82381
18773
3413
68667
94090
46773
72167
21650
72826
52844
18728
56435
57578
36416
18991
45962
90359
15890
27213
64925
68878
13746
6241
36765
31459
58829
41213
36905
6148
76130
23031
22528
33864
36978
92036
76538
5025
53809
21579
81424
91019
94162
95113
23815
84874
5625
54139
81755
86330
29672
31158
95774
12613
55848
14656
17320
53764
54732
99369
22598
42383
68724
55298
47022
4366
87933
19037
18896
46040
50379
47502
9274
81213
3603
93140
49194
82672
46213
58509
10447
51720
50145
769
27918
46479
57515
44471
94175
97440
71782
48339
92187
98137
14277
13709
8701
30321
9174
21266
45579
90010
4996
42724
30678
86918
28543
79014
77499
48874
58439
83455
61675
9149
92547
59045
31126
21351
75814
60325
72195
99831
887
35705
16879
50674
80313
30864
94422
65318
9361
54028
5542
27757
38241
55011
98800
46346
38493
16809
53934
29841
58884
53103
31967
29579
33667
29843
82906
29079
69537
76825
2687
36681
2311
69398
86557
83091
87497
67715
79853
40314
74965
36291
70840
35216
12850
1468
45952
92312
3625
8697
77200
16612
18677
29123
25426
67241
61550
19588
54382
28555
47516
81484
72933
71185
80847
44665
86846
51296
41147
20309
59421
1723
20274
42584
56113
54971
37582
63291
99107
25535
84281
61677
80963
18342
78999
4308
14681
52948
53836
87071
34629
80669
12350
3180
67140
13520
33376
57749
37489
24972
88655
84747
51801
53101
31716
19930
67974
77532
78985
89553
40480
37915
91294
75458
97562
46844
72409
36656
19845
29926
91291
31987
67649
12653
68608
56829
46672
47402
90244
24770
11648
75954
48837
43553
36321
37124
53980
45176
55957
66640
87943
15850
59737
94438
61625
53359
15375
51541
13252
99118
93906
42519
83820
16717
95561
89422
95697
24599
10811
91311
57828
7323
78551
80323
33442
25571
21488
56738
74979
54062
71706
49206
45314
23462
94429
79939
90437
37836
33026
62490
22000
7752
21701
17612
64877
18930
37418
36129
17779
61593
85773
86558
29732
95348
60499
40873
61608
28018
56503
5846
4163
4993
43251
47646
1726
41324
60208
2267
26304
1169
80920
88
8702
65936
86759
15136
91863
75872
2389
38516
33605
60790
57397
88735
71547
79258
17096
15825
46383
13797
30456
16976
20670
63479
90942
27839
68537
11144
11715
85637
53148
10325
82032
87477
97067
27434
20824
2978
97076
23958
30230
91357
92203
76124
1650
37126
13393
76247
64713
8924
43374
79171
79602
82504
94548
66441
82897
52376
50224
53236
28015
49202
58667
71785
43978
81971
31783
69767
94216
91831
54846
65244
90510
11557
48612
94395
2270
31555
79254
19210
19150
33325
62856
48282
26724
95289
76721
59849
63439
40550
33623
52610
5552
19015
77179
15398
83631
41781
3936
6588
62139
86458
59248
18398
31369
35344
42741
5375
87338
70504
40971
61706
52620
42500
63407
23110
17871
77368
5985
71919
46043
37316
92370
58546
26834
14292
74577
39656
54282
3931
84284
49280
94761
4604
13074
15945
49346
16315
70251
23944
54292
34902
21654
97124
953
60472
58635
79617
35902
19572
7498
55587
50715
10255
89715
77197
11886
29932
59507
37953
5170
48360
92910
72315
2354
80614
3807
80815
78633
21054
84059
57188
41998
21622
57468
38923
56401
75341
85848
86965
22829
80550
68400
62568
41108
91851
70991
47776
49909
18407
72812
18272
7607
18884
59928
27267
11742
44454
92822
50389
23560
86256
12854
55655
11225
17756
32020
83305
78911
35395
80213
442
97873
27675
5989
94582
55577
98731
31235
63147
53648
23629
29330
66521
32341
89713
82520
25372
28045
40193
13715
74991
44893
99752
24806
92970
78812
8996
38453
17213
98264
30358
77007
72738
51537
10380
28237
94872
92548
52662
71627
42103
16071
94220
68612
21149
44830
89994
36965
11549
85796
39574
73078
94074
57143
49835
88812
50708
253
42796
68466
69827
84239
71290
18198
16682
36479
3039
47261
6324
59060
66316
23831
17278
36138
90961
57894
85214
41229
22691
79328
53583
39668
46542
22838
7285
62275
11664
92440
10668
9812
58170
94599
4503
59543
44171
1656
28047
61175
22731
78560
36861
51271
65883
25049
97112
13027
77092
27023
60081
32932
71707
37498
95220
14861
86433
60950
57626
69511
15490
98075
8187
15400
14161
17693
2327
38641
1021
82689
60182
10360
47396
59461
42217
1638
29052
55109
97685
1248
70395
629
95810
4026
19884
13067
1410
28970
29454
61308
88232
24861
42482
76704
26373
87040
86283
24417
87356
84084
50890
47779
42659
37724
85871
17614
56570
85112
7982
50459
97114
60615
65747
31117
24683
81101
62228
91797
38196
15228
96825
85999
9569
55740
73674
97526
51612
91125
84364
86809
47020
96134
83047
90872
33786
460
10299
71034
28506
59475
64889
19246
63534
6255
66800
31802
75668
37865
45837
79719
8484
89039
67706
48333
21570
61156
25277
4299
19063
81857
49665
87946
68586
95406
62060
5510
14721
40396
33875
77571
62210
51085
95804
98582
49823
53670
21762
45923
68477
52469
96857
63550
45741
49184
88421
7735
113
19102
51308
19134
76593
2317
95294
17696
2027
44935
82488
82880
58292
80072
87295
34972
15284
58032
65822
69174
73975
38292
3477
50480
75747
16469
11362
3883
86429
68957
27768
69339
61431
17281
59017
14117
21001
67755
69198
17478
20863
38181
38688
34518
66472
85802
41737
61564
63679
35020
90728
55698
40819
85701
59973
58252
16115
31773
14867
27729
67957
18995
65755
41704
69434
67821
85181
29046
88237
23811
59354
81473
11946
51814
28428
71136
11087
76086
3205
50635
56012
60421
81414
36172
26293
93268
22679
79226
45807
14039
48734
7516
46347
54571
96336
27799
71704
19634
67561
71694
90725
339
80692
44136
42547
95042
22614
76591
59862
95468
14961
24416
15304
83990
98174
51443
93031
98381
36908
50645
6577
88065
17212
36732
26702
26594
4623
2761
18479
60964
65988
26850
79005
5461
46917
38831
33410
52701
40286
93857
26162
7914
39683
54538
16031
61252
89397
58433
44505
28626
69623
84382
51638
23166
64897
60821
65285
69706
30913
28178
13340
74308
77213
80679
62384
66167
98043
69458
50593
55786
80883
40969
18340
93083
55261
4724
59544
18936
71393
18488
58397
78140
6097
17325
63697
92138
23159
14936
35223
76829
96279
93065
69278
35856
91113
59938
23345
61903
99844
46888
22052
14953
78657
16813
10657
56645
5682
21416
84873
49500
10895
96274
25846
36273
37701
45822
51972
6347
10943
62424
21467
37604
56680
50412
11217
51805
2476
47214
84468
3879
8725
19194
88920
52099
73421
30503
79438
52354
42316
80765
27129
5975
37355
42539
17188
10244
9540
87271
80199
59492
61
4483
57796
77493
82148
29119
14728
77125
95331
67528
9187
24501
37025
84770
92720
72853
36990
40285
53623
55033
5344
16972
68152
35424
33134
60515
14725
68269
21607
59843
70046
61946
36759
97247
73245
24368
55238
8906
31770
88906
16483
5403
71575
90339
19906
490
90995
75792
37548
40640
63097
93503
60329
94689
3531
17749
38436
38234
73837
22249
26708
96127
53146
46644
31893
66547
58726
64251
26709
33094
19292
33110
60501
36039
41240
94518
43857
4396
3572
49573
83724
32830
24198
45577
68215
64725
8322
60758
4893
91755
36153
70536
38236
88304
20842
78289
7571
68998
51357
51954
2261
69063
80565
99534
75864
34347
74759
70692
90697
61694
53094
69935
43359
5290
51
97338
158
6679
51318
40081
13249
77557
83097
66544
90797
59503
8508
61853
29101
52127
29966
14258
57105
54457
33973
62159
35886
81721
49836
48487
10018
92784
95376
74046
80784
79003
12760
87178
89670
22884
76148
28087
42983
75497
88888
72807
54301
85732
50306
59396
1108
696
53200
48389
28943
23326
25420
53689
40900
19881
68742
12378
16852
57734
4498
86515
79484
29844
39236
1443
84958
89158
88693
3459
48458
52054
67097
46170
34635
69073
83513
21404
39040
90001
53423
6668
92318
77903
74399
96519
44940
64154
21063
46828
60974
76235
3348
77606
69354
58989
22225
71045
19866
8930
2061
90164
58703
93066
82782
99728
61982
85080
50633
97370
3945
93675
53217
48615
81383
56694
63390
45754
9020
11961
22284
6431
73448
97625
95231
65918
75948
37678
29302
5112
14051
73016
58927
11797
2286
95705
96482
71453
31396
70346
98719
35827
62308
53221
15479
62936
2128
15797
85014
58877
40266
83683
19040
619
37032
64034
11680
27898
62781
31779
64676
15661
50925
61896
12110
14324
84301
16279
64506
84887
15048
13766
74884
34811
32259
59051
87077
62862
13558
46391
66232
64933
5383
3450
46033
84713
50271
74487
3226
84557
39327
60671
51760
57232
24785
23194
6765
10536
92433
59435
89395
98789
99751
82900
48997
99048
42296
32237
31816
9761
62859
85614
676
26934
59436
65263
99644
8876
98052
47116
57459
74567
1420
7591
74857
76368
95811
63099
55149
67992
51384
98294
21695
54644
38232
2655
74252
72193
57865
15203
37556
44757
3281
82625
38086
46776
37238
49547
15297
6406
8775
10409
89839
94428
30712
62674
65159
25792
68797
13601
7833
58580
10064
1116
38886
76276
51724
73359
24373
95976
50297
25315
90464
45525
77523
20579
12817
10590
70245
49919
68579
37225
20086
23954
47885
80754
88850
82397
23183
2391
47350
96176
1257
50114
97583
49000
52561
4597
80306
67667
66631
74436
66071
2710
12594
57305
69803
94615
87886
82212
68716
25990
74746
82925
18694
8573
13061
39790
82763
46403
60070
9684
16591
74927
20118
45637
24587
5509
79858
84607
97618
14687
28500
58281
53410
27263
6831
40548
18332
13717
37727
79376
56626
94406
92994
87261
24921
25122
12483
20974
4404
87304
76978
9486
81090
68635
19199
88899
9241
1597
54889
38089
7514
26837
59516
6178
53090
47556
21164
14050
88775
43959
93385
28814
60839
90358
21857
26102
88728
43510
70166
69104
61298
43135
50300
15276
58507
13390
76828
88257
18748
94052
252
69474
71551
80149
83534
13329
88921
70567
46575
10608
74097
51053
10009
70744
42224
92232
64497
30886
74938
41537
45518
88467
94992
34102
66629
37331
47973
18416
95859
86898
76846
30715
85475
68383
88103
10215
20335
48125
30042
63234
63806
82515
62515
57512
61567
80325
25978
66876
84459
42071
13911
90807
78873
95235
16165
2987
26418
9027
61832
86739
20537
99435
21209
14516
23200
86706
64165
9496
94543
60806
89845
14483
32008
81400
27549
47949
25885
82740
86988
18828
66439
64526
41660
78636
89935
80002
92995
86539
54916
35142
51803
69039
92942
18412
72204
92383
15019
21024
63031
46472
39422
85173
44421
6719
43446
60268
43377
63459
31655
28377
5446
53164
46541
34235
6247
674
62849
72046
34684
51332
76436
32436
19473
19456
83351
53273
95506
17483
56555
10439
15655
16307
6267
52774
29976
46135
3611
72038
88348
28928
25899
12700
97738
82219
82671
30225
39631
40878
99779
76563
28444
28615
31945
81055
87115
13235
17971
39435
37671
60092
25684
97803
24123
21306
31927
70758
84145
466
55337
85313
40361
41472
26927
48695
26179
54980
67940
75250
84298
65387
33823
18069
5339
21409
96209
3191
64848
26021
11216
40042
16100
13739
36769
2003
45554
99174
14824
95751
89854
3785
60300
3636
98564
13706
21201
46851
15081
98378
18625
29216
16029
78730
33571
41687
24743
9402
91281
81789
69277
68945
45684
67058
1111
1711
81350
75918
58835
16690
26959
69082
22590
53885
2799
75738
94232
21558
85814
93570
53243
24906
14343
19316
52184
81083
79360
75589
70389
35008
84137
93225
32581
8801
5255
19229
5720
20148
59898
45887
64687
76178
99969
87005
60931
23350
13519
27078
36584
16438
37829
16783
78826
65573
41261
63359
55962
16156
83048
58256
85222
41595
33493
41415
44246
62231
28491
53181
46602
3609
78294
55462
66321
13107
43223
19956
53668
67443
15938
18221
59585
95959
93469
14137
93876
6720
29146
80719
3763
28133
48302
63511
73278
67395
35434
78802
85204
620
76080
58982
55458
12504
91479
17990
12291
78263
72855
81482
70741
57695
90274
24564
29142
53430
82896
32050
35568
7214
6983
53061
76597
88516
85325
10496
69879
26302
73251
96078
80894
37260
44610
87568
94301
28603
774
99055
8115
65215
29181
29729
49905
76638
9734
72847
43306
41824
43028
5899
88372
53873
14690
66366
26681
80423
44521
78629
39590
74556
73821
90630
43366
66898
38676
46965
90452
3497
55824
20714
57089
14766
26256
21536
7737
16998
51682
4439
37906
81427
18443
15692
2533
18376
3487
93486
63704
62925
60497
2021
53286
85777
15216
65553
51824
86075
49739
66308
72327
29776
84071
80969
58464
73006
99047
85066
91664
70116
5505
54532
88487
96539
4474
37036
35789
33471
94408
52482
14604
18902
23420
90653
88156
27111
57532
33712
27385
16000
18002
88737
91483
61640
79514
10451
52080
30121
15296
59108
35678
60774
66005
28058
3403
45146
84707
90427
42696
14070
83830
75626
73035
21978
76990
51181
81474
96469
67612
58645
27699
68385
10839
58096
847
25498
73511
80647
43623
10750
809
21924
18147
11339
65547
38213
55773
37913
60004
94581
93221
53285
60511
20155
38354
98301
23163
94718
38237
44406
88946
4636
84565
7153
52121
48702
74488
9905
59380
75297
65684
56351
63086
70291
13813
79408
57893
44570
40998
90519
87591
58584
26952
78146
80501
51132
10139
55654
9794
2623
52416
15838
50911
70480
36648
45668
23423
75303
98927
65552
99479
7245
21375
17368
53054
50811
55194
32593
44302
50936
41376
10159
39865
58980
22863
63297
72222
25162
16099
43793
78878
31454
9874
55411
94736
38752
21153
63042
10936
47424
43789
84667
16887
71684
61639
13662
13698
46961
72633
54662
33689
66170
94435
96286
7728
94026
25020
31541
49067
5537
57117
74956
1959
4420
48608
92115
35173
79404
53916
68117
19209
18399
52037
61809
72893
66454
30382
12738
74669
96721
37404
18140
88542
15796
64182
39457
69207
30574
89319
17155
45616
10045
53117
51028
22591
4235
45662
26685
19389
41653
54617
50897
9200
34599
11083
39178
60678
62839
98054
41077
61763
83984
37305
28408
1391
2721
30656
88529
73889
79563
78316
13162
25797
48515
16252
13518
16079
53431
54837
99247
65426
96490
50194
23073
87119
47913
27459
56366
75236
40912
8555
81618
38026
40189
26861
24405
3655
78992
72141
54293
64887
19153
7055
40765
75735
87491
39075
73792
88484
80249
63749
31589
69605
73188
31923
50526
59442
53165
75008
67566
11267
38355
5607
20329
27756
38601
56434
54435
27568
80908
2014
3381
70599
67276
39482
71625
44954
21046
14099
82775
72155
47941
82082
80386
28056
85862
63526
34230
94498
32707
35733
51415
73584
69602
8979
64436
7803
92479
60146
72877
43443
5279
86571
19169
88779
44288
28515
42314
29509
81892
63950
68037
8449
19075
41006
69528
68306
42501
53395
13832
77409
34648
45733
26347
27593
65021
79427
40094
67372
61690
89148
97709
12640
17072
79977
82208
57962
31925
45406
42068
65303
69170
49552
94757
87869
6367
57707
30016
50850
70832
591
73350
83816
52475
91083
85957
97876
96678
61262
52336
6879
69289
71938
21531
13180
39135
56730
96634
17059
13423
70206
10485
98158
28040
5191
54052
68239
90147
10522
77405
53911
248
85251
63004
33499
9935
33288
92077
59302
88942
47251
21374
39472
1905
55158
97180
58490
29459
62434
28545
65069
76059
38065
30548
83530
9692
32896
79345
5836
73195
74773
31394
65948
60293
99423
82691
92333
49880
86326
4995
94899
23390
43005
70425
62460
45575
39047
37239
38681
79632
9721
90320
43595
54289
56161
98457
60593
69817
39378
54956
61335
30694
46879
73039
87980
55586
80619
15884
48081
96777
90684
65526
94648
69134
64306
38333
70454
25564
92538
26787
24284
20739
3903
2223
18872
81163
48643
57926
12205
48083
65940
8175
87831
26656
38489
79203
34055
15448
38586
57562
49065
73673
6892
39795
496
23914
1833
33918
96409
56866
56990
23967
48011
20598
49720
96598
33700
50192
31488
18030
11145
14104
94267
41397
38690
27066
17942
91726
32404
21538
78039
46758
57954
5786
93500
99257
11198
75627
97381
83928
63795
24282
51013
99562
50201
30085
28771
40679
41511
97513
41208
28621
19980
48168
861
71927
20637
31052
53397
64812
38694
97495
53744
78034
28653
89273
66675
52828
64538
95146
28101
12257
52641
20157
4401
14666
54108
91082
27513
93954
67604
50661
26165
1331
85408
43309
18302
94004
655
52703
28344
83931
24351
21953
97115
38891
50269
70673
57006
4381
22026
37128
77024
51358
49044
82009
68510
87358
66846
4453
19563
13906
47324
60203
19151
73267
38717
23586
95619
39355
81348
96366
62574
41330
71773
47041
81046
46591
80350
94771
52205
8310
31164
57054
33785
84566
22321
12981
11729
9691
24130
94008
72404
79045
25887
42257
48971
72233
83279
83626
92424
1526
93098
79705
94792
87045
40792
8069
98631
80170
55898
4816
80657
11556
13938
6913
41488
65309
17068
50384
1639
42240
95857
36300
65824
3199
79662
8627
17553
30509
31406
6002
20976
5744
92986
6946
27153
69345
46261
35979
80272
44972
11231
30930
28660
53574
63934
96683
59684
81994
63320
92461
65358
53564
3573
77505
11768
23699
15961
4673
71915
39806
34824
21166
24920
38764
80606
6758
70231
52747
19522
29971
17599
88664
53844
79829
63553
81802
4112
36060
14254
84776
42288
82864
63111
95225
31058
62395
91209
51683
45602
50317
48534
45213
23583
78278
65156
74493
80764
64138
21724
19448
61751
74181
97671
12361
19525
45713
64726
28680
51840
66124
75946
69739
52879
58901
18435
86197
28405
43361
16439
94556
86707
11919
27762
84421
42183
31360
68546
5166
10032
47935
28064
73183
39098
85424
35910
13781
2496
83556
55907
92372
939
28894
1825
4758
24730
98291
25334
21084
37888
29342
43468
35701
60013
25040
38859
21786
9176
49084
54500
2118
2253
20547
72589
95390
67641
80708
75029
12934
43125
68067
10463
50906
60984
49524
46026
91335
75606
19829
89646
49365
29601
16323
63379
63720
65477
31293
23103
14796
96669
64465
93695
28914
29626
97129
87371
1502
82859
70632
6581
17419
6026
19197
12283
74268
80734
64558
45752
94375
49678
14518
60833
86408
688
6713
67363
83764
36882
69926
98030
32347
47732
41333
49295
30806
48894
73156
28879
83811
44871
55230
73152
91228
74694
86162
80415
23248
10527
36602
86133
36329
54537
68218
60971
78839
41825
34809
32573
68654
30215
84034
99821
10482
71097
94433
59247
33487
43645
90443
62646
64430
41750
79793
35390
22557
94303
33795
38744
35257
91344
60924
91277
37777
59251
46049
32771
97637
906
23360
46294
7586
21850
26777
88205
22680
95881
17195
58074
84931
64537
56650
53435
45105
13343
5538
32882
27695
47463
95288
35470
50926
50191
39767
76126
20984
92757
66525
4035
74873
5908
32713
6333
95407
69180
87812
97536
63693
84318
41969
36836
83604
82136
54857
82865
30406
69036
47276
2990
73097
91521
20300
22804
52545
31286
91841
33930
10206
37807
28012
86477
9025
51818
3469
64831
21646
74946
85711
36415
43016
17400
4650
25280
79432
35206
16539
41412
28991
77187
30567
24549
88448
27633
83649
31331
7063
18166
59164
52810
64932
8265
84194
91737
56402
48175
16962
4928
20385
63195
78312
62694
83860
39815
67292
15461
90733
76300
87481
27088
74944
65331
44671
26935
49885
48787
17897
66911
80057
34870
42571
89600
72579
82948
91925
51188
9229
5554
3681
47439
669
94153
76418
39812
70670
31352
46555
50534
28765
56524
57335
24453
23263
91567
23196
99747
62041
3699
15606
63299
70041
9512
18727
6579
74584
70799
20780
11082
50523
82606
65568
51488
49444
41008
79101
4321
48764
40924
49210
15425
4610
73555
66561
30620
35768
54336
32318
29878
43287
62034
87767
61950
875
20918
55775
4918
81380
66880
74482
90342
51746
86529
50711
67251
10577
6391
4063
9472
34207
15146
72101
20536
10879
91440
6153
11484
72350
22963
29805
63699
90238
9303
64540
61775
67214
34762
10830
18612
66597
79951
90163
12363
62620
21524
12073
74143
23512
75489
78832
13233
26616
50858
16989
3887
33036
13681
9834
57316
3436
45359
20509
58271
20799
64786
93922
67875
54793
93320
6084
25153
12903
47207
29614
64126
17208
72907
65925
35336
35515
13654
46410
78986
5318
60644
4011
12708
70835
10880
85419
43260
96301
34702
51262
18939
42593
29305
93630
38054
25944
25445
31223
92081
37104
68283
56212
4344
30160
11866
42028
82086
26579
17063
56202
51652
13608
18542
59496
31491
75952
1974
75753
93951
73508
3347
399
66638
64378
57947
62898
55106
63206
21427
2116
82465
18517
86286
25410
23156
74136
16540
91106
30820
36672
71031
71848
86036
8685
63879
58524
74721
16045
28874
13011
4119
25799
94524
6689
85771
30054
30272
62636
34443
78906
14031
82731
63498
46920
56632
96511
57253
7597
80683
26695
79922
89969
80019
94402
92117
30815
28981
6486
22164
98667
69702
8731
72001
88771
14726
22417
25502
75473
75544
38785
38838
5949
28647
11803
9536
48377
31398
38604
27766
18266
955
21246
33080
47703
89085
20054
52759
63516
912
26319
59265
62478
77370
23471
68756
46201
25841
67615
27260
2208
4433
3811
26050
37452
70759
72304
55059
25946
12822
59290
96043
68070
65479
14139
88268
3680
68901
42561
73793
50992
66668
71024
46417
73151
5695
43252
33069
52293
10407
10166
12163
85600
98964
59199
20597
72974
55511
76466
76760
71941
10702
15113
76423
32309
12617
18617
84742
17520
31566
5737
12015
24299
57422
83549
31914
53364
27545
11950
91912
38227
85401
28010
93092
47202
30790
5458
65681
27856
46440
18043
3088
81421
6574
63441
39605
95254
61372
98262
92454
73721
91373
14318
67847
76431
26066
62957
5471
18044
38737
37243
74579
14043
31979
93900
97151
16108
15651
84264
46
3514
1846
1981
6954
53692
74819
88835
63406
39401
4086
7361
4749
17479
30057
59751
98390
4311
98902
513
27864
59665
96687
40663
79517
99462
50856
46694
83867
65968
21034
12894
5489
87405
73997
56263
5612
12051
57237
76429
99419
98976
31568
47586
55555
94897
96141
19284
77673
62642
35069
10228
79957
75361
2668
43379
472
74220
18752
11308
80865
84648
11719
94559
38282
76547
26507
2078
4189
54972
58310
69442
43130
42131
55399
68841
36176
79194
90470
42122
18800
31031
32229
96856
19695
24938
48047
48763
31756
18735
10396
20056
15380
637
86615
29261
11927
49489
44401
15383
9875
15983
13807
2244
13934
26257
10674
25682
17539
5920
40852
98093
89765
76477
61938
40261
651
48989
21569
66814
54607
30294
65902
85916
56726
13220
54503
66764
85349
40102
96197
67311
51744
40249
94346
48838
39774
12383
16186
52465
94446
38576
29618
87137
19470
90122
17371
64514
29267
37819
86341
78076
81813
94466
75071
19223
4444
79095
54015
53721
69539
17102
79564
68686
34390
87050
96312
70273
11166
53028
97409
84184
49414
30577
98333
70689
88410
66074
62157
90530
942
15524
71202
73606
35708
12797
31804
1444
32608
86592
19766
24421
27374
87742
8315
65042
4052
38397
86755
80562
53827
56487
60898
52902
82847
33601
39492
29152
82690
92657
98157
87306
41320
38793
27004
46764
84458
14284
87997
21446
42198
52694
32734
20576
40303
1202
4549
26296
95737
94854
7865
35451
92522
66329
18587
37796
69336
69910
88081
77341
88988
62549
31930
3580
67330
18185
98758
54032
57857
6451
43584
85699
17143
3850
50334
82002
62343
49433
54917
7173
98602
79192
48652
52615
38400
30636
68864
7012
47918
94199
23081
75105
1774
35614
83634
80932
11545
55931
48701
83246
43855
99557
92993
8425
89244
21973
32044
10006
38778
97030
92106
5496
26559
66137
4388
91090
17708
99326
34112
93529
66869
4936
68660
52153
91593
92653
90088
84394
91104
17751
94722
36817
25998
20229
62753
71789
18691
65890
96906
98860
74536
68129
81100
72902
89065
35371
72020
65166
68644
5468
41004
87396
60318
92219
94831
47615
57095
45681
71900
99309
20769
33892
25712
43480
60518
74525
26043
10016
8807
25613
78764
17746
84016
14987
78067
21662
96485
5901
91986
48785
79406
37429
48129
47750
5716
75131
48457
88119
12433
7815
2250
84467
79398
35666
36721
38427
56385
39140
78835
59551
51671
58563
3892
66068
14786
89844
36301
87246
57553
48244
21244
94555
39611
75502
70845
3438
87243
31605
3803
56772
59467
55154
3114
34649
4564
25870
10823
4838
70682
31950
4931
79732
54171
33942
4617
62326
74877
22426
22365
98332
54363
54372
19283
75430
57722
50917
65230
45774
3927
87920
3166
88627
22510
56783
40039
41483
89797
14959
14739
12225
89251
20190
20996
30093
78182
71361
42867
41145
38076
18220
37951
10559
60741
83979
67948
20355
92463
49762
34431
66025
29183
52927
61727
54070
51183
29865
14337
23668
1153
98095
35210
17686
82707
77513
61641
86231
62517
89699
5476
15527
30645
77457
1719
70295
64519
28003
81176
35143
17410
98994
1074
54135
53970
13146
29414
10932
4973
13273
95460
37963
46263
39745
96959
10200
38286
81143
92670
58226
66312
96351
35845
35970
99270
36962
54005
28090
64614
52123
77756
93327
33877
70953
21986
19545
52263
30675
4968
14253
34351
38856
73205
80219
67896
90681
23455
7179
99219
65408
49951
14599
20877
60372
40168
92864
25949
91563
80898
65342
42628
38885
28049
83372
50517
21122
14574
99811
49871
45614
6945
3373
96658
95769
34517
40911
79356
5030
2882
73124
18940
63435
41554
17075
44058
65110
76761
44034
53852
93027
59548
9633
7732
32400
80014
96628
33685
73789
14432
24755
9969
33428
89469
34913
44912
71870
98285
62892
53436
60520
4899
11853
30480
8960
28721
35522
3612
15820
5924
3467
69403
24445
3997
8280
46706
29026
51380
42386
10906
62662
75961
48304
18139
5464
34399
70515
95033
7158
23795
90724
90343
13800
45556
66118
50198
53089
83691
49892
44440
9660
18331
66870
71550
9039
99299
59964
87801
21344
47337
958
62739
68827
51327
40276
86513
72739
90618
57409
71865
49010
32727
56093
86640
65232
13712
70131
408
54940
29857
66408
64440
33186
17104
10738
99829
99095
48153
66442
33709
67858
23651
1967
76481
13187
77471
19555
95616
80060
55065
97344
75709
61747
59190
47033
33077
18913
88333
42732
75156
50156
37857
58119
32704
67662
51768
34331
18470
23250
76243
36565
94882
39349
92413
24480
3597
80779
16313
23304
23578
64698
13616
65467
85890
29513
55507
28346
8451
3865
92456
81236
41718
23480
93997
45618
5871
94663
47930
56982
30987
82590
69801
31154
34551
87840
99459
66565
34620
71192
49753
83182
7576
5120
29449
32927
96434
11964
53022
67753
23269
79445
94675
37599
358
98679
54517
87873
37707
36092
98992
24049
3397
63708
86199
43689
70917
18285
69592
19724
44146
94416
37066
1258
16384
83013
90416
99145
11589
38926
63852
66169
69
45851
19488
68794
53968
17306
42268
76735
31935
23482
65344
75560
50861
12848
68227
28274
37845
40484
16721
51193
89357
41622
47664
54046
87716
96058
22738
89861
54183
83069
77211
61082
45803
51311
8278
12813
51872
11749
82145
21325
12516
61952
57623
43414
42634
24897
7347
74827
5405
25075
4064
37109
97449
67298
25034
99066
35325
92489
76145
34593
70861
34465
8785
72808
46557
70713
55250
99988
62508
84161
4370
40540
28732
13259
75533
67487
3888
51010
91454
98429
43278
57289
26133
40326
53229
17654
6068
65313
69383
68776
22331
26968
72505
88890
23644
96878
10086
35397
18755
82165
93286
2697
6412
48964
39321
27382
87934
25199
24106
90241
67971
98001
25256
2634
79945
65391
53743
89669
89673
75454
1083
62864
51007
3648
91653
87914
92624
18738
72521
67367
15589
58614
43184
54450
44335
29788
39073
54863
81139
20103
32865
91899
43790
1603
63098
34218
54337
86422
86962
12095
50599
25695
32944
38140
29751
60734
57017
44423
71418
9519
78353
41814
75015
29965
68522
56061
24514
12746
93364
64861
54024
99730
82656
57293
10612
99201
69237
88820
76435
61295
13024
23513
16931
24330
60553
17458
46898
96028
25997
8246
70047
40048
68151
72942
82435
81303
11901
67201
34945
1924
77325
10015
38801
85752
25779
94018
99959
53937
59327
73140
43256
21784
61652
42079
86487
59930
87907
41160
42910
7850
6257
37834
82780
80785
94941
37127
5258
8316
58402
81030
92462
55051
63919
16617
43582
60902
93640
10753
32900
33580
82270
67799
71681
52313
63637
72217
29585
16052
98583
43903
18101
7373
58126
73578
12809
93554
70002
20949
63773
23503
28042
16242
57704
36003
85015
23009
47140
84637
17568
36828
20209
33541
63284
5953
51709
54667
88523
28459
66920
80560
90024
62558
70783
37736
72182
52164
98222
51963
55976
55044
52971
44187
47005
59409
71994
52408
90748
51713
9545
37837
82538
95654
27197
22462
94404
96070
81559
53474
23891
52655
78618
80843
37392
99688
21573
69979
6310
55311
33522
98638
14852
69451
18203
55546
33103
2933
29439
40673
20836
69397
81063
2042
4232
57024
43850
55704
21406
79362
65143
78787
39662
81551
50879
36985
64065
73498
66824
49511
44798
85273
2907
23697
9981
94759
31896
34825
43942
10247
96015
79413
37472
62370
18595
62961
14866
15684
20445
24088
58193
77878
33063
85185
98639
42388
91023
62788
77849
63500
16125
25242
49878
83996
68966
25479
5338
24455
11741
575
88478
77494
80429
77668
39008
11141
78581
75004
73229
49889
36284
50704
8599
2266
84563
74323
14322
48548
99032
50005
20228
39201
94093
11912
1648
28616
23588
69305
87779
68810
1631
67857
76717
72185
75742
70196
54840
49740
3749
61461
44308
9842
50639
12826
61409
55818
62987
59823
24040
70314
65200
42637
79942
46691
47332
62361
51752
17909
56119
12784
37078
69606
79604
1630
309
7462
6351
71936
70219
57469
35742
62117
84538
90178
12876
69136
37991
20511
34471
59615
87746
6847
45062
53503
68750
20468
17573
87839
41089
86545
35673
18722
43649
97347
18249
54836
24166
83443
38016
39316
53553
93886
31587
95297
22359
81504
73709
74565
55835
89024
10901
22869
15412
94432
35442
59908
88323
6936
58145
87741
14044
23476
84914
20101
47330
34414
40509
6643
22146
92799
37549
39789
63535
38653
19135
17793
19012
36699
69810
38735
75052
77503
76118
24601
38462
94795
34766
92245
33027
97376
26798
76623
77603
63938
71875
96547
1808
43213
97453
19656
60579
47570
36277
77576
65989
45320
12501
5630
39083
81128
91897
18167
60814
2941
55541
46001
62734
8747
48681
67598
2139
45869
12753
53710
64629
93836
42202
78726
50663
36185
34136
7870
64257
12795
82084
72793
79229
59331
40492
24607
21789
12201
58545
95112
42608
59487
52220
50833
40959
21269
16092
26255
45658
4786
33556
74241
63512
94222
47769
41982
70349
84088
31315
97164
18585
32329
13302
50721
60554
47799
83743
90236
7872
65717
59476
85394
87586
55708
79735
85955
9700
99382
5703
47419
4695
40902
57730
88048
22843
99804
35202
49354
82560
23558
29883
37350
64362
51705
8003
51485
44417
50460
53004
89564
37494
86312
33548
55425
2232
60882
40211
54717
60135
6356
14783
4953
38965
66591
9891
35521
93112
53079
5718
70164
32232
3055
31096
74098
54010
81580
91015
32004
49501
40603
63035
14567
9670
55771
74961
32864
46012
90346
11784
93647
29378
71409
13761
48395
10827
56191
7217
65425
5398
62177
11293
68286
27664
45597
63947
97274
70707
83103
77935
1734
34822
71367
7216
8846
72699
36954
51870
15009
93879
52860
3288
51045
84199
62860
97081
95845
72909
90267
27484
9546
61609
19690
1304
95169
47268
1474
12702
72977
50902
13116
95025
65322
79913
29333
20239
46613
58503
66918
412
42626
6354
81448
91478
26228
56110
99723
97762
71972
96928
1337
67934
66956
99778
4728
11898
52021
78579
25984
13456
35990
18495
36998
79621
10107
56244
94525
89936
75844
93157
42394
45453
66247
48836
92209
15171
70259
1094
25937
30419
5415
2191
77582
20174
94309
45605
48063
47900
72695
48338
71356
70980
94387
40491
36484
74545
18320
83902
41266
20188
89802
98935
56889
67749
68850
57110
89206
29422
30542
93943
73802
94868
61150
8444
54299
38185
76923
10054
58593
91442
93004
40718
57059
81506
85727
95595
99418
30688
51941
88084
72797
29948
33368
993
58357
83252
2608
13789
12049
86616
10685
86926
31357
48868
91126
8893
62638
43570
37073
18378
77068
56780
91615
21623
77828
84558
99104
26067
59038
2826
26316
83201
93702
23335
96345
35350
9741
6393
58465
79136
71295
54101
33443
2313
9078
22602
46366
57092
1348
83025
3657
65856
84413
73631
54566
51827
84596
52294
14226
5609
54653
48999
37622
34708
55608
23289
21336
56690
52894
89068
3649
22406
22695
32980
3361
7500
65924
19423
52546
93595
47085
15152
55048
12787
23033
9646
1389
70051
42899
69085
71484
2406
15503
74889
9865
90260
18132
19291
58419
69889
42523
76535
78552
96435
61624
52678
76216
48647
81015
52718
76267
34393
82294
16994
1885
69450
36330
70550
79359
8780
68162
15947
72425
70487
57102
94117
86801
48593
34056
59534
9748
36797
23419
41760
56345
67185
74204
42272
74209
77890
63274
31819
26330
8234
66623
78976
41945
78895
67375
81283
85303
18468
37240
73438
38947
53671
94965
28761
71583
34887
89194
39860
8974
90901
89727
75118
3306
37375
55397
15174
98436
86952
64894
5647
24516
16582
16514
72879
6302
91914
35182
72181
69019
34145
81599
98339
3631
36556
76287
20009
46531
96177
54305
15737
65436
39895
37830
58376
80930
29681
68899
77659
12673
59696
36951
80193
73979
32884
99766
13820
88977
348
6607
13609
16957
78085
94969
93342
6547
91494
20964
39272
62259
64956
26154
27763
26514
24863
80099
34437
4484
16966
52837
4937
19531
24793
89818
87369
67265
74349
65257
84404
49960
51429
10301
50396
21710
96604
89718
98834
80682
91006
95931
9710
33431
12921
91279
74934
39093
56647
59627
21768
43030
93476
31238
38064
31008
52665
54432
37464
15259
32352
80401
57431
72919
89656
57708
29842
57042
95278
32291
45794
20079
28512
43830
67259
9323
2508
4220
28326
71368
17466
45739
69013
7830
44233
57109
74016
41328
35850
85063
91425
56561
53851
96299
95152
22780
33969
48335
7324
76505
81505
20283
73400
73920
43189
40916
97097
48766
19955
32273
26242
37496
63513
17780
74894
92260
18190
3991
19392
12348
86581
13366
50316
23119
35849
62140
77351
70537
73530
41384
96383
9068
97824
23879
48144
56543
69837
31611
59620
19941
65715
47803
72293
23582
19207
69065
55435
45825
52342
60003
13058
15557
91740
83026
60587
71211
39100
51774
3637
41630
3688
22978
4251
44148
21848
50212
34752
59214
48931
46284
43093
81887
47282
86119
33318
41279
66106
16110
29190
12427
49086
4375
66425
67726
92395
78962
29806
46701
5719
64857
87441
74717
7149
62371
82643
29139
47912
65778
31803
47018
94373
44591
2874
99040
40106
94156
39200
27903
89986
73938
78528
86786
68642
21949
20374
78803
23864
37937
52691
63605
67437
3616
67353
6033
66437
22615
4463
97183
40390
12183
31252
66798
86328
86674
90712
56442
658
56827
16756
27713
92774
74661
75058
54586
80910
72218
2811
33680
17735
93227
17975
64398
57611
40010
17439
78961
21941
53506
96090
32945
2173
15129
47597
91214
7527
34675
91773
61147
83694
13935
47504
44262
12437
90632
97823
44321
63682
23050
74106
63487
74301
58111
6798
83493
38298
2640
27365
63551
52790
42247
78267
21615
45395
3169
41302
19523
67258
73531
65548
85846
84769
97700
48283
47843
42691
22265
29898
31599
3152
12973
48579
12835
13544
75321
87903
73522
9410
31335
94412
41097
11050
31457
15419
22556
31452
95086
57735
78051
19121
86587
7647
80668
51369
52137
10817
85783
85967
49214
94512
83320
8371
28566
75194
50401
66897
94721
54946
3799
97666
78583
94080
23936
62488
93041
42018
65043
69518
27220
93335
18815
28917
72013
75368
64646
63896
35644
11180
83207
58232
34991
56092
59058
11258
73726
11279
26470
39780
25743
97054
94496
76495
48503
2076
27012
81759
15611
17203
67681
71983
82971
94427
48851
38246
12559
34195
53563
7926
17579
34721
57978
51104
95642
2235
12412
64618
87989
12329
60969
58392
34454
66527
23783
63179
56673
539
16271
26268
14447
80787
73939
81598
25855
19474
59700
68599
15188
98605
94314
6285
30483
5179
40344
65478
77298
91934
23215
72961
22936
73260
27682
81241
36013
65713
33213
21045
44263
36859
1170
91714
58858
44855
2872
5286
74238
59224
8327
59240
22725
981
90664
21655
77470
16599
99582
66438
56227
55639
81636
86768
35267
34245
3708
6880
2165
86046
542
67159
98840
40655
27822
81711
5798
84905
37384
11134
53308
64338
49586
29631
73396
76699
51905
26481
72091
98568
64616
73000
17113
40186
35016
29290
24960
10656
34941
81197
42433
5982
77555
19987
12665
73935
17808
59218
96382
92563
5567
65471
65716
80893
82943
19227
85118
26654
78378
20233
44304
95281
94849
76929
34537
32311
57282
74354
96319
78493
65278
93682
99347
43847
57785
42181
53982
18852
58948
54693
78536
38030
25176
5831
21373
51140
78134
38150
80078
85038
34983
26409
56204
62994
19033
8740
22470
14737
77194
96554
85094
31728
6868
28679
48935
69224
83907
4243
55357
77895
87535
57412
82078
2319
86808
77667
3546
29604
28862
69914
68032
71204
11409
73071
65762
16986
92488
12112
45679
12351
42657
29939
42424
86779
94647
12782
27413
19128
21551
60223
79429
89398
24986
18240
3741
4590
73831
3139
62225
62589
45193
11958
51506
7145
80791
18143
49901
89026
52735
6373
86071
57770
43400
25318
18858
43034
17137
49360
12284
42231
86858
6533
24315
78978
31173
5856
65108
97197
27808
88056
42758
36505
66003
55928
60202
45524
84975
33444
74011
83680
43536
3119
80525
58467
58699
62064
56218
55266
7917
923
79744
62160
59990
66218
822
27228
25287
69522
87937
2770
71285
89322
88110
42546
79780
42792
81426
79949
1809
4796
2100
44463
40820
35026
33250
4003
78344
64074
9404
25261
18116
57951
59653
73462
87854
64017
72656
42959
82162
74211
9308
89230
21962
24622
70011
89944
86833
57557
15117
52045
82753
56489
67473
67926
2041
88625
2873
27612
13188
62669
64476
15449
20804
46133
35852
83954
99826
64275
39317
93567
49400
82246
89628
91596
46848
26301
28954
12575
93767
14480
53451
14113
33120
25094
27240
29795
83726
4782
58723
6738
42549
51521
86762
53609
48117
38112
24467
37709
81031
6502
55412
87539
37361
43740
82446
44398
60102
6969
50168
43881
62000
86894
656
30249
79721
41775
71205
49770
80825
15265
98140
89147
17313
90827
34160
77655
82236
81288
8666
86695
35649
56728
6501
96672
79107
34387
32379
65300
52169
98039
89920
58632
21454
5031
17730
77428
74969
82232
96041
31535
6570
54783
30038
44315
82993
12633
3304
50940
90683
36878
15459
53688
25994
31139
93263
75800
14632
8477
68126
16443
89347
81831
18639
61633
92929
33923
57021
25200
38536
40552
29832
95486
52223
55393
49477
47728
67389
19332
90188
29897
8911
78628
72030
44088
97530
44541
70831
54370
43784
1862
47233
66812
4224
56950
32558
44525
20862
77081
40929
20244
82629
91712
31392
87904
83229
25680
59006
84250
83602
88658
53116
34274
3556
97624
67456
72344
17796
29553
72406
67684
33241
91013
44888
32080
3284
18758
46692
97337
8335
86742
34018
84026
75484
74360
10433
91752
13604
93164
59818
9956
27981
74690
95860
62803
87489
27781
69989
18695
85876
57004
42300
84193
62960
19419
1204
68671
96181
60983
36718
10995
50399
9014
92591
70885
42174
4222
76714
65538
89154
6230
75968
99386
92921
9797
70971
28086
58451
6389
88877
78308
69120
17960
60455
60788
72485
57179
90069
87730
3782
4242
6540
8556
92497
41168
46778
38369
50816
3267
62550
81825
4630
88411
62080
12307
5094
19890
4376
77360
18197
29768
24075
55168
10555
29051
41104
74196
69058
31221
67741
40917
81231
63357
64370
97127
73705
72333
97908
62757
94662
67708
66330
96211
69049
92810
801
22233
27467
77851
54365
93962
50079
41667
87776
24583
76574
23120
262
52514
4813
72598
77999
66974
43393
30253
89933
64353
5644
97028
16576
3929
44478
22402
16662
58707
29983
43656
26796
97296
4878
21635
98320
9382
34496
93413
14836
26349
25328
96188
2308
28654
8164
89503
74587
90335
36056
59623
64057
64328
91565
39560
26590
68956
29111
31022
92766
21447
85829
48279
16737
58153
5922
46372
64634
9116
52187
7937
78349
73901
61949
83532
22355
19635
75762
20028
53213
96300
5053
48148
63529
91182
61855
98258
95234
79531
85061
86325
71436
82196
58531
99411
14024
66688
47954
23414
22100
34578
11379
59967
93007
80654
6950
72157
48068
64813
1032
84307
37253
82523
14138
28619
87461
44172
72510
61209
1966
52783
7014
61159
20039
91994
84212
97835
13636
47069
67747
107
71445
20544
13324
98156
9254
41948
34739
13625
16088
7472
86729
32597
80143
2828
96076
70305
42387
19743
33263
64853
22056
77512
36447
1081
56912
5503
40948
29466
9438
81238
98520
93414
42230
29933
96623
48420
71291
94195
68679
4939
60134
59028
99224
2850
16224
19052
80040
14095
56163
27662
10912
64918
28623
61620
55988
55629
3659
78596
2572
52811
99416
53501
5408
5650
19938
3607
20841
19697
99706
69113
82076
62824
51955
98864
34683
11955
25050
84006
39698
98932
4679
97632
28530
12772
61668
35956
70685
37357
18630
74217
81267
97790
56601
28887
7124
88518
59188
14862
11509
81855
23661
47786
22950
97477
73797
68331
95293
86568
35464
90747
17511
50830
95020
38509
16927
59584
15471
28646
45818
46141
679
3507
12440
12670
90576
1686
92172
44150
36924
79832
43095
27744
36404
29785
9484
36614
46101
42284
90913
21324
82160
98463
75281
88096
75506
25543
51687
41701
52453
38396
94911
63310
48162
69936
64970
65885
70717
47632
76789
30074
80793
82919
59152
68869
53348
57165
1165
56915
73411
75965
37732
96910
405
63237
45615
95794
71508
41616
38115
18295
64114
29220
1259
65405
47840
4655
23068
93220
50370
45101
48572
10075
47448
52895
38570
7120
78801
9781
13471
39759
12825
7489
94127
3136
89478
42309
41235
96972
15302
83511
4616
8707
74677
76686
95013
81401
50792
56532
21939
98074
79797
58235
22238
2167
89301
29364
40925
24624
4217
50264
15519
35208
81082
2346
50780
89289
37423
22923
67557
15803
64490
16827
43310
65054
69126
98900
76197
20952
65130
22786
2541
74790
21287
60820
86725
22438
34709
25540
64199
84365
60823
36698
46265
48586
66996
87518
40179
69868
85441
73296
99624
88703
59895
18110
91763
98000
62887
2755
26184
94958
75292
51136
37572
75530
38052
97691
70791
17315
35985
73208
44829
60835
14269
99019
57682
40333
69692
13634
77650
44166
7062
77269
76175
45290
78727
33458
39197
14539
32705
8904
52935
88576
64976
31019
38918
28126
66132
45420
63075
73017
63028
41429
52485
19738
39279
76498
69240
85759
96584
84655
15475
78082
86476
37011
48774
46231
29685
55692
10980
46236
35632
82571
7506
79213
34644
14946
81673
96108
69490
53712
8031
16
76459
31343
80543
48105
69995
17145
28100
74840
34210
46038
67885
73340
52292
70629
71750
39161
20820
26722
78387
56305
97848
21175
59194
83879
75584
77055
77301
78817
39913
78046
87931
84001
67460
20653
71373
87607
98136
97572
76759
49353
72138
45462
71852
1640
20704
45517
25326
8217
16338
58468
11004
15549
1834
9067
74134
49053
45768
802
55760
76084
97036
6985
50784
39296
86260
13955
18539
60101
58821
17630
42362
85679
687
88759
60692
24296
83806
54531
9131
92638
40178
4523
49983
39125
34596
93958
27727
82706
12294
50210
55270
43585
64770
54905
26829
89460
84621
76586
43333
5508
13106
83766
53646
90671
76886
41501
72931
20708
26006
39920
9439
71323
79748
11062
97373
36720
43566
28823
24053
27704
6439
75412
19276
25935
35795
92672
69204
5511
92259
98856
33038
47459
33350
69694
27017
83573
47805
17453
5601
5084
45919
19691
95207
43717
83962
93243
67431
28215
65972
95863
60794
4250
21429
16820
85445
61245
12608
94034
51115
12413
14460
79788
11647
26936
75697
97169
4645
51075
39369
88034
81708
58461
89396
45153
12420
74968
70765
41019
74886
89858
30665
9238
19803
80086
76876
84051
14793
13285
64268
49223
19527
28050
72571
16680
53819
57979
3378
75111
28143
97315
84665
26146
68565
2344
40783
74646
51160
26538
84285
66053
99335
78714
71160
42680
58121
4277
71112
59460
77938
13371
39063
20217
13097
23615
39956
53924
34313
68883
21059
37718
23316
76872
85940
377
55211
7543
48893
44720
88181
92586
28799
28916
74227
31085
57441
72674
48692
63146
59014
68735
39483
90344
49734
83647
72257
67908
33532
39497
99663
6730
93370
55321
56635
88916
77292
63196
28445
85902
27745
72751
69776
21981
50312
69884
51200
66450
44998
44311
74963
33455
44979
6885
29149
9046
44200
34997
8834
61129
35537
86367
11772
37213
27960
45515
45192
98511
16216
93987
92724
28457
39202
91219
76317
58477
85020
84406
57187
77653
30756
53002
82851
93840
9401
52772
43415
83270
36319
50222
12462
37293
27346
41118
51195
48161
64882
68888
85747
92603
62149
46731
11882
4792
46683
22840
99193
16065
33730
96092
18014
26416
962
43134
9927
38160
55959
56441
34542
86086
907
44637
97432
3541
93526
77882
95807
46735
78988
4488
37383
45250
20899
48444
33778
12375
20423
46125
72555
99529
7460
7356
10008
68741
85009
58883
86506
15535
37833
19177
19864
28241
88397
74419
17174
37012
11802
93076
99452
62668
7984
41940
28374
15341
39661
28256
59781
52146
17201
56547
81431
17906
98972
30132
79054
80058
75512
89101
92950
57789
83203
65845
16999
94990
99021
5385
79685
60187
66173
64333
54428
99255
54148
53015
98641
1503
56541
10506
34375
8822
88003
50022
70600
56617
63742
69746
35867
52725
99110
49217
27488
70090
58334
77841
22182
68370
69908
55363
23569
43025
36676
31281
92243
8370
33574
21291
11891
89440
72691
21240
27780
89305
1290
65007
66625
50985
38015
16524
85714
19311
96914
19010
35548
95316
25528
39033
10917
3711
63336
98552
24807
73615
27389
31901
1801
29544
61042
93658
17461
67739
52800
28643
20181
78575
37466
50560
4440
63505
78306
89922
61333
93283
49993
61916
69413
49333
52981
28193
46006
31179
21796
95772
68004
64095
34567
35264
77679
93131
20801
81646
61513
40698
54043
2877
50815
45210
97287
36910
69291
51568
13159
58720
74019
93317
89263
34163
85421
47980
66538
41058
52095
86008
84799
52909
20578
10534
11644
48573
69138
37600
76595
53526
74162
56029
3005
66511
56751
47060
10487
68718
77222
52983
64474
30835
53615
40282
10308
83353
12142
68702
30817
80922
50159
27109
99947
65700
65931
13602
48828
48253
72060
80811
22352
67018
7432
64186
45646
26223
60933
46068
37832
8414
13755
54870
21161
94682
62579
91282
56771
44712
39900
12236
49415
31825
82233
55723
44352
65903
23277
77963
4599
75444
62289
23416
36530
68926
4415
75874
22291
21412
65628
42301
17727
4451
54671
32055
8720
66595
59012
5362
1520
92928
50249
75932
78749
84552
26300
6528
69269
14761
17025
60661
11913
59685
67843
25444
56654
66140
88993
47074
79324
44125
58412
49870
65775
23638
89016
11617
72170
161
27447
38442
16061
50868
28757
90592
52098
89232
77645
89492
3617
74185
67235
92819
63820
35761
24726
35384
90044
78184
83361
21464
24959
27041
46772
89971
25772
63263
48181
8793
86990
2535
34798
19164
25414
13111
1188
64952
72944
33993
52004
65132
37431
73385
38562
19762
48864
61320
3995
17653
24124
28266
96386
29291
38372
91014
79038
94534
89976
39985
86519
38497
4180
1578
72761
91793
39536
14189
49039
95426
45626
81895
23274
73967
34022
5584
47353
55019
82471
35757
11503
16400
52298
45561
79097
20962
26459
36933
50555
26505
85865
88996
49009
73131
11068
87574
51776
29583
14455
37978
77396
39610
91911
62708
83366
87272
16036
52442
86588
25932
97190
81653
11015
28982
69575
17962
72434
77721
67408
40605
19550
17359
53119
9347
77121
50983
95939
85998
31624
46264
97008
62246
26355
4472
92507
37503
44782
20914
7408
43737
43797
55099
13708
96505
73393
77578
76169
28897
20534
22768
23443
23067
44060
57691
79768
46117
53130
91798
92211
21758
73924
54931
59835
6330
70343
30798
93693
95984
19657
56417
67165
11903
35408
97031
41531
97016
5198
19816
89602
79874
68868
12046
46002
19369
25788
31020
33995
99349
22475
30545
63632
23127
61549
38271
47377
5783
94956
59756
43939
69809
26644
91042
53620
91415
47177
52296
64402
72387
7097
41796
73293
25343
77414
70892
98881
9903
59827
23712
92794
95702
65284
16570
82830
90365
17955
6115
51139
34820
17592
91668
29641
46755
46661
82585
46302
79412
43226
88734
29816
58134
21598
45799
21560
13735
60968
28096
52476
45972
26033
46268
94569
49964
56174
58059
21746
8399
20458
21663
14064
10068
93177
51959
93073
24691
24595
4051
31848
36600
62353
93504
12499
41994
19273
8258
80970
78508
78810
11539
23075
17037
39727
81952
46084
97682
3500
14159
50896
90252
46174
1395
81933
19649
52013
70331
5768
75025
23167
98748
75477
9248
78566
60765
30945
51825
6958
83326
95706
57323
5032
8358
18687
95885
9518
97686
50033
44011
3971
13549
61579
93445
35669
89491
57818
87856
52393
35160
41212
35919
4799
23885
49161
10387
73314
73784
8067
17926
44858
96573
11517
82856
30130
16671
55183
14634
10745
37726
84249
69166
58317
78617
32370
31159
88800
63800
24991
22275
42243
23035
94275
49630
68057
94940
27692
6384
34108
47831
42047
41353
7533
58426
34314
26305
3939
23933
49490
84841
1523
61745
64480
16559
9614
69347
65957
73862
61850
47807
11236
246
82231
95321
69980
23677
1773
85979
39968
77807
80761
57486
99189
35890
34680
81341
94642
98946
34559
82797
10371
15770
73655
47821
9121
58323
59622
22781
89335
35527
21265
11167
31182
36467
54964
67782
52843
82736
22183
15579
6234
14891
48391
87445
89605
65084
83040
34572
83247
1014
95564
35454
11340
71043
1907
56893
84896
17190
36777
92055
78773
68610
82759
37063
14621
82176
72316
27036
39246
95739
16048
88789
36344
6921
43763
31258
16626
83068
71803
94577
84171
13701
97397
85078
98611
1733
55333
75197
77638
21273
60356
42937
26083
82874
44852
27248
40373
26084
52674
26762
14354
14371
61750
64802
561
57773
27984
80047
88612
41184
3177
91535
80991
30170
34658
31847
9885
98369
2031
10397
84316
21453
74841
90738
22149
25538
42932
12556
15617
82929
90469
58664
97304
37714
78748
38169
29944
38609
28426
45529
85972
56809
90124
46525
17299
53404
81464
6118
73955
92742
77098
74736
56454
81624
7668
60189
72861
10303
97014
36548
16943
91637
1192
95228
69050
12830
56387
38816
72799
2825
78834
54339
94962
27624
54676
37057
20981
38742
59501
54973
81035
43118
79575
94306
36396
76938
42203
52182
91659
65445
27329
12157
71175
8254
13805
55554
10964
59171
26903
6618
12463
61657
98742
91772
63367
54859
12755
67570
83888
86943
54942
44022
22622
87028
92050
15090
53845
32194
81714
96444
74578
75616
81140
84186
89486
27436
7923
89160
55476
78916
24712
93388
30933
60074
63199
60027
80358
41872
66466
53439
57093
63169
99414
74213
8329
78849
20052
58352
75806
24477
15597
27445
37093
43152
21328
88643
53922
91190
76329
92365
56192
65592
96397
88519
64011
17601
11369
50307
10543
94431
69384
52770
76658
39690
85396
1741
60104
19989
90835
17211
70264
36026
53627
65079
23691
98424
69608
76489
43204
86782
43655
6622
58147
65453
66805
56123
10800
4447
37998
70193
99665
48483
36513
37505
53572
1104
8070
99161
90165
49443
59735
41445
85951
61116
70642
85264
56410
38127
12751
17716
5583
28517
76879
89898
60183
40588
10515
55570
80701
16210
2732
8765
83838
95069
82411
82915
85466
2210
57564
39256
69408
40401
86973
55984
95222
13575
45580
58972
34458
63721
74914
82046
23145
85056
27950
92834
13840
57407
80226
207
28791
99478
74636
54217
16636
51915
25447
70020
19388
23714
30377
16233
81275
77623
34735
27330
63392
11240
17430
20441
92690
90637
6332
26846
63061
23981
21165
66022
8264
60927
47546
98426
98482
834
4069
82491
19792
65015
34155
68786
95715
50157
13845
23244
27860
55394
43353
97818
78974
51997
11429
15332
52916
53966
11204
40269
36450
10778
66050
78279
77916
2863
53228
98244
94816
56080
62513
91289
57952
93253
85249
4132
35181
94225
72743
72565
23312
62027
91858
40822
3189
91331
12191
45167
69913
75545
72748
95836
57440
21371
60616
17645
39486
63422
29538
42545
99647
27475
388
2057
27592
3921
96099
54149
52941
28813
43786
46275
2283
26218
42791
21605
64777
17503
54355
64213
56880
9467
91399
88175
61165
39542
67320
79792
75416
56447
56002
81871
53865
33941
813
10729
59879
82452
35039
38659
4438
82692
22304
6812
9141
53214
2345
73628
52698
48875
25474
59983
59295
85850
90000
46281
50017
86406
57552
50733
85167
32226
16155
67373
28212
69007
80863
46863
17533
57267
99230
82166
88886
16464
14179
91536
71894
77552
99685
86183
8766
1652
47204
74501
9185
56133
96250
91608
65886
65223
71471
92331
37806
84670
81815
59212
21281
37649
10354
64521
42714
31170
28453
82566
93441
86813
19348
30696
51123
11643
349
80675
36385
2536
63716
49160
5549
35816
64139
6997
91888
82043
73429
79015
52673
17040
54332
1120
77997
28843
1203
83674
81649
5269
81233
35542
41772
12292
39436
25353
10591
82361
52496
88965
56220
34093
90529
79372
87331
19707
71929
91621
47618
67003
86055
47666
93716
14220
38887
34209
61497
45959
55599
81268
96061
94063
15573
45333
94853
85927
26840
48982
66833
98988
11289
76131
48513
50728
12655
70819
78234
99450
86076
8186
14637
67237
60463
80375
46386
59625
51417
98047
31450
51655
37814
73181
67470
30700
68823
3159
34097
97692
52819
64739
64805
66075
24002
61500
93218
24520
30985
61965
78330
6975
215
91477
55544
20791
85749
32274
52348
75765
72924
916
43368
78814
21301
14382
73047
81005
10638
51520
19539
79898
13724
25773
86470
43768
55277
7100
36638
153
19386
16923
63307
6833
78431
88908
10138
89413
97568
67503
8284
69700
59095
82508
24045
55550
68822
52832
80905
71277
32374
71304
54405
13978
2679
74284
41186
26477
84065
65772
19070
98736
1399
35965
5221
30455
82767
40143
36522
69386
69153
4742
18261
61602
71700
85024
74503
2371
92293
99238
16656
38009
15122
94668
48265
40306
91945
19031
45723
80068
35540
6583
20813
83316
84922
78473
89510
65129
11347
53170
62355
79260
26176
5507
65433
40539
93820
80428
43259
13987
30710
91222
74118
40342
23327
13003
51122
2442
42530
57451
32381
15629
18319
24504
55699
46064
30211
68602
77296
22070
59591
41190
40498
70235
47422
14036
62922
34072
68136
27569
46842
18060
7457
81984
49430
106
42973
32338
49062
64578
80234
73951
4402
58051
11685
26129
48488
51939
85137
89405
77709
86798
61317
91397
69486
45479
77790
97996
8208
93206
84584
58277
39242
98079
623
71884
43533
52878
99074
72653
23829
16116
2931
75126
8986
7325
23537
58167
4960
90749
93645
32109
74704
18080
58335
4989
35431
19142
63647
43187
876
70320
2436
40628
15975
74576
46053
89275
61872
21022
19407
70396
51466
72605
20861
51704
25759
91153
95790
11713
5271
88008
36323
44841
93091
83970
85719
83061
66467
17694
68674
48456
45911
84101
55815
87560
72715
95343
20071
70915
164
15385
95796
11699
61059
81397
93641
82961
13678
77870
36331
18325
92938
29988
96321
81874
87016
72843
20943
55189
81822
16362
90356
95879
22582
63953
87208
71054
8534
4200
70240
49290
58856
81385
63558
79944
64040
22065
35806
15630
33411
92733
52693
35593
43576
58190
69698
74233
6358
68904
67702
62239
14551
74917
51634
17357
79080
34461
4492
9644
53839
13079
37294
71958
35204
99165
21685
79369
23639
60739
74696
84492
18656
43652
78300
55729
79929
98519
26395
65591
9997
32219
40568
26486
59826
39980
80813
33843
95313
74718
37438
15930
69871
87693
48860
75094
64357
7616
72567
8047
19754
26984
64089
86647
98636
29798
9443
54910
67812
63312
91943
25813
44445
28175
79612
70307
21816
17348
80481
65414
90161
32892
71458
12528
4970
59919
98066
9425
42363
20990
45123
62184
8018
56992
37076
13769
17080
85375
93780
40807
24135
39186
84744
91243
70130
7404
24063
55803
42442
99147
41492
17623
90388
98166
94991
79843
5429
61273
42471
93054
23859
32862
78175
21057
48023
94601
27843
91482
34286
9723
9970
99894
74793
11592
97650
86423
43391
27538
98876
3428
42521
70042
18145
4856
72271
39508
44052
37094
53289
87431
52544
6449
9669
35969
69552
70323
82369
54393
28634
6482
9322
93198
23508
44634
52918
93608
58906
34548
23154
69473
19574
92608
99185
51759
66319
24216
98831
86332
16513
97616
58968
55619
70532
7307
2491
95724
20825
90078
14850
21574
35050
19851
22453
27230
32118
82891
90261
51287
50186
5603
18841
57426
27517
4262
97023
92399
95792
77464
80215
93765
15131
29314
5049
31088
33929
68818
41811
36030
20593
95986
59059
72703
16622
26480
28589
43214
63240
17988
89467
39478
84986
95204
88792
87721
92377
79810
23925
72225
90190
15872
17372
99504
40166
15598
12177
78858
27632
77255
30685
69763
5977
10957
58398
33701
91421
28369
88713
86970
93238
39092
37903
10421
9686
33010
57861
35236
32126
66333
67880
2702
78012
84122
80412
65876
91882
2358
25112
385
3702
3900
39282
60112
32710
51080
51278
11538
67981
17680
79220
57777
93720
80302
29380
52461
33961
9926
51945
56344
63431
77243
87237
38270
90168
33030
87899
31681
72762
22465
20895
73762
71219
76313
23627
1568
6655
36650
21929
36394
71935
48729
31891
38000
57428
24844
37113
308
70776
93540
98361
77443
57780
18787
39541
33
2524
71171
51411
64223
84208
82083
18032
97147
80366
27706
93359
2336
85627
45091
1562
42160
54297
6890
63616
17564
49418
59250
72778
72455
59975
29110
56262
73023
87538
20720
90788
67939
96957
22736
84363
48264
18460
57065
76600
32421
82131
94571
25968
20373
85943
44312
58951
25212
70401
96859
19057
83747
59041
84032
84270
6096
26406
2896
7903
9635
27142
12224
71416
99101
81625
49916
35539
66573
68496
41715
14631
60840
76989
91119
80819
84411
81753
24974
17379
42026
8675
27581
10914
67340
39243
74126
18262
17687
62867
60016
86065
15363
44085
96890
68856
15721
27613
74476
31401
57416
59148
78224
88510
19139
38635
4279
63313
19146
27003
34034
21983
70382
16619
25366
76649
67448
85984
2569
49853
8273
5167
86154
21199
60408
18225
17403
40253
91723
96929
91989
92124
32966
36226
16460
6306
92976
36270
46444
55200
41804
94441
19106
29808
72093
31097
98977
80413
90384
55257
56396
91689
70751
59482
31837
90714
54027
7572
51169
99864
65562
53989
95133
98233
71305
26599
36055
12958
74653
16860
22597
26379
71217
69114
14410
81305
17083
54787
56453
75587
56116
30204
28156
15997
95357
11679
55220
84714
85830
20948
55809
69597
17268
49421
36735
56038
95802
64595
91626
17827
84430
37871
77133
45896
67073
8814
84391
3839
42398
96365
61321
54192
74989
71557
12231
5450
1580
73013
61332
39257
53163
49096
2177
69328
2979
10171
26092
72749
13170
26173
49007
45027
68765
69162
81067
65781
68167
10087
88794
56560
39293
47577
90686
94497
66266
69377
93080
28253
55964
93681
78290
70225
49857
72386
26250
12793
94746
17003
80021
42235
14015
39026
10571
24070
5980
48958
68861
16228
74619
62848
71605
68524
74223
86554
59000
37675
89902
29264
31593
26292
95700
41244
72540
37170
55470
9329
24719
98224
49132
93961
59899
24268
94589
89339
41697
67206
74066
20451
36544
91827
9293
74800
93078
53808
94541
50507
92759
37598
22685
43199
13679
74708
30248
83701
60468
40289
46908
12487
25088
13440
7300
12991
89560
59758
78574
6500
76208
33779
98086
14433
98409
68908
95681
48474
47170
35157
96362
58313
75908
27827
67564
68144
21936
92711
23478
75745
3449
19796
30844
46885
37411
92868
63416
32832
74781
82806
16773
40774
12309
999
72754
81692
94928
33932
56300
31437
58496
58171
31277
67071
2303
97726
35854
61136
21419
26520
12158
23935
70935
44929
57819
22903
47496
14108
56550
83334
79110
75462
91379
48158
20730
43846
22535
1283
46869
19415
63119
52007
88650
77979
74300
88813
59691
87872
77635
88349
14173
12928
87735
28869
21017
96668
43872
21935
97623
88585
50371
34821
27011
80983
68558
70086
33236
90347
65427
82193
64735
46816
26728
17052
88846
70377
7758
77932
60954
23593
25386
57665
77923
57146
74571
8043
97149
10202
75756
4519
14273
89166
23242
96267
63183
4368
17001
40219
1008
40813
80978
78947
79091
99371
7253
36939
1787
54518
80343
29347
77462
7772
22091
57666
32911
65264
92194
71105
36040
61908
50409
83557
70585
28330
47457
98417
15005
62745
61269
73084
7774
35648
60917
11876
55556
81105
13096
77150
5796
85462
50050
86692
81008
88633
89803
6297
46587
93337
63999
42428
42356
18415
65712
11380
83967
51420
81638
59405
16359
67806
75450
14183
34110
80888
17161
57252
69628
35034
48753
49169
61831
34864
22793
41930
67929
36468
5459
611
66862
56978
36278
40990
41795
69453
85640
85933
6201
15272
3656
36991
11521
10960
31124
65308
58799
71222
52100
59848
5371
60491
77300
88786
23066
9966
41067
64119
54003
85645
80831
51912
39934
26887
51049
55840
43705
50717
53932
25214
23863
931
91384
44217
44176
93272
68112
29904
70895
72570
48390
3297
40775
57182
78595
34480
99885
98516
70306
40641
35250
51437
17873
73574
26911
31128
31734
69241
98413
79104
89192
74448
50762
33013
97456
88101
95703
98109
31176
29251
12555
58586
88468
60714
17697
88719
68830
20299
20277
68178
99814
29653
98777
87529
48358
7428
89238
55204
27001
18480
6465
25848
42700
70811
12050
98105
35517
54256
57804
51962
53007
77053
71165
82630
43207
92101
44815
32795
19486
4966
1939
55062
78208
96340
61744
43928
81772
75821
62904
6386
58185
19931
39589
94249
11953
64905
5414
63871
75842
7371
18036
6430
24139
84379
25281
7487
36701
66448
90070
71497
76871
51548
30065
54522
51613
15790
31922
19623
13858
92772
7575
72990
4844
2429
76478
86051
84453
63088
32791
95669
29807
91029
92356
22609
73760
43154
29338
30514
23592
86531
89678
70180
48399
29610
96426
58492
14579
82410
48613
7814
1269
74108
22740
14314
67134
61229
40838
52159
2768
96789
59232
90504
30883
5293
7276
39834
92646
91378
5355
23915
4530
51926
66190
15024
37703
60265
22503
29630
12034
73226
61466
79758
47195
50885
64995
67192
67173
7568
45070
18427
44470
74197
55165
99756
52642
56050
15116
88815
39114
73778
72547
32139
612
58100
19957
24973
16018
81098
1886
86836
68918
30356
84136
46740
12107
77375
65860
75945
86246
76787
900
66490
50729
40052
8939
66787
3623
82771
93717
68860
62046
40651
76926
99971
37103
69794
56822
46083
9420
36682
43474
3687
51866
73141
64627
92495
28410
16586
75098
3700
63587
25783
84679
3483
38364
62687
75487
56987
76036
53515
16356
86098
58275
68640
87122
64068
58687
37020
22594
1488
93996
1792
38464
48848
3519
39684
49861
7233
65901
42134
25909
56338
38987
88673
51952
16691
82648
23488
13000
52378
85543
62426
14373
88555
54161
81475
69102
37248
11701
82189
85040
88690
27586
12776
64778
54443
72627
50765
51996
25740
11197
66015
81324
90886
16769
31162
82040
19442
78441
79892
95017
33560
69493
77400
41863
45787
32614
29608
4345
89189
91821
67630
75397
84146
35598
85774
50366
8373
56624
34838
74549
14059
746
81167
67160
45555
35796
57728
23429
93450
5760
77958
89091
93947
41934
91836
19117
85616
12297
45475
80576
58850
89079
57482
50242
36322
5038
45259
46993
24735
76325
86185
6652
28475
76482
21083
50508
17814
83486
45603
97881
91581
71442
60040
41728
32957
83098
55481
82846
58597
52429
91001
68643
45353
62482
67521
11791
77008
88819
14540
44400
31133
35993
63358
91661
11798
92083
94238
19277
41252
27481
29612
17432
24891
84407
17901
82544
38523
19100
27509
57987
37942
3244
91643
2860
98687
30525
81954
38671
31731
31374
23486
34296
88905
39622
29159
29599
71001
61537
96169
87517
3182
26324
81902
54681
28166
42617
99597
60324
84762
7066
21442
93485
10212
33278
18099
87187
15528
72964
25517
54199
54887
55431
43233
70984
40430
63650
68931
11631
98599
21832
81252
84132
59360
29908
9787
67613
1536
42595
78381
29402
72930
50024
31152
31081
48745
68375
89627
86792
52648
56124
61841
15035
88742
22109
71921
38756
1281
9267
83606
56558
16905
56215
50831
38003
45328
28188
18876
41231
46070
85324
27221
10031
21773
51372
74581
5056
3071
22586
50700
48686
85244
64321
94091
59948
3910
44945
81520
42017
52034
14090
2962
39122
82261
94595
2695
6286
97289
37480
87166
65800
21748
46315
74806
50281
75857
57340
71603
9821
67533
96531
82587
61802
9502
63126
70929
65724
91301
20484
66643
42538
81675
30992
17739
24996
53532
18375
96897
14217
15881
46877
27081
96410
37373
3658
55701
60280
50488
36969
12169
17692
63114
30978
13257
24250
99996
10655
25339
86723
65530
27035
70540
15476
66024
19043
88190
25501
23776
46540
88583
90553
56270
67305
23389
90668
57758
19568
92635
1964
36247
97372
42632
12175
31999
27404
74953
39525
55493
4682
83411
84196
71689
70841
75116
48032
1510
70724
49315
51592
84574
16805
89015
77088
94394
15559
93944
82744
11401
87075
13822
20380
25224
99595
38365
32930
3034
37620
91839
30418
12013
22282
95263
29419
91475
32845
58934
42139
43121
90453
85205
33857
48040
17840
699
9737
12530
19721
54395
11597
47784
39268
97989
63488
73702
7556
23493
46477
38584
74906
5548
82805
9747
26213
32838
2709
19214
76860
47433
76396
16053
80839
70187
67693
90060
8590
59088
9893
42804
13482
36499
17036
45132
73037
82420
78639
22626
82600
85267
61071
2159
34068
91200
15042
31715
54041
17724
79691
27939
76788
55679
44016
31025
95876
38279
82050
73067
64620
50891
53500
5331
60826
8909
14714
29109
22281
33332
83913
15169
98911
70708
97587
32445
39131
42186
18718
79272
23565
47955
31594
34573
47458
38359
62741
48246
29106
55128
93119
83684
42338
49275
75386
52432
11032
3481
22044
40448
67828
76188
3663
65347
174
73833
7924
51721
18878
34748
53373
58438
74835
11628
12977
62966
75841
93802
8137
83116
52955
67352
30100
2305
83542
8203
26831
57760
29260
11659
40908
94931
75848
46249
47729
10871
8598
78471
96665
68354
34524
89006
98527
25093
84027
13034
33547
35462
11502
56556
86072
35719
92789
52046
92726
35665
4910
42620
23867
82229
55510
44777
71007
28919
74286
60778
58767
67029
51280
6926
84895
32485
47447
15987
46693
51387
57658
26779
30823
77619
87990
32376
81064
10845
97544
11670
95579
92878
82616
31055
85815
63762
20459
35986
24022
92919
19912
2471
60534
21493
22885
22495
54448
33154
89806
88071
78987
88698
56255
76609
68802
94820
62218
82792
30863
71257
40319
66076
2209
18622
16296
81742
87623
71592
20172
93146
31375
67116
76203
6111
82316
553
99806
33224
71635
32030
20904
11254
32360
52943
93466
12996
46538
20401
42923
56747
43773
63398
11130
71363
15366
84634
74987
28007
82137
32261
82928
50418
2461
17786
72848
18714
99008
96248
84629
47488
57765
87848
40089
4528
33004
88229
11954
32077
83687
26248
98569
96182
71524
92452
11676
34717
71098
43602
20924
19948
2195
80241
70229
48052
24633
66134
36674
85878
17122
41447
72424
32955
14795
88041
30328
83883
4240
93297
23743
19822
89651
6884
61343
23646
94268
59089
35389
98391
95843
80373
81034
69260
60445
55696
61297
93417
7738
11501
18091
31531
54112
69576
22497
35019
32146
90895
6475
51217
76814
87333
60731
65779
3091
7915
25350
89241
15935
61015
50199
50550
64582
99593
88855
75451
45780
86826
55791
92470
68659
39671
75074
98896
75914
99796
74630
15367
39290
11387
70381
45103
93233
21224
22096
22592
30917
81024
83975
66096
34138
17246
35130
5553
40689
48481
60442
61306
94354
38644
33500
53013
88178
72529
40041
1388
58701
23718
47706
36711
94187
71795
38870
69288
20889
2680
16220
51988
47943
12750
5851
89549
36652
37861
12533
46678
15538
79152
41411
89453
94459
96361
99533
27266
5711
25903
95530
75605
80061
70965
70534
77762
89414
32475
70281
5928
14020
83551
98003
4798
58712
99150
89285
78035
21075
31348
17115
30916
70676
82667
64140
86248
59523
58598
34732
64901
69168
46413
52455
50756
43761
79245
33732
63025
66089
27284
81544
7977
31137
42695
90503
92205
53794
56559
63562
53096
44051
38991
11132
15424
72670
92904
69355
92080
22520
40871
93819
24150
45085
80113
40234
63483
52106
37762
27532
71505
21804
37181
68387
98340
59109
22252
25274
41241
84483
50183
25172
6699
89436
30873
19405
29017
11883
84999
1771
22526
49188
67844
10529
39950
64516
99153
36282
92251
72439
5950
16149
80672
92644
14814
40386
96437
45607
50142
52914
89012
57393
95338
9530
30242
49198
69888
82890
5296
48651
46052
68974
64734
14811
68109
59395
51187
12116
25279
58198
62775
22271
41111
87594
67975
37926
74522
32615
72560
54802
25677
75535
97220
11702
55859
34764
66647
96682
43037
34186
5809
88036
58998
1164
10003
78161
82305
81302
40833
82807
98249
44266
51772
60724
17222
6425
20053
61503
79813
57337
10370
4601
92793
91242
92622
10736
85294
60297
76981
35698
20112
52597
28278
58519
32952
7382
25529
21637
48638
502
86079
10240
79623
17802
81778
48198
74159
9964
19185
47762
9104
52677
32751
7484
18031
7227
15059
3696
90269
7602
19715
67637
53369
53274
89531
74798
99363
74228
87601
96681
21923
111
36526
23325
43293
28952
68665
374
17451
96830
6088
63233
74779
32150
95371
42025
71469
65046
38063
41280
40055
79529
42769
6273
4992
80992
31282
30986
8151
22957
70015
24027
28597
85426
35065
5946
21214
3234
11088
45473
42954
13788
67150
46953
12676
30970
77352
88009
7011
16975
94206
82453
9658
35976
53724
79774
7688
5673
71533
23475
61910
35316
4121
52356
62468
27320
76062
46523
69010
92004
70740
32385
77676
85992
68907
33959
55052
33152
88143
48317
78743
65982
67486
47097
17172
7874
15550
54159
19302
25867
26551
82180
47598
75238
39616
6795
97083
7385
99555
39025
42543
35059
56059
55100
23173
25556
67339
1565
26390
1011
82623
91362
32511
39535
56233
58639
38148
79103
14552
97174
32647
17549
3937
24206
481
77495
63931
50636
48792
94995
27311
42734
35695
32257
20457
79541
72982
96442
66110
28973
97166
10401
82406
74839
19680
68123
11505
22279
81018
11152
93858
23470
28413
78580
73575
30460
57324
91710
79335
44946
80837
93188
58976
22956
93326
34705
62949
84232
40301
5452
80595
70690
86446
21966
31149
3840
49655
24337
9664
89442
29609
49273
51514
622
39539
29158
68920
93060
30904
14572
17820
77663
94279
94045
39372
53658
20285
59399
55125
15248
20495
56098
8827
93162
83901
88605
98676
12436
43919
75683
45631
31625
38817
63816
42048
98904
89073
97119
45994
27852
38754
71119
80119
36497
86261
75592
23109
11591
51889
10431
80150
59209
20453
23003
58017
51755
77522
71076
16486
33842
89911
33406
14602
71357
6217
69452
55974
8890
48475
71109
35158
39412
67479
81144
27116
55615
59890
2028
99925
48382
8192
99774
3772
1214
44563
32135
41404
49162
26307
53408
72705
84093
41974
55276
19713
9090
50955
12176
46437
81856
14250
82033
2920
24952
5934
61016
41544
64993
49531
75828
51227
74845
89799
16652
38587
30081
74617
61264
23862
40923
78923
51871
40915
48231
83280
64297
11825
15893
37092
58380
30816
92086
2707
81615
88898
6648
81367
80678
3049
82564
75661
49239
51517
86364
76695
32507
21641
76833
41685
18798
91333
1795
14270
78942
11884
60538
20256
39250
60299
69004
26190
60824
91120
69350
17465
52202
44143
94505
62365
99568
27040
90158
37902
55136
63108
33559
77856
42399
70772
83610
42754
12639
87327
68722
65799
4647
39810
67754
75018
98327
66973
4826
40519
95285
87174
18349
10495
20074
42254
76725
56078
24420
41643
58746
7821
13109
25241
11469
78376
49253
36510
10689
49804
89083
28667
94619
57292
74818
3877
38495
81835
85197
9167
82322
12197
52522
97735
1891
22499
51995
45742
3124
82438
87605
82845
42921
42575
74733
77911
34261
63130
7223
88981
19902
60768
88252
42421
28988
28686
62924
74251
23286
73528
75069
21280
63727
25008
59788
73275
49985
74044
30508
90099
36161
95458
21780
38320
4954
8084
34317
75507
34310
94078
27366
45041
66206
73876
45540
98941
61365
54833
9148
34039
92110
62881
90526
23913
91930
7719
74870
67816
93568
13871
99333
76873
42945
53466
54657
32471
88197
84735
91949
57827
46411
2388
73300
33460
70272
44393
91062
99522
70114
91790
99314
42095
83924
79075
3027
79526
90727
71446
36219
39976
76830
27900
83548
42084
83446
8355
54234
7386
77684
98131
9919
20350
64679
83358
12458
74984
30348
56370
91172
12522
52316
50477
21020
32797
15522
21074
5391
44483
63731
48696
58065
33298
68463
22983
73149
56446
85852
78944
5806
94924
52560
78658
46927
51059
70956
37828
70807
68298
30427
30940
97236
68515
11489
88876
75617
50359
89599
84971
17316
37847
12898
47886
13316
31610
5639
25436
78565
74474
35042
6555
80846
47708
41747
1835
58749
64344
42824
8595
20740
57736
1575
11458
93777
71272
9145
67529
32755
7346
96422
544
51091
80453
12480
96551
30442
83095
55024
85074
36618
2775
67575
39994
1859
92881
6779
79579
14855
84877
12680
30271
69839
53869
29090
60985
93992
11595
41274
98477
25203
49827
31391
62981
94900
41497
30029
72846
33592
63694
74925
72495
70375
1333
55547
66059
34830
36211
13132
8442
41070
93727
69973
96742
47550
40036
89520
56273
31960
8113
40150
56935
12920
8263
41485
55469
57129
73103
26411
93219
50657
92565
82184
35530
86607
18421
67440
48877
67082
250
15482
32876
35427
71993
43196
54527
47985
7003
4282
73424
43712
86628
27210
54266
93106
55043
6130
74960
79007
16258
16407
23647
69896
28891
37108
90593
60632
21389
29373
2109
70851
68078
96315
73735
88989
26687
33905
17495
56448
90858
42326
60625
35912
41679
6755
40111
67068
31007
87394
26542
16501
9352
42143
20126
87938
6520
34171
46377
46491
31114
82443
67338
96337
39329
71489
43111
50113
94892
13367
35755
45216
19361
94920
45735
86947
60756
78090
45590
90316
51811
70983
10290
54438
18108
5962
95145
13209
89211
60626
52134
98574
21245
36204
59838
59652
46480
86010
11981
71859
64478
10162
22416
61052
92719
21700
28066
13317
77475
34488
11326
65555
46980
41944
8990
821
76302
39392
59640
93978
88768
99068
93382
15050
35468
18999
84195
36224
92400
88460
74854
79817
73549
61883
27559
89187
51625
18052
121
60337
22498
23384
23428
46874
40046
5266
47698
71180
60779
81369
12576
41265
71995
44738
89852
72413
87342
32546
66825
10284
6787
63026
13968
19843
79559
73921
34307
5454
88314
96338
35903
37168
85585
31045
81791
60342
44559
6715
32842
78615
28069
70141
34685
29668
2633
39570
70175
60177
19557
61199
14965
48683
24849
41571
30157
67434
31942
68401
28933
55643
94800
94656
19509
86104
52392
38580
13051
69882
10756
44344
77134
81591
88606
1383
1069
52317
31111
47645
85228
97256
94473
5440
15795
51660
64092
63631
62623
8561
76393
98525
77722
71284
84514
40810
1052
95652
32040
30660
8759
62612
99070
70318
16209
47818
79184
55282
12957
378
86490
41273
84700
36523
8363
67638
42671
14004
62221
6843
3733
5568
47909
35287
30474
4152
15642
15919
43449
98292
63461
47812
30482
3178
55287
65634
53140
80221
29854
832
13521
32820
11057
19915
90642
65058
77338
1817
78341
77319
45166
14033
20410
48146
27026
3243
83706
92731
22727
63460
67145
37326
19727
811
48235
51386
82787
12060
92551
98612
10594
33046
37519
5387
13
93074
16180
70475
40642
46186
35955
19752
75239
59809
21278
74631
5648
35332
12238
20242
82840
57446
39437
78500
60818
21072
48720
13204
80050
30939
28037
43337
1695
828
62971
28876
80346
5709
26958
98104
86791
11605
74966
14887
19629
48197
74589
60321
19000
40059
17065
21184
34246
58054
75549
67053
24338
49726
71647
61400
71439
56235
53663
60339
14885
88481
83340
33286
32276
79302
7871
27299
9843
81240
11248
69561
62333
43638
97265
30547
77945
2619
19113
51973
20891
85820
15393
6404
28507
74949
95729
60643
15845
52401
9528
70620
12881
4730
51617
26885
24318
33646
17144
63812
8743
35710
92088
11710
21450
79382
94874
33073
5047
8729
13969
86940
18875
28088
83735
39792
55225
99482
27527
13225
27478
84997
44436
1067
37324
76801
61459
53157
43899
31380
81406
53171
51016
6085
15843
61035
79477
79546
91233
12965
59687
53445
92419
70653
73707
41469
17804
8901
43868
66895
31224
8887
34851
55246
49703
56964
78549
51753
93959
53846
92183
55429
3386
62997
81773
78103
69315
25669
26393
43424
65656
97017
95961
93829
89078
7809
45457
77406
67275
24343
38461
26392
18715
64373
95656
14340
49460
64418
14156
1712
57791
69650
61997
81322
37102
89402
74388
22566
96380
40047
49470
91461
69508
60382
98747
67304
78185
71465
35479
19195
68943
55297
28509
4108
56508
59048
4013
37008
96707
12497
11478
69671
25022
1486
10254
22861
31328
89841
2504
75939
62533
37544
24039
7663
26046
64981
69864
31407
63726
16498
77472
45476
47088
38249
89358
3122
68570
91486
56946
79018
16121
57632
56425
92861
42499
31341
80638
59779
43015
1279
48718
3858
86930
29207
10859
70695
98374
26073
38043
58431
84160
7406
9184
51344
24122
91417
32678
50261
48547
46014
36927
23273
91658
72418
88582
315
92542
72417
3569
32501
41902
83673
54117
62794
21749
51109
46244
18799
56512
87877
53215
40350
60353
67952
39825
87751
16352
6611
36888
74327
99521
77869
46392
65204
9432
87644
59855
17260
51097
10476
32985
20696
56916
25460
57612
60015
27599
66375
635
91852
60957
6870
82200
1252
12999
70152
81512
25710
79205
34015
87432
37329
43416
27659
25873
66080
59705
3919
69005
75103
35167
53961
10069
88324
42832
50329
31358
14974
95490
98149
36790
93365
95839
95040
90086
26972
79493
95559
977
15070
63837
58466
38302
4441
73209
99785
56428
17743
15615
2142
95264
14980
46493
26499
67650
7861
99916
53248
41693
93725
42977
83700
78058
33869
30443
92592
72459
58511
94400
18450
84154
28315
31654
79077
84786
94640
62593
77936
8584
29384
35635
21882
4387
62841
5626
79455
44083
11877
96660
45719
60759
1098
74221
61063
28389
50592
76071
2555
88767
83295
27510
82329
45435
38004
58569
45974
14773
93794
7106
32594
54064
46909
63660
71712
93099
25207
90228
59935
99300
56755
79145
64874
81632
62759
79785
14413
45378
80937
90796
25609
20533
63305
56736
53612
19923
11129
49513
66627
72015
93783
53478
81980
22396
30354
98238
22716
74177
50277
54962
29192
46597
36917
16537
4525
87151
86273
3455
32032
55479
28607
21797
99764
42227
1988
87711
52327
21202
33261
76278
20268
47358
74640
96619
26924
82041
38034
90911
45031
45410
7166
1644
79266
29425
46191
57680
99982
37952
34427
79599
41435
16494
3777
47534
25450
18943
9189
60760
98659
20080
1760
84478
9480
24855
16491
96297
42786
38611
13867
44627
43437
32700
62037
41072
47694
93732
84043
61208
31320
71400
42745
49699
14863
89771
42623
75302
63012
39666
70496
26041
8680
37973
58290
35623
52737
49143
25146
48524
53910
18157
98539
4699
3235
64437
44573
16357
56377
79511
35164
97867
49937
72166
54621
61560
63901
41500
20035
45240
96146
32207
84502
80448
87791
52526
72587
78484
83775
5099
49388
42054
25011
85076
35780
27144
48536
68029
35745
46250
58212
18177
98875
65529
94634
62054
10690
72595
10474
22452
89859
58103
90057
85292
36431
47925
57061
32997
69770
34035
30875
90718
8620
24052
85797
96271
11249
83177
66315
69105
61592
75048
48980
8438
53317
62481
33558
22427
22584
34041
56120
72414
71914
8784
40884
3141
67467
10445
28550
34661
41891
34350
62592
45983
61251
72698
29372
36599
59114
76925
9832
96129
47725
14071
74210
68077
14106
43070
62595
88202
57815
3821
69749
91030
41158
92580
57809
93543
62274
82968
45563
83012
35121
16022
96026
66174
84765
92346
88216
51579
70614
83476
60234
49196
72973
40579
10889
44985
31858
94304
27661
39998
21463
56676
17131
87916
22261
86439
27388
98006
58596
5095
75647
58868
87362
77437
47529
884
26148
89417
21999
45861
99284
68406
16689
23343
83842
79129
85284
65269
3370
67962
9590
95613
86026
40214
14241
88417
55764
97185
47603
66916
14938
85928
5931
79191
37509
48350
1285
75804
94397
16556
57450
34320
30570
57631
54110
32585
37195
95201
18430
23264
68485
89168
61267
30998
34019
50529
65851
90627
14362
82360
99990
63698
94870
22280
48731
99000
84941
87191
64674
41528
12687
53895
87870
76993
20980
6196
6538
16603
73840
73473
32319
77544
45023
99213
66194
77631
55478
80136
80485
67358
34508
72756
55657
55506
5329
92805
98325
50268
24456
10847
30973
61759
95526
89524
14022
32225
97095
89518
27353
80498
31121
92584
53598
22185
49033
63132
36167
27058
13208
31792
62241
35346
6342
79165
54180
34329
35094
93980
37163
21734
9314
76636
6971
14296
43676
82496
93851
39345
99746
74928
7666
53202
17148
15707
87054
11352
66981
92288
87009
53032
49862
20016
95680
10492
74705
53531
15780
76948
93416
97357
75293
5289
7352
26942
58086
80095
59339
15085
94753
60564
79672
57925
3812
33817
81460
17863
49403
2779
32652
81198
37285
6916
49959
32610
72492
59377
16698
55291
2722
81514
32366
43358
73392
22411
15578
36553
70324
8483
29924
44079
11962
78417
87932
19504
78437
99177
47505
49578
94229
25433
18685
57272
82073
17758
83298
96290
49994
89123
71039
27098
65101
92677
26114
68759
45753
56167
77419
76494
91443
8678
37774
55932
85738
34046
96284
43812
98756
6881
20362
47987
48025
12638
93418
2760
48939
28124
43352
66082
71150
12565
84749
8708
95396
87253
5101
48226
32993
97087
83978
38099
37162
41248
60307
13835
59754
44490
35767
10588
56739
63457
90892
39744
8567
8722
73231
39480
50190
33832
76121
61248
22625
43880
92289
25300
92075
11972
39396
50045
52363
30228
51999
78213
68539
32130
3261
69683
65066
87390
79350
71134
66644
3303
22073
85953
2349
85367
77366
91130
26847
38506
32519
62699
11053
79102
7971
65310
40537
48663
88765
10156
16361
40000
15204
56114
37989
98508
29793
24369
71460
1570
17026
66531
97768
98020
6462
78370
24081
67308
42679
35741
60996
33197
31418
9624
40028
48243
78099
25001
2807
76613
1506
54902
3188
57131
8619
29954
55603
58984
74459
70985
39619
30772
30263
27926
8916
59555
56742
75861
3475
38670
51025
39049
95744
22223
59991
6599
21421
53269
59520
45868
56324
59912
68058
66980
83903
38487
83110
88011
59134
20417
67250
14048
12387
16670
62654
64959
65378
64280
35957
71786
64747
43193
61382
34315
58660
54242
52128
93533
59054
83936
14244
87410
98557
77036
68413
56745
3996
89645
97152
97514
14769
28595
21713
60136
49930
441
31166
37443
98796
43375
54852
97958
48854
10039
30396
93778
11487
67488
32834
25475
47334
71766
99524
58327
56969
42768
15089
65916
60527
1349
43869
92540
35677
74392
72949
87076
29099
43114
12570
22835
41051
26101
31789
21472
45139
46845
85908
49077
1035
55454
55079
51993
47300
2629
60271
54855
15744
92207
437
44691
42583
21021
53185
61975
44185
72320
9430
63080
37402
40325
32983
69346
41905
38531
65457
64856
32836
71661
93061
53027
45521
88288
48288
88443
16726
75324
51475
28860
91474
36606
39230
18094
38508
6863
50958
47068
54939
45197
72199
57788
25918
37210
57361
14457
92191
80328
99287
1789
88894
54688
76014
82318
50637
11054
42116
5935
62167
43295
81446
88259
14501
25496
98970
90368
32891
66423
59557
52896
41912
20927
295
52793
43685
71003
57493
45562
76037
76488
50143
43404
12845
3195
45266
7742
48590
74145
62560
29299
34426
9694
40769
51830
85518
17972
10272
90348
84215
2074
78584
8717
3098
85093
59181
85620
69476
64505
65368
11624
73302
98187
56904
29574
15401
69614
5364
53377
81705
56933
24253
28080
10838
70465
13219
39367
74441
78262
55086
32524
80738
70204
88167
43599
42848
91123
67131
87738
18038
77612
53046
8927
10178
33536
18464
10497
61283
17943
48184
26560
55532
91149
51656
45892
35031
97026
74253
60925
37050
95029
94102
83660
98072
11435
70960
29603
27932
36369
83137
55912
19777
28117
67809
98240
24948
30229
34667
68263
3899
85589
50265
61654
76159
99432
67455
23391
77482
21828
20405
11554
16212
16221
15347
34555
25566
25913
66271
21526
89439
65517
50957
43648
12006
99924
57184
48497
48957
14127
7255
74321
51179
12643
35128
35533
95306
74844
98734
40638
33533
4515
60009
10973
44495
45182
6878
15973
1078
76579
38251
34723
21596
95127
8715
97962
99808
24336
263
20906
60008
43231
5595
96722
27558
87795
10772
58581
24981
98745
65357
68294
23019
2169
11492
69725
35498
34464
84801
84677
57820
31882
85663
82423
59231
995
41327
58753
91353
72326
78784
63391
29902
50513
81376
32977
90013
38535
26428
82602
97638
77290
92271
97407
20414
56999
80697
57300
93178
89607
22441
59777
39960
55089
21433
80135
15497
2178
78828
51658
68891
29850
54011
68952
43952
37555
58455
14154
24151
24
5861
50935
6948
92315
60475
97694
80982
2582
71724
28637
4626
47409
99892
53947
88227
40471
78717
81779
81117
83114
64166
65126
30631
16772
43677
21296
15227
77335
23802
68284
93145
80454
3181
70038
35119
770
5202
29715
56830
43120
914
46118
74063
18486
40979
70270
11018
90670
24567
49472
83690
12179
76796
72920
72554
26795
76454
43452
57010
73061
69415
44999
44976
69301
40197
34058
6512
28834
7625
55295
19952
38376
50730
31438
25709
43412
17322
98478
61893
17721
36717
21237
76232
22047
36812
82320
32350
12145
976
3446
89619
13031
69666
21262
70197
58091
24905
70290
86644
26915
35825
72397
47892
53578
87545
7944
17865
77914
58729
75614
35752
82405
51815
9856
17021
13353
53558
2598
55706
51338
29335
27944
99927
89387
29203
86095
36018
97533
58857
28809
29928
35692
64893
57745
12566
68910
94326
30155
53433
8550
16423
81120
2227
59607
31798
45350
59258
96308
57177
64916
13723
83676
31641
97699
99897
91570
58778
6545
42690
64106
92700
2564
89515
54722
98578
34278
88076
45612
20352
46221
44168
75917
40322
42955
4881
16254
51546
6270
71644
64461
83127
80118
32123
16381
59415
33953
56908
87041
79235
99782
88077
80112
30934
42802
7319
64710
72475
60567
90682
39220
56085
63496
88017
21263
697
93230
23188
31091
44391
61427
39238
11238
547
83699
22651
95277
11350
89126
42434
27529
68183
32185
25733
73959
6606
22882
95404
35801
3766
249
37900
96116
56922
6244
1162
54326
34272
26867
15278
93892
79208
64788
10022
84662
2498
73711
88853
21414
54901
23317
98241
37205
16607
61019
99266
20514
98116
59639
91107
71880
50874
59783
76942
72834
69929
57689
31778
83439
77511
28598
29407
86948
35337
22807
85064
12260
72725
33656
36558
67869
7243
67133
48599
92869
91809
57860
95612
17515
19044
19403
22754
57923
77809
32303
13391
22676
65235
7859
88464
58421
74622
42379
75808
79189
88497
27435
71074
89132
42712
50545
59187
47951
22413
88010
84367
12102
89178
95453
70120
47121
48668
48090
43500
88507
29527
43721
48704
54383
5781
40278
13364
41354
11949
35870
31525
72393
56528
22278
11192
14426
95410
15623
65279
65372
77448
66338
12944
64891
81094
12074
4506
26203
76437
25371
84173
91539
85873
57108
47572
91757
6829
95653
46847
12354
25992
47361
88870
52212
98278
52318
39029
22675
44723
27489
56472
92962
74460
1492
1088
83641
62581
19669
42597
58263
99815
99339
91895
29918
74808
43156
29800
69726
32165
80293
66098
47349
71791
27778
10579
47981
15078
68670
99676
84488
73693
3120
51769
5051
46663
59699
24825
52011
99658
37114
73414
29280
5061
8417
50869
48818
80463
94860
39720
27514
56267
41794
79400
67656
4137
91229
57588
96758
72070
64535
83325
38308
58161
75162
44781
68990
55118
91293
78871
80812
69580
78705
65806
22536
40940
8391
93917
53683
48667
5129
38084
78426
73823
31782
54649
89675
27333
43780
7987
9942
76936
91035
27376
61628
21288
44450
62926
1236
70524
63273
91247
13874
56151
52809
95664
33551
1822
96059
72903
85395
10219
48076
3420
58637
81567
35351
36124
63782
55236
96262
21030
93880
57801
66732
43463
10614
22605
80166
22887
10661
40062
52057
10587
21872
76269
6678
5205
29991
15287
76162
11725
97335
46087
34188
43344
10378
9383
38447
41590
38871
42324
47738
47674
18224
95805
38146
19776
72959
30872
20755
58179
16404
59547
33465
28104
89243
9348
32590
50451
73055
74198
62785
55965
9788
52524
66877
20829
56121
61186
13963
81237
16841
58653
20191
8434
32473
80450
94484
64492
21509
8231
42891
46185
27117
58823
21990
95925
48262
82737
31288
84324
30497
42728
54072
25795
48551
7316
90040
98085
20137
83111
43715
3456
42061
56913
16143
38955
67600
66697
10057
12711
84116
26791
89843
98414
18779
68357
87042
66403
13068
93912
27176
38212
10452
44404
56166
5233
4999
96718
9435
79063
29374
69246
42496
93909
46085
42635
67451
98660
67392
40257
82904
84619
70493
61892
28588
68291
26358
19692
8159
34202
6933
19760
59222
30968
59078
63489
48060
44949
44165
82004
83188
28451
39652
89218
84753
50241
67447
3686
61651
43331
55689
77397
4618
74142
2420
13131
21590
87033
97905
53006
24706
37507
63341
7862
85513
11869
49750
37975
25432
45899
91254
43145
52457
38863
38563
73480
12150
10158
36355
14970
25833
82863
64836
98700
23237
41064
16087
8123
96506
92879
35557
32659
82384
83607
60312
36601
41141
81492
68043
73307
37873
12539
58383
23409
5850
16024
30331
5535
11187
31790
74405
45843
49074
96711
69165
3819
72609
89428
60861
37028
53897
20643
42845
73117
53081
56101
88708
76647
69227
32595
88970
92908
12728
81410
56787
11291
3057
85968
53921
92299
84604
99499
57610
37490
69775
92880
39254
97933
48007
97505
1874
37897
14698
67587
68962
42562
54808
62617
31021
17004
17226
34682
50841
90595
95872
57520
42907
9015
32854
70570
85163
19119
80174
94204
99861
90604
78172
44810
13782
12426
33316
3095
2079
6901
40737
35834
6053
725
38136
32860
22361
64807
43482
21015
56159
5447
28877
46836
67902
36702
35322
79671
17485
78105
9848
25183
76568
38233
86475
32875
23517
65727
98368
33924
24324
16392
6854
97937
34137
55049
40728
99076
30617
16034
44969
5436
31853
50898
20618
58930
99049
33187
10868
7410
10258
95547
43749
14328
26089
37424
77543
65151
58735
72524
70544
52854
83467
49209
89590
286
61265
91350
83275
44801
81317
95003
20230
22106
58896
13046
5150
30565
88412
55299
20038
67544
85494
7911
58612
17773
9556
92311
45808
30115
58633
21356
48832
9166
29796
34481
35452
70793
78329
17274
37962
23957
12266
56115
37576
37120
67761
24565
8783
53624
6341
45377
7548
47693
71420
63418
6826
56241
57535
25514
11481
75767
74550
99151
8382
89530
10275
17941
25167
21633
72908
17476
85337
65000
59243
47796
81209
99817
33968
82764
457
34862
38426
76637
16948
9418
4307
89776
91381
13430
46754
49843
51212
8364
1950
16732
30209
44013
36958
30847
48429
68293
74633
90907
24100
69555
96971
64771
71479
50275
64691
11366
98717
68253
6326
46156
9161
49216
94283
91256
98144
85706
44114
91159
7084
38059
74248
97889
45247
9868
99483
95177
24363
41278
47212
12032
43253
82749
24904
75404
39152
91084
10259
98362
46910
97993
30764
22737
19768
44526
89363
99807
77615
5060
45318
52170
46603
55781
62429
43546
63030
66749
54827
30067
17877
78307
87330
19069
2796
58688
15541
15649
92698
21192
85006
279
83472
87558
33198
79678
27849
12564
41847
48472
28411
16419
47629
94035
44915
4707
98011
34516
9850
33934
39971
16688
94998
73238
23906
50355
29848
49307
58041
48010
13043
44340
77781
48905
23669
42491
22161
62130
93940
70757
54416
14320
83261
42072
7167
6703
32320
23041
91027
73780
31068
24197
47279
63989
16130
12627
84883
23645
84486
28719
37446
2968
36690
61028
53390
87669
24486
69034
17527
80144
8148
97290
3384
95319
13307
53719
40049
37661
87557
28077
44706
92992
23775
38347
76433
53830
70276
77216
24925
43778
5250
137
85974
80999
41505
46435
12170
36148
63968
38575
94980
62018
6432
86013
96
38790
62802
57583
18188
99939
60254
61084
11970
94138
90658
85781
94095
72611
19591
39476
23755
87329
52708
50675
2154
95202
90964
15455
3705
7111
43058
59272
43620
59840
72783
44032
46404
83896
37881
77833
82608
79476
96201
99915
15241
98707
97264
97627
53071
3998
89190
6641
79509
75106
69100
14523
89583
39134
95563
24374
28328
77348
41022
92109
49284
86848
49842
87494
33062
31633
89497
86390
20376
98672
38673
61340
52155
83213
14429
52623
7199
24398
52525
67157
17055
38507
30409
79181
82217
59775
72645
3698
39405
41787
50102
43617
13771
19508
44493
29912
3340
43683
91354
50870
17845
166
83999
25321
60457
1112
15135
62477
71686
39056
48491
60322
94478
19857
25288
60796
11084
94481
54652
5160
82549
73010
78673
88985
86642
75593
36841
58052
99801
49049
73310
44650
71014
56027
52933
69985
95380
40381
17920
44793
51154
12097
26068
72214
98680
96912
47636
73455
45217
99860
85353
95241
1009
51572
87248
59576
11278
27219
46122
56963
47075
13631
91410
87530
3282
59439
88893
14837
56256
62472
63575
70749
14376
97363
22548
61049
46982
26575
45845
25641
22570
50943
28900
37518
7638
23769
48543
89448
50367
20570
56949
25616
14471
355
11270
15701
34865
57166
32922
31533
59916
64294
68459
35714
31051
38763
71215
18134
74693
79270
81339
77242
43820
56864
97793
10026
92686
37616
49131
72860
47882
35289
4273
61426
73248
78405
41126
73880
44668
79004
57518
31517
63725
19045
14278
67333
53815
44367
83071
34123
94741
24917
8174
94086
38428
9986
67180
85444
5555
68831
27143
78746
55074
5578
54575
11910
45980
2276
54807
53579
9441
14149
19651
18781
43347
8233
2662
69541
63884
8468
60
47518
6340
77731
88924
48252
29828
11318
6312
32069
82250
55313
46697
42310
89710
71329
62409
6883
9753
49850
943
58381
24711
79631
40098
36705
11688
36405
56766
40731
3400
38827
35303
82958
73443
3367
42727
26663
2451
97725
495
17722
50313
99798
1247
64711
2350
52791
66385
88138
18726
60665
28527
72580
91131
2620
70723
45642
12011
62616
80455
53631
17889
75143
98839
30454
51788
94262
64525
96889
54985
16527
83010
10737
65406
44215
10739
91733
61396
24630
21791
34799
55226
2982
88018
3019
68681
38590
51858
58933
33927
66108
55105
77627
12932
26058
89407
21566
37910
79225
31005
35377
65615
6940
98154
67038
93853
51974
52402
26435
75998
60302
81449
20007
42825
50235
50927
2774
69753
64793
2135
61475
35715
9707
34474
20375
69266
99197
22906
90547
73475
49089
66072
68655
17902
45697
51538
2600
56923
28820
54413
94041
39028
81968
80410
74168
13687
81074
72634
92969
90378
67374
42551
8592
99599
21686
56684
24255
65450
95696
48941
38571
93905
76892
2115
75367
60067
92237
92923
6433
81623
99631
18851
64354
14740
20291
60007
55008
5881
49178
35409
85218
72022
64732
11677
22939
71313
27018
42057
44322
73200
89209
14972
25664
19425
76088
76111
8777
63192
97711
24171
37928
51936
7762
83737
86129
60195
48996
24160
21329
68246
87691
91241
55667
52486
59542
55034
4526
77658
71490
40011
51762
45087
41878
27232
61487
26758
43012
69945
29900
98304
3838
90930
65335
74644
30187
2696
44428
28810
25969
77601
64694
6821
319
57167
99179
69816
3722
1073
60453
23267
89621
32491
74434
59711
78180
57055
54037
34417
15310
95243
63355
35482
43700
12419
6532
49013
76078
96740
24402
92804
1545
15989
59011
43346
87540
92623
69820
76634
47512
81531
27540
65351
68666
5067
87977
18278
74107
62357
72026
47757
97503
47192
52934
97817
85344
36192
15774
50434
35998
99720
62682
39732
58926
53279
58373
53917
12580
49045
29019
41952
61954
43237
45694
44184
14478
97322
13134
93854
2638
22167
64267
41897
22852
56200
87219
65175
16043
89981
91223
67342
67474
22798
61764
75726
53349
52314
18910
69084
44385
16147
80517
88798
25033
37173
57921
45261
7157
5240
23099
75460
22069
32879
77887
15531
81374
37752
29494
74863
6723
37461
75797
44734
78271
39586
72511
28777
11931
70834
9606
30342
88902
21638
29501
55302
35643
82094
78055
88005
13908
91484
77076
93881
28227
65383
88206
25345
98842
505
54389
14606
14453
81089
10570
41762
16027
34804
54560
40500
58080
99570
31264
28593
46482
7626
99716
25132
64722
95011
51197
93352
49241
31220
1288
11239
20428
90045
8388
71065
96720
9246
43575
41996
12853
71104
64630
7536
36525
32012
71057
90731
1977
78451
60054
73210
16479
99166
85286
78545
49177
94388
77447
18803
72987
29182
64913
48404
52652
32915
88131
74155
47262
66549
37935
50552
2728
93523
44250
36613
78490
50123
1594
19084
34104
51887
40577
25165
63781
85508
17342
61360
37412
75979
7488
91393
91469
13292
56264
83704
35657
21492
30563
66159
39248
95853
9468
72445
87864
81072
96456
54063
61279
65729
85535
10596
74905
10649
36974
99585
19355
22412
12790
70565
4260
22393
84015
83379
49801
36099
60558
59403
79166
65194
77162
34120
3591
16017
84683
84262
43225
89938
37000
7138
47307
84075
45852
7651
7343
6423
78223
62101
81838
66575
6771
43629
58276
87778
34400
4107
70693
26523
29058
64411
72866
86274
51906
17193
61094
33392
60864
94339
20263
96597
2673
8063
42403
60253
64755
229
59315
3154
87427
35234
90350
51078
89240
32398
29516
4553
40284
10616
97833
38413
85726
19299
78861
13861
87697
70818
83616
42013
15269
82461
600
15532
7681
14141
80380
7813
80441
67892
92427
47352
57628
86285
46384
23611
83266
62847
73211
20506
87927
49693
65763
96675
11034
81894
17500
323
40619
6469
93446
434
95083
31883
57287
5158
1491
58814
17880
27588
11739
43017
14114
64009
32056
69184
69294
60117
6275
3117
59734
74990
31845
47415
81191
79392
81478
19345
11290
60663
83544
68202
4930
62503
31145
97868
54632
72383
83876
5263
62422
88770
65563
17399
27431
11168
81925
77182
25480
55472
56993
45695
15430
92780
51393
46121
78531
37541
2817
59641
95951
2645
90456
26103
4330
84755
65483
41986
43597
32335
27360
83425
42912
62379
50538
99515
22177
8136
13956
81347
63710
7660
30136
19627
21709
36760
94713
9320
40511
1082
51930
13964
43268
83171
30261
48694
17119
85123
31747
52604
44496
64491
93763
61817
39032
9990
18692
12493
7136
73854
49032
10654
33891
14060
3053
18088
41711
22143
89300
37024
71083
49050
15
81107
23526
78669
64787
70790
82203
6390
33163
96373
46018
19481
46627
44589
12099
67763
39304
24264
49973
49201
78118
58388
96568
57308
28393
6122
95437
75615
45888
40601
40317
24409
2824
43782
10682
14782
96549
71300
33585
52787
57190
84900
45533
90457
2851
91520
53521
50013
12423
48397
60926
74146
22637
98416
78450
90303
27107
57481
60812
67317
70519
41784
68348
97241
2444
21294
41790
351
7985
67579
37129
65197
96272
87171
60505
95144
87108
88998
80945
56930
87935
68504
80988
99092
76453
25645
48147
46007
15885
100
58491
6259
93155
65928
54085
33523
30164
58801
36575
69330
95103
80630
94174
15496
66995
44805
51566
57883
92476
66808
38423
83212
13445
20530
85496
65229
93431
53557
63001
81642
17997
21692
37483
29506
20772
42766
45032
56228
71137
45498
76051
44061
6457
5560
75882
77885
93588
81566
52803
96050
30435
47325
33860
67205
60425
214
85881
8491
65145
82970
52977
41800
18343
32628
52912
31247
71438
68508
48064
1166
15457
38492
93444
59918
12259
58828
53040
21190
6895
4941
15728
42302
65654
32551
86118
46323
46132
33540
49207
686
25429
823
69035
59491
70336
61704
68251
57386
81171
61972
15704
14672
86358
61146
49466
28792
910
81671
6835
26991
78209
58765
73008
45423
83568
3196
72525
84939
9992
95494
85237
15992
43621
68914
46081
86964
23549
41972
61076
46942
24859
281
48104
43169
51580
18810
15574
20062
5048
37610
99906
37146
5600
70466
5226
64790
35612
75187
82785
84389
70665
91207
89207
89954
44814
86708
48786
47562
96762
87139
50930
48255
23377
26490
31636
31998
15672
90149
3703
8571
17146
39501
7670
2580
42984
23894
359
26408
96699
54254
39450
78630
55015
98235
16181
7313
57700
77698
20066
51040
32102
74390
40073
67054
88502
44476
70848
37201
10927
37045
66307
17986
74586
13409
54120
23515
93894
58535
48160
36605
30663
80405
30702
24988
11843
7541
72421
34023
69778
43594
11571
93514
10916
90838
24688
11819
57554
54246
1753
57710
35989
25015
87170
49876
95252
16797
19524
53264
6593
26354
3390
52937
75146
81997
58411
38395
58904
7077
37265
66953
12732
37846
61559
20979
81594
5611
24958
19922
65268
9641
43077
65587
41879
92594
11619
31171
37406
19143
74222
80025
71967
99457
14105
19458
54206
14181
10490
4709
10348
44533
88351
2794
97561
83112
37458
31061
79428
52265
42928
81292
71140
50595
30422
38876
35704
71944
74049
73871
59911
73859
73377
80663
90283
25302
57882
59744
96592
64189
54384
24141
2786
24558
38106
82007
13551
14076
5521
57889
1766
72285
12820
20260
44804
67326
48071
67417
86860
91640
35279
34788
237
47336
18558
4386
82216
6609
38957
59865
346
9987
84287
23427
86395
6260
97710
37144
41113
10091
70113
93432
40713
22034
97945
12502
97506
61700
18903
80616
16660
13907
18980
27186
42518
47688
39297
92418
1484
33111
99203
60194
62404
27134
76050
86603
21423
68603
54387
84081
17012
91155
74462
38351
27487
14556
26969
32481
68591
35601
5727
84069
10816
16021
56467
87419
70285
59167
66826
88469
61959
94366
83482
47342
58268
33896
57717
6081
12137
50403
37058
4734
21684
20872
95403
21101
10869
25278
19026
54381
14611
13299
65974
16097
42051
6098
34750
43954
62192
78345
65493
961
843
98561
9469
47639
59772
43296
35246
27140
28483
31577
25691
24572
60141
92297
36498
86966
48459
70606
51984
14260
62567
8659
77626
19131
81883
39648
82999
24976
81603
75529
82008
65221
30097
21426
67687
34459
56383
85977
70678
28334
62801
56493
36719
53960
65352
83655
26607
34876
22523
69431
26415
52422
15329
41345
76626
17602
86825
44577
64815
16394
29
66782
4958
44460
26311
83972
48822
16708
87135
33838
17441
8541
66766
41047
26429
71818
80127
87719
21036
67834
75978
79164
85365
12683
22517
87176
49114
62931
41437
17285
87713
5213
74149
14815
45874
61878
42711
51163
67096
32187
82272
45660
36700
29128
85416
21932
42293
44318
98303
43795
9973
46668
51994
82298
55227
3779
56339
63404
10114
44270
79924
40291
41473
42226
5376
26356
42598
39925
49494
57696
95900
32346
2289
83214
58146
65420
34619
69238
35054
40525
99698
72357
96964
56518
48635
68344
99993
92808
85884
49810
26585
5577
67085
98239
80187
22181
47857
87235
20128
4777
71548
89626
9709
70500
16399
51152
32773
65047
44626
34845
31468
19868
70119
8356
86553
21133
66966
87816
33389
88035
97229
7679
38521
58089
52105
18092
53936
76471
57140
25874
85483
10516
93196
49570
46080
31030
6686
11196
67619
90850
61604
79881
78761
90229
25039
83015
75588
33093
7845
82967
91183
90559
68804
34420
60807
13924
6993
44078
92478
80980
64022
53939
97604
49938
68965
31849
60127
85687
31752
44362
16193
58887
67225
46362
29985
87736
37921
30621
69855
66036
46922
78815
94681
73247
73770
90051
82563
57044
60896
10136
18316
37517
88573
43229
11854
35829
84925
42581
33879
201
78643
91684
49247
81332
17652
14816
69366
41199
90185
96237
10256
13320
98894
556
665
14774
87252
25575
87099
49137
33870
60726
45792
46307
31912
30385
32726
20909
45151
71996
59299
20219
76100
20412
58578
57070
34438
53825
91286
88983
46567
92472
64327
84901
57322
730
50340
69638
97669
48086
4609
89995
50320
94886
90931
46938
71540
85554
49904
22494
29436
26852
20770
29569
22812
2621
89618
31962
68692
64408
19919
69938
60328
50904
76238
93390
92371
44316
30114
8987
36361
57904
8644
79456
84036
88550
38083
51102
49575
99958
71804
44164
76415
72850
2026
86696
87595
7321
13534
24530
2878
36476
12936
21413
29858
9244
15939
47375
40345
85246
92682
81629
27948
92589
36665
73839
54162
32561
82326
88345
14210
47893
61000
65261
49627
72745
71145
42380
54777
72379
87659
9214
81563
85389
21671
57808
98541
23538
75248
12874
64212
91007
6748
6612
90784
92401
38729
69088
33334
37256
48240
25643
15130
25570
99690
38097
44124
72852
83805
86113
58744
79714
93708
73491
63458
47039
74275
15668
54512
50047
57716
61488
16985
67518
90786
5677
53058
34923
45298
67742
20138
2519
83710
54724
86838
70850
62028
70511
83020
71068
63835
4305
88315
10204
52229
86209
78794
36050
14097
19507
62653
17888
81246
76933
27890
5848
18763
45925
7334
3102
50041
72884
97885
49420
1858
41988
16659
19625
56047
48849
85767
14442
6849
30493
17081
17276
11056
38759
82259
50712
86269
82414
96908
66097
17457
37187
32589
29396
6172
41909
15928
79178
52397
4635
42576
18449
9117
23688
48346
64451
75051
82717
2708
52699
97113
40182
82936
97894
10539
42874
7553
73336
43719
91165
17816
67759
68787
74551
42244
53765
98384
18905
29293
85550
44369
99456
72263
19391
26711
93684
4458
14683
7869
18195
97025
48748
47290
11081
18949
70709
16409
31103
86027
94592
88911
4746
12606
18502
28458
56298
8616
23717
82466
99394
9066
23097
61822
47379
92618
11041
52214
77934
87732
17738
23704
23495
91108
2207
70283
91143
93527
50061
74216
62607
69509
9672
48801
81860
46999
79570
64376
85035
68980
51927
64658
20781
59042
51254
22612
66778
18857
40275
76515
94328
94707
33130
85165
63899
58917
22078
91230
52438
3513
19089
186
79081
22376
77820
6293
76321
95233
73980
8377
45832
66209
26756
96210
37297
49657
28359
64401
23352
24352
95643
30315
94751
57365
12037
45576
19090
96324
61444
16246
28213
38940
51706
59883
63853
1865
12520
85174
44816
4210
81523
28629
51190
20308
28796
2587
32749
80316
29764
53556
80798
81066
27770
70243
6335
28762
85611
92854
26251
12355
70547
8432
41845
12290
44890
39908
43518
34262
7020
69848
31478
52389
4281
369
51089
23300
58940
39886
6459
2386
84327
76874
20555
68471
88061
38643
10533
88031
51708
32433
55849
24790
69513
95551
88194
72926
18564
56465
8755
38114
85498
67371
51264
89616
5305
52194
55326
37284
32917
77160
63277
58016
3359
9239
99075
62599
46091
40772
88750
89913
95982
81993
31287
80162
26588
96786
82308
72274
72608
70081
47507
29885
36963
25511
73874
5839
74543
11288
24776
31101
88039
74325
39988
94350
85622
70830
41593
14014
14932
86050
40449
50914
81828
25356
60952
71721
88069
70569
14883
37235
86795
66885
64571
39196
48447
210
72368
53927
15976
27095
22783
26541
40033
92410
69357
8539
35404
65240
573
6463
32432
40080
39522
61920
43892
62590
10578
28926
41334
41950
91884
76395
63328
88817
39665
15736
70808
34908
37387
4147
27689
24401
80211
74176
89547
393
4248
91711
26566
11814
1851
51367
81561
19966
20806
51433
62375
25012
33808
63268
89325
72631
10904
71771
92420
29725
53498
84951
87862
1110
74438
26888
78229
68424
78453
41852
85110
26431
40830
81627
30364
58416
78081
53991
982
50604
1880
57370
38306
28881
45815
72945
75253
94
24269
18994
83768
51904
85782
94263
76231
45539
25549
11763
95483
40138
87182
69515
92238
97607
90737
64379
12893
31674
6781
27966
25253
52240
86346
4437
75382
35428
85635
96637
43441
40433
39747
96381
57523
805
89835
65984
32286
16348
14707
71493
44202
87802
60248
51544
71018
26838
66034
66574
19882
5259
86632
81208
51276
26596
5966
67386
72557
74333
6939
10176
85452
71093
20403
61836
71856
33441
95995
29470
93565
5688
4139
4789
519
25825
37485
79995
91185
94403
36568
1251
42100
57985
28971
21323
78483
79934
77050
17396
59049
10945
93614
9100
43063
29528
19637
97276
70168
90249
53183
36215
63645
26759
5400
67907
52165
2676
88639
55624
58923
84867
11512
55983
99415
83323
61571
70844
32631
88681
96846
75061
6198
53425
70958
6128
10342
42364
11445
75463
65356
4357
64700
48598
22440
91128
86609
98217
15647
46612
93438
64680
24009
92185
55115
62398
92909
22643
63774
64908
56980
93149
67083
4095
45112
28485
40956
55524
11065
7972
64510
97861
24772
18149
16237
16188
11306
45136
18696
57906
18887
45996
91724
65085
95038
60687
83401
27716
13764
59081
58408
66879
3505
89921
4460
74375
5211
78939
80053
37536
67248
41779
17783
82990
77251
19936
93269
1102
93812
15390
7006
90136
16687
36339
40711
15568
23926
54894
44794
67063
1920
23212
99186
54474
28329
28750
66032
91896
59183
76707
85885
30350
22446
64422
28604
87023
99334
26939
59022
33143
24316
96945
28009
11720
44109
13629
62633
88095
51370
2552
26350
13824
2234
13676
89333
9600
17387
63772
69151
63214
34256
23161
11101
57903
47937
80802
41467
49877
2377
76521
25099
18208
65122
5124
42559
51832
27378
9811
91720
98092
70249
97142
35110
66730
63258
92069
88726
93547
9565
25311
89173
27053
45447
19435
89390
23785
38892
70001
37909
61496
44766
33066
5334
46790
15857
24014
40781
58219
86670
65461
60295
11422
48035
35153
24004
35674
36858
3667
9375
56082
6571
15665
92750
43593
61825
28
9768
61450
70574
73378
73546
53097
42715
5822
60320
90466
63272
94042
28083
23731
48149
8366
66267
21386
6401
60630
81863
39532
22966
45720
38529
63798
29972
5470
33358
81489
46895
30167
97780
93699
11061
89029
60502
15603
51868
56365
76138
98132
41295
18785
50881
20529
74611
68430
80627
88676
79554
63903
63623
72126
41142
22898
14249
33985
97527
80171
87173
40927
92416
15525
10680
46647
15687
55362
26153
46182
51182
18522
17433
66578
40992
75440
22794
47917
23652
50903
92405
34144
79041
40587
97745
84278
80322
2059
25145
27068
31807
46396
13918
80750
60366
83572
1869
63288
49848
56466
25125
69631
84898
41247
32975
12279
63791
93544
88547
48697
21274
99442
81585
608
44341
63508
92319
14449
17358
75339
51269
2812
6123
77181
75670
67898
15546
62678
25725
79821
5008
24293
27049
99877
36946
95834
73518
87206
61605
69482
75259
40608
27379
50406
25639
84323
27574
95471
49401
43791
7212
84325
41689
34401
18709
48992
79963
33423
51492
35784
20754
22217
33819
66443
97093
35600
39105
71675
94451
21969
37554
72416
59657
31243
47478
73368
9217
40682
51767
26017
48248
91551
57474
80285
94573
1994
57076
68762
51657
18573
12771
48981
3402
33566
989
70594
91676
8493
72806
636
8527
42969
34863
60550
86041
3291
25215
96060
76039
82440
47748
54193
60024
57854
14646
38907
88930
17806
37586
75546
12557
24335
47633
22162
70161
57047
51626
99666
51029
72906
70068
3718
58186
78674
66992
91648
5694
82510
66202
21708
98963
82378
87663
37040
47820
30531
70338
68564
89741
73090
12026
76406
23546
68177
87726
38616
84718
90932
91092
95581
89027
31542
77139
99994
99157
41474
27477
38336
18987
79490
42298
22603
3404
58130
5035
63325
73830
92984
69941
3214
63673
43242
30487
22901
71100
18534
26870
77717
58272
37816
23337
85911
52253
53190
1305
42295
4323
45011
99511
27256
48888
81677
73916
64979
25739
56906
82134
35327
48118
30188
4436
2256
29955
8393
2820
79699
8828
25898
43326
91204
14227
51265
84103
25608
26819
39966
33619
78811
42303
36429
83951
57400
1887
4817
55272
86101
65966
9461
21645
31389
8453
83900
72875
5169
32937
11426
93229
61540
17330
90458
87255
20392
5815
66539
13087
97909
54431
87172
23848
93762
56853
41973
75591
81272
83750
16750
45619
68458
59427
6893
61410
2277
15714
26457
57834
12071
65225
89589
32768
91176
76378
80783
51508
42161
29493
94677
13567
88689
85125
38820
68673
63878
26690
38924
39643
34009
2627
85914
38700
80792
45421
57853
24903
56316
30841
53695
49085
46637
80494
79838
71668
85575
79998
72162
68249
2743
49368
83670
42413
12960
55005
31168
78214
37993
9951
3375
80473
216
57560
24489
34901
49597
69826
23747
65209
95915
98762
92285
86767
47169
35786
77404
3709
48069
17473
61299
20192
72135
44098
73291
86491
29224
59305
56495
31606
51609
19465
15337
81366
84289
47581
48215
83893
83869
77909
34929
83169
88520
79973
75635
8452
10704
74734
23101
15754
32495
5728
14937
56564
67016
2767
11312
82727
66987
31703
41880
30929
72375
43635
58522
85910
62072
67870
86031
96417
35520
41010
23633
32500
20787
83617
48073
92848
46935
44510
35982
69845
96275
97188
18557
20111
90937
77567
22051
99834
1542
77401
70483
74314
72979
74769
14662
67190
26472
1626
72772
6692
53892
361
11573
5369
13892
42321
28225
31740
32672
6770
1467
9648
81897
92320
15271
13004
3884
67418
13668
5610
10309
30305
58099
28342
14242
81756
74982
74714
44960
50697
54507
58686
97549
52634
98795
94714
29482
32271
98065
55943
55700
98183
25171
22101
98965
37527
53792
25557
59996
55710
93075
99209
75608
63979
88454
68141
22060
92505
91380
11330
91734
2295
19490
77303
55770
41326
2368
91449
94817
18469
28180
11569
51192
28821
64852
30313
15226
71128
20287
60867
57314
55496
14213
92827
65791
43472
42794
28901
83554
30146
13833
38285
76114
58967
25892
662
36542
89761
2599
88787
76215
10734
9250
41444
37262
13032
55028
26193
40377
26195
55903
32084
34956
95126
97760
14075
85478
80552
79767
25226
77883
1465
21987
28160
51648
83136
26858
84076
36546
97892
8191
64556
89905
57073
46287
18944
87842
65633
77766
99841
63538
97200
40547
61142
7039
54121
36074
62209
44465
77554
15599
81511
44347
63759
9615
39487
20241
49779
76085
95858
84756
51554
63366
80106
32918
84121
91232
50395
48403
60443
47093
89095
84414
33699
30128
9285
97307
23160
66950
48187
60492
85443
39658
14411
79394
60431
44403
81451
92441
1289
99234
42918
75718
83826
99951
63485
48556
2397
40962
72244
38211
85604
67040
39538
31049
5663
56118
99122
73692
60892
39977
21956
34576
88976
12672
31262
90307
72466
43046
42417
56911
71752
37417
59151
72522
26857
1190
39259
32412
10239
68934
89282
87289
33264
81009
41480
63739
64409
11035
3882
1807
38836
26726
4400
18774
14743
37688
2484
53238
84946
48539
65884
40549
92343
22777
81437
71358
15771
5599
71545
95181
95095
59525
28584
21903
7523
55415
69664
28552
31364
247
60213
74502
23507
93688
33116
4685
49577
79990
92120
6318
15640
58834
81770
57898
61190
92739
11410
18866
52637
33124
33663
81496
17331
68531
88104
22931
28990
28473
99871
85530
83498
72971
5089
35652
45172
25084
54764
7470
66205
32455
75486
44919
33001
37646
12208
1670
27118
33427
96851
24024
7112
62298
90119
31989
52181
52656
73052
47631
35975
13548
77609
55188
43862
2531
3476
57994
78499
84092
71598
86576
20665
95785
24813
34052
32694
24998
45403
90685
69558
96212
79743
57251
78645
68364
79703
57938
80321
56327
6572
64116
30583
84120
63064
23945
21697
70422
25007
33758
90811
29690
74785
14422
30452
88475
62692
16580
94146
50103
6487
1553
50923
41636
39830
34722
15060
2919
70482
93347
75516
65332
2222
71070
25648
89558
81007
48835
59588
40171
49510
92282
30379
76280
60167
5404
27622
51700
70686
22144
555
66899
72966
49416
37149
22724
69738
61420
79298
17938
19175
5333
38544
56424
94112
39057
27600
82439
31898
29714
56941
61325
46682
57199
99654
60689
25745
22220
16158
97585
34502
61531
87629
62188
37349
62374
99356
85740
12434
53799
11941
14158
38873
53871
86179
88922
92186
50259
22150
45138
82861
83939
92404
15742
4306
6200
13666
52126
37920
77824
26945
54961
68771
66393
42461
31794
61387
70123
60037
5536
26660
54999
75759
14032
44055
43650
36034
5077
48540
35266
23131
22129
85136
50374
67221
65375
68629
33422
74431
1948
91522
27206
86931
84702
58891
35149
20605
49408
51992
92277
39019
94676
76095
39835
38102
89081
17626
16208
42927
64914
86656
18842
2050
26216
50283
46513
80665
8594
94258
96563
26807
45234
19812
54799
43732
7068
25934
18317
44515
84130
31092
82387
39309
16913
67093
16736
37795
64427
25532
6735
28195
94137
89121
13848
98785
18213
99387
83041
65849
10617
67788
71407
64469
76142
56712
88764
31860
90424
16106
7333
32698
57369
69303
24035
8309
54713
81124
80279
8611
55286
82168
9791
38300
76680
52125
87562
43956
17252
72947
57149
28709
22782
7057
11918
43990
96128
21194
10683
66334
90774
23970
48719
66257
7563
81196
78723
5154
13231
63748
86461
23291
57336
63652
88539
50569
63905
59159
27183
13048
97368
35420
99276
61597
73947
93137
76013
21039
21968
37783
72730
8583
3325
72076
86924
92065
51474
24367
12147
4028
51902
70464
73339
92651
78532
95992
30698
19498
87613
31134
89388
82057
3534
7420
67341
27224
87960
4135
1551
4314
38382
29315
39320
60252
52776
89500
3329
39432
797
28288
96451
1989
19495
85527
83865
40339
79379
48531
16967
94801
26938
56217
3941
95842
67472
96834
53976
68414
35831
40005
53399
99052
948
32163
54306
85390
82715
54449
94479
5882
24670
25347
40154
94329
81881
53055
90573
14437
79928
93744
71992
52398
79019
41456
5379
99037
74671
96852
20210
13223
9756
5787
58139
36844
373
58018
25389
2196
88078
50747
55852
86440
32846
4731
24090
47019
68656
90492
16231
7184
87224
94822
45397
77735
88864
18328
86329
77383
75784
57228
28171
77246
12287
46534
28142
5110
26749
29202
8586
78462
63244
5006
24204
24094
66682
42979
11738
44617
81973
78663
80577
16003
89561
18085
97464
51524
40447
14923
60746
62547
36488
95475
69567
89770
76662
21109
40271
62534
28842
94434
96915
83413
18122
18498
76092
40976
34318
38799
15256
67391
13877
90155
61414
86035
70857
53733
90873
12372
28024
36616
12075
76323
74292
8526
96951
71643
26344
49548
82424
17496
91614
75479
91828
94785
50913
55406
96498
10037
93769
6584
92577
85751
55379
20583
77604
66238
9355
93331
63060
54589
71656
73327
94298
84280
91463
31250
20365
21087
41152
37621
89632
55940
7566
14920
48049
73801
37292
92941
47726
65798
6966
76870
97887
51273
4977
16167
755
60934
50111
93057
61173
99884
27645
77585
73699
13732
53225
91779
69056
48666
25221
88879
87837
68277
62998
52147
36692
86287
7857
84510
37281
47444
12614
29140
81529
62397
56349
69371
9924
90077
64369
41439
34044
98247
13747
82902
40473
91641
45218
22137
3964
50139
68050
91133
80394
28677
92171
76681
74971
34165
84913
85306
31346
25760
16704
25711
44116
94791
73102
75054
45512
82005
79684
15614
8193
72989
65169
14221
68102
31013
14002
70170
59721
29198
45119
27465
81239
72697
80114
65610
72791
32066
44663
73482
74658
98879
27657
88067
85464
35209
23624
38361
81465
66358
62219
23929
190
99918
14430
82583
75436
98549
88354
33234
1000
4312
24479
28446
11475
60852
5906
17340
61468
41138
78879
91568
51460
51039
93251
50025
57931
89638
13901
76897
10096
7996
43487
54510
2121
21473
62290
78205
77172
32091
43587
11314
8813
72106
40609
52932
74254
88923
37153
97719
64760
97862
58125
63845
63677
36889
44527
78945
25600
66390
48342
91628
31520
84197
94988
26283
46271
61192
53935
94341
53464
65280
67103
36407
44927
30997
26474
37705
86540
48991
43300
57937
28591
2452
48173
87485
91171
9099
82037
96931
2049
61039
12938
93890
78498
69955
93296
55946
52405
42277
14860
41224
99301
84850
1471
17243
51397
83850
65222
55649
7587
42121
82921
37463
34812
81811
62125
94338
11210
66532
33009
60631
83561
34626
84554
40407
22486
42858
61922
25863
69878
93260
80250
16273
1788
99838
74782
43301
14308
77349
37950
42214
44705
59745
93294
8147
7263
41055
71805
26010
57846
56938
78319
92767
69534
85623
39778
46146
3491
81808
420
79071
28749
96627
29076
59593
41414
36918
35198
54794
91738
81584
14764
53708
5916
88358
43704
75101
35188
24102
37322
5295
15316
13028
87851
57000
18877
3684
46470
4059
39902
67177
36004
43537
11873
62510
92844
59643
403
10660
96080
11608
64863
25451
69672
50673
87409
41947
57769
34512
14689
48299
66553
48223
84953
14169
42834
75971
50327
12644
43115
26434
23028
35343
12056
95745
60021
70610
10746
36938
78408
96647
67516
39188
12709
78443
37319
24886
99513
62686
24892
40145
61973
82681
77059
57084
7299
92159
69504
86165
1452
28826
91815
24899
15892
74654
42374
49187
13256
66392
54928
66006
26377
83884
58572
92477
76540
13086
45657
4664
43396
37922
86865
74892
1012
20063
2661
81540
36290
8411
7615
98171
69060
37399
51006
44177
94384
43071
41068
81012
51686
76966
41003
51786
93113
15896
93518
82938
94170
96538
51670
81294
80379
33913
38626
92792
46100
27151
31626
99312
59316
67110
82947
25401
56250
42982
744
436
84159
2753
75307
178
7119
53023
66926
17565
86117
69891
23376
69747
30972
22683
98819
3241
33342
51737
44508
97242
50591
17141
56279
67941
91437
24230
29710
86785
38687
44482
58105
4768
79739
2855
38879
60281
17373
65339
14620
83303
21600
97550
74425
25633
24297
43394
30569
26999
49140
11213
7215
35920
8330
58629
96196
56445
33794
84340
56285
55284
75476
81707
1355
66849
50501
62069
41398
80634
62324
18165
64486
42264
70214
62168
54689
6143
4445
70797
3672
84319
72323
92796
7041
3664
48994
48170
5
66888
72769
13475
94460
94645
30530
48841
81053
48775
41712
94796
54236
78340
75865
18974
38418
26646
32440
85026
89708
49716
33242
39323
8490
4698
60962
4671
784
21138
56477
99168
68835
45317
19596
92415
22476
8962
50164
25702
99739
36572
20674
8633
5793
72538
82289
5156
91150
64811
32222
53182
68450
85703
69574
87639
89112
22636
11984
77877
18117
79342
44642
42435
36047
81583
18917
30807
18829
41236
33707
83949
38147
29167
240
72147
55129
10748
24482
30465
59817
284
28606
13702
90135
11178
99280
63402
75901
32243
5523
23734
26117
77496
59373
95271
88629
991
41993
47906
9343
43964
50973
87372
93284
78285
99920
16493
62857
35766
43192
75525
83864
47950
78800
90485
37465
66769
7221
54548
57318
81595
93810
38649
44163
39940
60359
57627
79879
2681
22033
97219
80055
25086
33438
23447
19704
51667
47443
22919
66671
74200
54304
5546
46641
55038
49427
2226
92939
75373
4810
12923
55361
53340
70477
55833
84709
96840
45536
39906
71294
57345
44862
61428
5884
35861
37609
14003
3499
2269
85476
48883
69160
76903
37561
47112
25720
9137
56028
28741
39111
77185
42285
34691
86867
26624
62840
24215
173
7073
34829
8250
72914
61412
3440
97351
3242
59361
37236
58836
25113
55628
46093
63436
50185
87044
22693
54620
94119
17039
94744
6435
6498
9416
34879
94134
93028
49538
14390
98691
51438
58652
30954
64360
5604
18717
62147
76943
81655
86663
80028
50742
16040
49647
77393
4571
1367
80491
73311
44084
84838
55172
65875
95710
85558
86765
87528
98322
71840
4788
99859
14950
16437
97027
61006
4797
79420
46963
41417
81556
8548
48954
95032
87375
27469
77297
97888
35690
81027
30809
33542
53271
86749
39613
98063
59602
52357
8646
64197
9421
65813
62195
27350
66621
78901
31554
49906
38631
93541
82873
79124
96331
58793
86353
26992
24746
32723
95164
89113
19252
16796
76099
98400
9957
81085
56315
24870
41966
22272
28125
27631
7496
21562
41383
41255
26161
94848
30878
12048
13656
21394
54721
56628
80261
79901
14705
49566
74117
51795
95634
31530
44614
83450
99516
57643
61045
58849
42606
25835
92807
22309
26479
63230
25463
44553
32793
24129
8936
28146
10593
84187
19967
15539
77764
1456
20695
33276
7797
29381
71963
78380
80646
77876
7941
35572
34484
48072
2380
63396
53358
34586
34963
68359
66972
96486
7819
41007
7620
87213
14349
52274
60563
42361
22859
79055
79628
20540
40898
9591
47328
59976
56208
62586
36045
62273
69799
31523
68073
49599
29130
56805
6190
18582
12792
38598
5366
5814
85086
82786
38431
19003
92961
46115
52399
47197
70543
92626
98460
4361
18098
52019
33419
60981
3810
19719
15232
47661
38195
36483
38758
44763
14732
66857
27702
10569
90251
49997
90919
58909
26816
72975
35312
14124
38027
94083
20482
46147
61662
9642
11722
54419
93984
23208
59945
51857
51266
14682
63678
94098
67840
2328
25705
88837
20189
99417
7115
35696
72458
78713
94733
20198
2040
90175
11998
88262
45844
29176
31071
33944
98949
91706
8665
98114
20843
45570
98615
87483
41493
59300
62299
35878
43305
84595
66827
52535
32805
15731
26180
83307
16611
89008
29443
51642
23997
64585
2260
17817
93339
21286
72264
81853
20626
80041
68262
31692
26659
83559
36649
45194
95813
58831
54679
1853
62144
35126
2373
53240
17678
57795
35887
55960
10712
5961
60940
17547
30393
74030
32079
61065
10743
14636
90106
55228
71658
19828
73774
87668
51668
63188
13435
63839
8340
93254
32414
42258
56346
95627
55253
96233
96541
11371
25936
5512
99152
73639
55441
76255
40961
10243
53964
65990
73842
74643
22382
61650
30581
91273
84095
571
51244
36493
27755
59263
62170
45916
6057
69762
94126
78217
32391
49781
47391
1015
9892
48510
73691
75160
70495
97117
16203
11640
57974
31954
7026
93824
32752
9220
40037
37199
29044
50573
70720
73379
29247
58152
65502
94999
95044
83643
47174
55146
37106
26375
15444
85744
26423
20246
94833
33770
42646
70236
86967
96838
80092
57050
18516
22944
14600
98103
84817
53652
88624
85886
28738
59521
8510
57291
61502
72755
85142
56128
47481
77995
37658
14993
51646
96583
7664
92460
10127
18337
57772
27038
85373
87090
96809
98868
29045
32033
79967
84777
50278
82241
66016
24571
59160
30824
57916
70972
26601
74170
21384
95347
21616
8971
64232
1095
76855
91935
50506
89059
32762
19018
53169
4559
76290
60484
45848
89855
60489
10151
14738
55001
94845
92932
7237
77727
35811
90874
62172
33400
70699
34823
34591
70922
78388
72531
36126
75139
34059
38309
74541
7953
75320
39166
42286
22531
21009
55354
52227
52114
86681
75347
65877
11528
55869
93850
27865
65832
96973
32288
72527
95246
39255
55389
3813
48583
82913
44897
51302
47235
40533
26136
98150
33659
53272
2015
30994
89499
55814
78265
26612
62489
26515
67683
87102
31643
6556
84396
31746
16109
12658
49447
42647
36229
4203
7232
8190
65808
39453
64433
77313
52279
71687
62796
94465
93835
41759
82914
65841
81135
47107
37957
15812
6938
13286
58785
97221
63690
25455
78842
2686
41652
47245
45669
1653
63128
98617
17853
39659
30014
18286
13432
64363
1521
6252
11020
59729
37710
78995
7922
22480
16250
51940
69815
57350
78119
62711
81955
57387
3322
97108
32841
68694
14369
40379
10767
85193
30941
25003
52808
99077
66835
16408
94740
77964
93576
26279
14571
46296
18186
1191
10809
7902
12961
31540
42811
24620
38360
39944
45610
74741
38658
36183
81162
75095
90423
57338
32103
70914
81000
89495
53069
3914
97968
27194
84444
14404
22764
7429
90404
2946
55436
66360
22422
29328
62047
79835
2180
87969
43131
80902
97257
71662
73252
72805
27991
69807
99917
11863
51285
13586
85297
80045
66332
59981
40578
51543
56899
39568
5029
97804
85438
60414
48150
39785
76266
37739
21630
70787
60460
42930
93657
90390
78096
29526
81476
4961
71570
41507
52639
60865
44536
12883
11755
51512
27261
371
10238
32386
54345
36059
60369
85983
22257
34634
2281
59205
59926
6138
17569
13619
59764
19530
68204
46051
9221
96815
57392
94130
45791
82799
9381
28352
8625
9693
41951
27894
8723
87060
94044
29068
87417
6820
60652
26210
30173
65879
57965
53346
64513
65125
10237
1148
75130
50947
96310
2062
38468
27306
94649
18194
24967
4754
4538
11646
61214
61263
93161
52877
55422
88402
25704
43221
80555
79634
37433
92265
87921
35477
41198
47687
129
77294
65558
80294
36335
85512
82537
33615
90989
64518
2221
61508
43743
21040
56514
59887
10670
91743
37682
10347
28661
35624
22418
91967
52459
30486
15353
1554
67791
91369
68652
83209
29531
11777
35968
71834
15915
3463
48196
37602
10488
33446
29415
86124
86375
6790
72266
49743
95269
30148
50456
2435
29662
20753
65987
86080
70369
98007
66417
39833
91160
68555
94017
35241
57223
57297
66042
24600
80710
96735
55031
50641
58809
31993
67556
77245
8014
12891
20838
76564
22706
54334
85646
56655
15956
54290
29175
75245
54872
20929
30967
90289
52557
49171
32719
74926
43084
40149
90969
94621
89455
23700
38567
61780
14930
31805
74057
2332
9298
37200
76122
13591
63266
58997
64442
27979
36381
6434
4850
97479
9509
7053
4732
81876
7335
16391
7315
97927
34066
47919
59407
89828
62150
46916
24263
63034
72488
14289
47119
81471
36444
94176
1250
49852
21200
87572
4259
70460
39928
93071
3756
44588
28115
1371
84443
37145
44232
28912
89614
5597
48819
20448
93111
50352
15333
90092
69838
20797
91803
1844
63987
172
81225
4729
38165
98067
40353
53998
48953
62733
79618
39442
39786
20955
83630
19307
55917
55697
79902
2862
60684
34441
78956
77737
75818
27736
59968
33567
71679
48289
81763
64730
69867
87853
65134
10613
94290
4412
8207
71430
87399
55553
18862
74599
37747
39520
31570
70927
30890
21822
30946
60555
15570
31321
55207
81867
86778
34734
88439
47544
17462
90065
38988
2189
31127
11338
86549
99463
60802
2233
47625
20238
23850
7116
92550
14623
82468
69313
11682
90233
30893
33409
27141
6321
90311
43055
28336
71184
42749
44227
85229
21403
50934
23351
50279
3202
87638
50745
88485
62518
88531
73509
3263
60410
98363
16525
68405
76715
4934
81967
53504
80807
2737
73858
65157
17392
99084
98050
31862
108
22264
22110
35581
62332
38144
44336
74219
74056
88126
57896
20846
39813
55717
61425
16933
62716
24644
18947
77661
89227
88184
27982
67874
18898
7726
49556
20462
1171
76754
38217
36487
98858
14042
54731
72092
6222
17027
93100
63286
39731
82207
88570
1244
36925
40515
2513
98952
23362
22488
80881
99116
37948
49535
63552
2203
15458
40191
50038
20701
32439
89963
54727
59107
42343
75628
4598
8087
13855
59061
87945
17084
84589
6722
2433
13451
20629
48755
23353
85379
87942
83974
99352
16982
595
69615
80757
66653
17022
87434
43842
20580
47620
70071
59200
40406
1287
73879
68187
3638
21880
27576
16069
44108
25419
85492
61307
24900
79155
50705
2055
27420
32554
24470
8852
45289
18751
41671
85403
77965
43010
77897
52082
8945
57284
8117
52041
80181
58249
49681
86896
10252
85576
54466
83339
840
55288
51381
90288
32108
54489
23881
55750
12775
85169
83885
96166
67744
48842
38920
66860
71248
97641
90845
48857
27024
83702
47236
53343
6562
74977
6205
98738
47791
52367
804
82833
97285
27327
20679
98465
68265
60717
26715
95259
59614
34696
32489
23781
76660
43126
1663
62154
96803
36390
22209
33238
87941
74649
33872
48951
21867
39866
5484
715
88525
31951
2970
23461
48509
72034
87781
18588
55836
59988
56611
81674
87912
49996
23949
29877
11997
19775
10312
41890
73257
96934
58732
33211
49833
73892
31442
35874
63965
83255
38435
56577
33220
15120
28953
64101
21055
12085
97884
76689
26217
34083
60132
99498
25621
507
37501
34153
42307
2509
82663
91889
62411
98954
97677
65073
51623
37589
16174
66139
28221
84802
9879
97022
8808
4806
51374
45510
38290
18686
55686
76822
39016
42512
72071
64019
28135
88931
45366
82922
340
99789
62943
64220
61683
63997
22319
71383
61671
57964
7191
27901
3465
95936
41562
41849
74408
72776
87013
79591
19892
82985
1963
99628
79850
57067
90141
60487
10692
12134
56883
28238
30558
81389
19942
32351
48015
50669
45589
84451
40
29548
45565
74481
44701
34831
65472
76351
57404
34154
66721
10807
93289
32611
65644
32062
72484
51458
86180
93696
38131
88064
6937
13218
50484
67595
96813
46373
70079
35339
7520
17347
81333
27648
31797
74620
96110
23522
15170
60868
50794
17521
26351
12572
39680
27877
5713
20211
31785
26150
27577
93384
89117
85259
96055
29774
13467
63745
69211
9539
6698
82883
93340
49798
70706
96398
32837
15126
41125
53905
64177
85347
17250
7464
76425
96695
48194
29504
1020
37257
67814
61979
70803
76090
34763
54842
69781
94079
96792
50116
16740
79274
1642
21612
83909
80163
94652
12460
89729
86245
49775
7804
53993
51087
50787
8
40058
7805
1118
97138
97688
17537
73254
84469
75686
97940
10930
90079
40321
41037
10684
98968
19772
63572
10134
99005
24411
34384
50376
66046
5444
54174
31602
21505
28830
69754
68111
92089
8461
313
88652
35331
31735
89787
69682
68879
38108
48665
32991
85660
71619
53703
5451
36786
52728
58355
21808
80588
87561
90612
11535
70884
28707
51376
37090
17240
9554
56562
68755
60879
69759
33244
26909
70607
2291
69536
41869
62330
49027
65850
48293
33426
32181
70634
66522
57764
4770
86672
35926
24038
30860
52740
89636
34176
14319
27149
22925
80759
82010
38242
76685
63044
24223
62433
61057
11219
36949
23602
73654
5773
64060
32812
42372
94002
89788
90800
9804
35354
11285
64643
41783
58243
73742
82
55939
52814
96179
39416
60565
18818
74369
41873
86255
6725
14133
41170
11447
79862
21160
8035
37095
39893
50489
29500
26405
75596
93311
42604
40222
40964
6534
44520
40013
32566
97175
61696
1415
46937
29996
58590
23674
86583
18740
5849
81485
20860
97260
78230
62832
30554
60044
89707
37386
59634
74727
58082
28557
41637
33011
84377
88326
52362
84824
64867
10424
87088
16064
11588
91530
42709
19639
29523
99054
5224
50749
88142
24987
24979
39566
12264
50504
48711
78747
80581
58178
41987
91288
41958
13300
96372
72753
80059
71435
25688
65371
27412
76566
15245
41758
94096
47567
71309
19334
24396
21248
14601
52381
67139
94967
85057
79740
87315
24890
87463
28053
98722
78626
93313
99253
16757
24111
8259
48640
53575
69684
56823
38295
56801
77933
19773
45802
60412
36414
92813
67555
73885
53766
16561
2273
90397
22157
89425
68100
32655
72825
67804
81776
84730
29803
83164
88040
16763
51185
94669
97973
71934
98692
9188
84286
95422
45461
17214
90084
26995
48732
48176
36454
16918
19686
3066
78017
77208
60574
50088
69790
17272
8991
94568
98038
35066
1709
38202
38379
41611
42968
27189
62155
55345
33183
51849
79635
20879
73390
92204
42879
18777
27235
31146
75944
55913
62740
89331
58304
20736
50594
80334
52020
60547
98921
58322
91932
48744
11824
59932
39816
23454
91363
98255
4717
96125
82499
41876
12980
54095
93211
25158
42169
84024
16814
17318
72518
10951
38553
6021
375
15145
75500
36472
77563
86913
1776
56026
46789
16536
46656
18871
38802
46800
65386
78297
74293
82106
96066
84703
16011
12381
20994
65614
70742
74027
62469
7434
39039
76134
20640
1053
73659
61748
4275
50004
13279
30748
50623
12068
24894
73541
38720
16600
34949
97065
98857
34912
89394
99395
46640
59015
45622
71734
97353
72624
46247
96395
24443
18447
57943
85022
81045
56854
63536
46886
14235
18889
31651
94777
44784
93393
12654
57402
73139
37359
60128
68479
88836
88943
50440
87936
96240
35735
53
31340
62386
96635
16355
24597
35446
79596
4482
48095
86018
76021
98844
63127
90602
77803
92693
9671
56643
67354
76627
99886
93735
17234
65582
33397
65161
80398
55872
74322
82858
89003
65776
56921
80828
56631
89295
98958
76793
20364
39167
19249
67628
79105
72146
31034
33385
34849
3736
89594
67652
80382
15330
23105
11497
17449
53881
36876
83294
44851
45003
65392
41529
23770
62875
9541
15813
24329
62352
17420
77156
15253
27700
74458
87618
88675
24944
43165
3576
74883
13331
6624
2939
84211
48917
93437
53406
73627
73729
82314
44978
13328
24105
34959
54407
43818
44366
41318
36125
79918
64404
8396
73044
41479
19013
10971
65460
99558
14079
83474
70546
78518
47340
54311
56035
46489
74945
25293
88862
15914
11153
93569
34402
93971
69952
6744
70621
18243
95825
46623
87832
79784
44370
8850
8328
75777
22332
81264
99355
26813
54990
95699
50783
3187
94921
63681
55691
45947
84978
75598
18881
85233
5499
87197
60131
33420
31460
13064
9585
39370
83889
6236
6753
62453
20625
94038
34954
33591
57719
65819
74329
33290
8052
87442
19632
98219
17929
52066
54815
64875
45680
34361
31823
82722
98589
29833
63285
79016
69351
5859
5858
70202
8006
74864
32131
19217
20901
19492
55772
40506
72399
19027
45204
52468
86467
95870
21260
32827
47833
46139
56956
73470
61073
95193
12791
21805
79441
18330
35063
54614
26794
43014
83262
4142
62367
84643
9422
52203
95027
34280
68457
52404
38288
79943
15756
30371
28149
30918
31502
17992
21378
27876
72002
87784
98675
16281
55018
74280
92745
8914
19521
76523
7600
52334
38243
16488
43730
16131
19398
95045
99263
96168
27087
20031
30372
10061
65696
63036
7642
30384
72477
52341
25595
16590
52288
71902
33962
21418
47364
56965
13531
36589
3033
45722
89346
58526
61988
83387
64994
32657
79027
65857
62088
96542
20262
68777
87073
48460
30282
9038
98585
55108
95552
30326
56839
74115
30585
47727
36641
84265
98142
18346
29696
98998
79452
80944
48624
54377
62798
99271
51695
58197
1796
39094
17718
66060
64780
24508
15023
83585
57547
98973
52629
27476
41060
31187
24845
62270
87043
49748
17558
18058
64263
52778
87756
82955
47466
43802
84261
34337
52028
62329
92996
34234
35582
10726
13510
8752
22645
81873
1714
48303
20221
18563
75570
28782
11952
28061
9092
7945
96636
46502
41587
10899
53599
8925
98441
45992
2956
9514
3451
97787
6756
86764
47370
39130
16112
80471
63955
16511
93972
48772
67731
88557
4395
51083
79986
34784
26769
94197
11960
89293
85700
53602
79970
68766
87257
51125
64115
27050
84675
69992
786
7596
17594
85799
9594
53475
23853
82278
48802
9362
91964
52722
27544
66231
28907
87366
74491
68811
88188
85247
56187
57483
79749
35622
32596
49268
2916
56485
73389
10218
21859
57406
13082
28495
13992
54554
8326
10440
22765
58756
70680
4021
46217
30472
95175
34196
13653
94667
93457
81620
82430
2122
50176
24880
64313
85678
23525
40811
29661
69978
11346
14200
8289
52906
3523
74856
2437
92715
59893
79380
17264
65658
92598
594
22623
38736
11590
42746
45186
17198
44700
69075
92486
79327
8023
86840
68196
46181
81310
58112
26686
44331
77624
10321
68688
34971
41941
92663
28376
42653
1651
94185
84097
27845
46233
90809
78358
87081
13261
30181
79845
75852
92091
55930
70069
76820
17700
3975
77724
44827
13565
85227
16605
93125
82697
47426
26134
18056
90974
60828
93257
68809
59977
2965
28855
73366
4055
56470
12377
72911
88799
93680
1
82662
83507
66258
55110
24736
89107
8398
32843
31278
36922
84768
98243
3163
69996
79457
49242
57245
45309
36787
60645
90011
70921
48113
81577
31547
55087
88594
69946
25832
41942
6797
71013
8181
12995
4986
87686
64656
3738
94182
75246
59972
13268
32810
37868
9774
66893
51441
85283
71474
64281
47644
17294
94945
55727
32720
50438
18353
28648
50799
44144
17512
42335
42263
98906
21071
4024
47874
73790
90454
110
8222
2340
80196
20856
56314
3836
36374
40899
93870
47561
72196
26012
64055
45838
49461
89348
18276
8053
86168
20520
42352
32822
78477
59383
69031
68140
78576
61046
66352
57656
13962
26020
90976
52723
16204
790
75890
30682
21177
32264
23996
5903
65714
18246
77131
47047
35048
66300
75648
42005
45543
36077
46855
72095
15096
52264
38443
36981
34942
22484
77180
1615
62267
32853
64651
64383
61713
18961
25858
22621
489
62659
2636
46579
75371
5162
98764
52065
465
62553
50158
5109
94500
12332
94311
26310
52301
58513
72681
32544
20129
23985
70944
64477
87006
58201
89942
25959
57912
4719
51874
87828
37684
12187
66652
93224
7904
28267
39664
4836
49374
85842
74902
37484
50016
67711
53954
46954
20744
52504
42648
17685
22050
39139
99072
17186
67285
94727
82169
67722
89885
93863
89094
17590
21979
7671
88208
39937
75654
59466
79177
87413
98499
55484
91049
39754
60683
6761
22004
91603
19271
20749
2157
22846
52638
67904
52695
77541
75638
89035
68248
3240
20582
10319
19363
88856
5302
24734
85220
74665
3571
8236
89261
52883
14012
53930
69033
88114
6420
27392
860
67469
94735
71401
16828
36909
68983
51283
19910
64779
28245
17640
4942
74144
33490
8861
70367
80182
92107
74070
71555
28571
59594
68161
40759
40784
54400
29845
61041
61925
18972
96226
4851
87973
5706
19608
66535
6681
7822
7449
72247
44735
37447
20108
35255
89743
66349
12364
1022
10454
16730
58070
42328
13289
30017
25029
26869
31361
72491
82301
82221
59172
19618
49431
47436
13192
41553
14677
69651
71463
24071
56605
67461
63980
97728
97626
439
5699
97037
51969
50671
26662
91246
94021
9291
21902
85268
78725
3968
69551
5297
81277
51509
51879
69334
74702
69148
94903
47061
98847
44624
64388
44909
63342
71061
21277
7242
93757
76508
77225
29213
36772
52395
39563
62698
91489
46187
18934
51144
64450
13953
85187
8092
80128
62234
46715
74560
51321
19973
29325
88209
78083
85603
66303
91266
55428
64655
24718
44667
12280
87818
34321
45110
79352
26921
54511
87094
23518
3083
90450
70271
12457
49110
4753
83560
12120
25847
36052
91957
53510
30595
97239
1142
37634
59997
17866
5313
82574
25796
28609
25201
46032
63530
23338
3470
58291
3713
25294
17074
80370
95945
3575
76671
23809
94282
55480
95001
58786
40910
63570
63520
78734
43835
74380
54892
70183
98234
97841
67415
56063
63917
67530
35502
73834
5360
61324
78620
28958
4329
65513
53281
53139
53854
3462
11220
89517
42636
93664
72447
20338
27562
3841
7389
69368
61080
59317
89562
80912
1226
48873
47605
37584
50424
20356
3822
15404
6515
6836
89110
87740
24488
91756
60422
95237
26828
10595
69040
40026
61103
52361
23368
30658
26908
66703
42448
25103
3568
16951
41674
42577
18893
7370
4114
13486
56763
78145
58882
41820
24107
70575
46761
45090
71579
24676
7775
10011
31006
29368
15054
25076
72172
99845
67425
99908
53098
6177
6802
67610
85085
64920
36573
48273
78296
57757
71317
59155
56057
29321
59153
12868
15409
47278
65674
98537
42797
24387
54743
11732
11459
28070
12220
35837
38592
78343
99954
36342
62087
3614
8032
5637
81536
1229
72474
56678
2923
85626
71779
1076
56832
54498
15460
72892
46576
68252
63876
46198
84266
177
52213
82594
79029
58028
99590
20084
46300
33803
27037
41733
43995
11516
55846
24115
87225
79796
43372
26456
65521
53565
61003
90215
43294
93511
19086
73294
56240
91891
79149
5022
25266
28084
29571
33233
40117
21140
25597
33718
60542
55579
13124
85399
86851
50254
69041
75217
898
1770
80698
75415
76661
30143
3550
638
94235
54850
88199
68726
9301
68356
63294
25828
89505
52645
77956
92351
97775
62747
74378
14654
39159
68873
31737
50995
39621
7886
19429
7674
99692
64235
53298
91495
57230
77977
76710
69043
68978
14234
58043
90735
83315
17101
82989
68607
1505
66523
69745
74265
15346
85489
91140
84106
7675
43137
69158
78889
87999
82253
1842
26783
11033
42849
93456
15286
14742
11111
27214
20542
7473
74524
39572
65020
11906
57950
50724
29951
68548
23411
77323
22043
5397
75478
89457
46604
52197
52758
24949
14670
71639
1849
58353
29062
79607
31116
11454
78269
93577
6470
6906
16861
23748
62389
39231
71366
1324
22699
95158
91883
91807
50611
97064
5182
23702
31307
67515
19286
70778
74430
28001
7837
30557
91500
34597
88653
83624
37974
60531
97457
27947
52831
22368
31455
88434
85681
90278
31771
265
15209
97537
22308
10076
37532
34333
42963
92821
77013
58824
40330
88932
19123
17255
20078
85800
83941
18382
38485
4794
83822
12759
96998
65253
2088
37827
97090
2692
18702
26565
25026
28752
6480
64603
56158
5495
24946
26619
67574
36934
58866
85695
967
97021
64185
38317
89441
28819
34855
6080
28034
95368
34071
62083
37543
88375
57377
43462
22022
86715
1706
98479
76986
57236
43709
78587
20133
88865
94907
37469
41920
40620
48286
10363
31639
41970
27974
62111
13914
57116
33097
89276
2976
96736
1982
30723
62972
79776
56138
51353
70450
65242
4269
10537
55745
93983
84283
14069
62045
86510
3421
55083
75066
35067
63354
49480
72887
37395
57915
49899
74537
53371
78530
42529
4862
7142
65847
31661
59345
12661
55559
18598
57094
41310
8543
53312
93191
69471
31306
28185
81293
87661
79280
20398
59237
33024
28872
6051
62743
47537
81477
80288
88258
76430
82171
73025
22467
52523
88957
96734
16090
67685
77102
54920
45756
70400
46495
52875
64272
72956
22599
6769
75995
51987
67057
39561
75520
14535
40090
83421
83520
88122
77415
94607
35290
35138
63746
36524
82860
68324
12192
53707
49332
96065
34562
74847
44710
80284
18039
34368
53694
56789
95504
29487
33790
85879
17765
94202
69841
19011
35778
94105
71857
71396
73477
23529
34157
11507
35369
80820
97485
52767
67984
66270
8271
80292
11971
58561
70443
20651
91848
44080
4875
74367
80726
69245
77015
65451
42883
30944
91492
43008
45379
2431
69752
92871
29545
53017
20561
54524
46253
8858
96135
15757
59760
67617
41436
96298
36015
31283
39723
7080
6041
66906
89182
45187
80622
46710
46036
9743
2653
99226
16714
50521
45902
67770
23994
63584
58088
68206
10389
4859
76728
28467
72995
7474
735
42816
49070
30622
52180
26534
29011
77085
33546
61542
30995
26623
41918
41915
34130
97403
55979
4334
62017
65260
35187
8034
46071
47486
60458
36820
84847
73437
7518
32097
1721
3208
15406
62500
77839
93130
72205
21659
6240
26026
33788
13205
55807
17548
70335
48044
3885
24554
48124
77920
29233
69011
52107
18739
40395
44680
95723
19891
76619
79887
34627
52910
70209
57248
12951
36421
29469
10792
56184
4747
78644
8497
46246
61144
69300
70448
39181
29386
86733
55215
64818
97428
36311
76684
15454
67155
49831
63157
52532
8917
15038
70530
63395
71882
94680
40414
95849
12807
30673
73757
42490
67536
70394
38367
40084
32006
23094
58023
44825
95248
20609
69785
97075
14393
59611
54406
26098
53159
48115
11100
64015
40554
75308
84409
30107
51692
2019
57189
66309
5350
17132
87395
57191
23684
43470
13369
45449
26491
32143
51663
75725
99195
23255
37568
33481
45126
50772
64412
12727
62789
49782
40589
65206
6974
14336
46972
2583
96447
72646
76068
87381
96865
3835
90543
87928
59512
62649
57457
17169
38323
40646
83859
35205
57170
28204
97034
76149
94097
17516
69819
5893
65346
41276
71920
59121
36098
9059
53596
7008
2880
78482
50076
63523
98662
7503
46150
65787
43140
87158
73157
82183
58838
67393
10549
78791
98422
44419
59102
77321
59514
63221
85060
58844
72630
73431
78654
20808
76850
41561
5241
59493
86073
36937
6014
46674
92894
357
38795
58929
83429
54573
10160
73123
86705
48855
50130
64389
41366
89129
57517
77542
74311
17308
51531
73056
59480
69017
4089
33088
15185
5073
62021
67757
98008
77930
40965
58062
16620
51804
13148
40277
63544
53270
85411
41628
21070
69106
5933
56857
9685
94191
866
4367
49772
28395
24012
39580
78495
47302
82290
99403
78779
18923
52196
8753
55377
22172
31521
54127
69653
62761
67583
2134
36821
49736
64567
55918
29914
60795
57674
53344
91259
97073
59255
68905
74418
59198
29164
64508
31473
45596
7413
95742
98056
95899
16627
36424
99392
74178
59208
15865
73412
50998
61649
56735
23657
88373
36761
46996
12930
97845
34698
17915
50615
14697
6656
80548
92734
66120
95606
55737
18975
42430
97660
17006
84482
83628
58601
30573
8325
35495
26465
59723
17444
58132
64980
33818
24483
78393
88535
59483
491
21491
38218
36136
94644
51622
78838
78379
95567
84235
17271
1227
3430
33743
77196
42129
76022
49267
75786
8884
89746
31308
13983
26804
16470
60769
47404
18793
73155
63220
3350
43150
79595
78040
96579
35388
9391
32759
24447
91991
14889
66922
473
21665
42925
4576
97455
97761
80986
29834
97740
87083
64331
16509
24840
20089
35847
99506
65598
63944
14700
87319
85382
63142
3543
72999
3898
91249
76731
27282
62208
39335
61945
55757
52551
45329
66928
28778
22107
53651
79653
99615
53773
47873
78131
16290
19152
42050
41099
50658
85947
85548
50238
69709
87029
8379
9190
88620
39899
19071
75159
65275
61797
27472
93232
42670
34900
80841
2963
89767
28664
53727
62651
46522
30708
51330
81745
17317
92892
85082
70788
34299
29103
96100
15609
67249
4987
73910
58745
91948
23889
33578
45183
72033
64814
30340
93989
61871
83124
66445
59450
80533
28966
3963
68871
57351
65102
96499
60436
98855
71942
53375
44678
10752
81782
82550
82762
2917
23457
35781
42733
88832
21316
34203
39696
64924
40888
51354
73978
33480
50662
38582
27444
28450
45901
2625
2047
59087
7716
4830
55376
12657
94180
30792
94324
53155
57390
19633
21552
4258
738
47374
40600
4493
1326
18129
82285
50246
93275
40223
43636
5351
35703
35415
79023
96842
59464
40469
36205
96069
57097
51588
4265
58787
93126
8225
70437
6131
61109
84035
69500
84337
28250
3809
4033
62262
62667
74076
90716
11744
24021
76370
42689
44914
50011
10535
65106
65154
73321
18219
36825
71973
34173
76570
74546
40863
85351
52067
32269
30022
37823
11479
1139
22895
64027
44291
99542
99248
73807
2464
65500
84618
69189
17849
70864
97957
81203
71735
13078
85925
22386
46991
48565
86718
78266
23640
63830
40941
10757
88928
30857
78520
40012
49567
92705
37696
20569
10390
61672
99711
28415
80632
55131
34057
53649
66497
76141
13127
1587
8736
3630
15868
5622
68979
12887
8985
92301
32680
26191
94425
90601
14461
92602
61023
50245
26875
6541
29455
13244
55808
24376
43201
40494
57294
52625
56131
32115
69994
20253
36644
21455
68999
31579
88049
61753
79326
27159
18074
2424
96917
80809
38594
7463
70948
95030
19346
97918
20406
29284
88037
86716
77429
69626
89022
47073
56188
95782
62831
22373
47714
1222
23502
84950
32191
87673
85437
8445
36235
75148
23418
51838
28986
40982
92100
28176
10498
94596
69564
56702
24270
36654
72080
5058
65390
68982
83260
34910
92747
23682
89536
46990
91000
24787
58961
37562
91238
19698
88936
71149
40152
31356
53864
70937
85041
71607
63555
13694
48961
96571
79113
74465
73113
55937
79610
99803
47853
73048
82946
65316
41075
15423
73352
15189
55262
17794
36806
85017
53704
55999
77322
82399
67074
27363
31664
49298
3920
53842
486
26898
68971
68614
11282
98108
99661
99636
75252
16104
6453
52788
67647
20854
55404
16583
6707
29081
24394
87066
18386
44995
45634
73822
88791
45778
40074
71762
2742
49471
75163
93248
47653
84141
37967
32580
89384
27672
41169
44003
28580
69251
46988
2981
90568
23381
74569
88283
24248
7486
85519
35280
33520
93411
142
32166
36603
40479
73436
72054
44704
79911
90967
94129
14557
4721
66821
33349
1870
31327
97648
99995
69572
61357
91034
79555
10592
12044
23858
85761
1810
94763
27658
73686
66092
79724
40293
97215
63394
56234
70353
52411
8782
89433
16416
6670
3365
95753
661
49888
47832
33921
16340
63454
34360
61223
20845
49805
88670
88549
42674
22098
62883
91225
76708
17531
70232
97161
8518
74036
4295
36246
62441
19109
64600
3007
22650
6931
95789
40417
57262
87820
39528
20694
78799
18017
12435
45511
80227
42789
73407
24061
71352
59570
39351
75811
18754
93017
76757
56584
50068
79893
42589
7502
80063
16790
20281
33825
19232
90799
71139
7121
90823
83890
52156
41090
29720
74815
1980
3131
66027
64785
53942
13921
43299
66412
35422
97325
95298
6075
17762
799
88291
3480
38466
12358
67380
97425
99028
81235
66086
69020
60884
78496
77906
10411
91476
12190
42406
66700
83232
5382
9953
16457
58216
3043
79157
42385
20465
98536
62071
42806
13854
1172
66788
65294
40308
6207
63983
18997
41566
15235
50037
73602
74557
19167
43691
81667
41532
41179
23446
43971
33933
58177
36920
86495
60222
43598
55533
31464
33369
40688
90483
96221
70521
25911
67283
8983
67030
28113
3081
58038
12574
98619
75663
89584
71113
4278
95485
70710
91792
4
42960
73014
8505
12862
68059
40183
34598
96644
31422
21866
67551
22436
85840
89525
69869
52898
70056
94527
94502
63527
60371
25585
78033
78232
38479
45746
62873
25584
94025
83584
92791
57966
44219
55921
81958
36437
67006
47501
14998
25064
45311
14361
47094
55520
10233
26139
31498
86345
14871
66284
73571
17976
837
61391
61507
45291
83140
39121
73685
52068
69881
68214
24304
12532
78704
3221
29731
45154
44238
36492
64387
29136
45430
59241
35132
93046
6732
71449
59301
2644
82116
43938
71591
47830
37272
189
15920
71728
15516
29209
47982
41832
20346
7083
678
88296
51950
42248
2146
1303
6754
54076
97139
61407
49351
5128
85393
13108
80230
33573
38262
51359
46864
67826
68355
1813
55860
25102
71170
93629
18255
29769
45301
35659
25814
72279
28818
12246
74457
6859
92283
16668
40043
91144
5323
4338
26063
71306
37802
5964
49099
52024
384
79319
5456
80829
67349
60798
21578
41922
77035
34772
15966
83550
98225
9962
82059
83843
92818
93673
80875
25632
98830
86777
49233
65559
5518
37378
80972
95203
91802
98440
13598
21069
90717
39477
68715
85176
71336
35081
60172
11376
26145
58752
56569
15384
36368
21342
21435
98624
16251
98189
63164
51032
83582
48747
7882
74548
2201
89633
95006
954
72888
94914
18242
11276
35473
51547
80465
25013
59791
43559
32508
7468
62782
16119
82415
53959
49147
58617
15686
43265
80612
57442
8988
56
91708
49732
31017
18087
187
62963
98621
26953
46616
46883
45595
83297
44199
69491
94276
74972
48504
73138
78648
15094
86604
52340
95325
99882
89529
44205
78435
29637
44102
38134
41539
35510
97148
18289
96144
29073
65843
34645
20531
95099
90085
91956
27617
8872
89248
99079
76927
53509
2752
42063
41665
70654
31370
51449
39739
24673
25423
6311
38128
22338
47132
8211
7397
90370
7633
40777
95299
14379
5636
52323
11309
52685
52425
99875
10941
68398
78454
29577
54240
54228
33975
77926
95205
87022
49212
22817
52749
5417
1732
98161
966
77388
80880
44387
5348
83393
53731
45499
57379
33936
59193
18952
59787
79099
13596
56021
72969
81787
70018
83076
60611
75607
77581
89956
93305
91177
8617
80824
86176
96062
327
79112
39509
9711
84226
9745
12181
60830
66809
72537
99673
3753
24753
40727
8500
98593
89338
73036
22589
44748
38950
67281
94294
77126
90074
14591
37171
59950
82588
91591
77469
34180
75517
82592
80596
19065
95942
235
20194
15900
8654
94600
45431
99893
23625
25363
59098
965
54492
66506
44255
35002
65540
44503
74585
57798
86890
78504
70622
53882
74008
92502
7446
34943
50907
55954
24533
87046
29592
51561
39199
25636
70427
30002
86758
25499
6243
52949
5480
14375
14420
6990
63705
11424
4015
38011
66866
2108
36091
12165
85812
69212
22791
909
84144
3508
41207
86787
40310
35681
8013
76883
28865
98814
89860
17044
87847
49730
32289
1577
85461
23575
52474
67243
68035
1705
2588
32331
4608
58422
89415
13463
37471
14339
6444
1761
49922
47810
66501
99098
67400
88895
10320
53393
99492
64888
27978
89465
49197
41756
75666
23632
4565
17862
30043
99707
94323
15775
87451
27233
85155
38732
31900
82834
72542
91716
48442
66999
60880
96546
63794
53570
17490
25421
54745
94353
2834
37593
73380
43681
13374
40905
76911
97897
93834
97352
18373
40748
44170
26863
60199
67820
24831
72489
64954
38098
33330
91332
50668
36950
93946
41565
42201
98449
69847
93878
94370
35146
1296
22935
21617
91164
28936
18434
705
69510
47500
30162
65833
44325
86331
43065
11294
42323
26993
76999
73736
46881
3714
71111
26016
55107
61133
86516
98534
22419
29423
85418
96390
34309
90406
15307
14990
39303
43417
74809
22567
11235
65889
22295
59969
32313
65919
93361
26928
66990
55527
87733
97281
3179
70199
45661
58068
98276
49932
84639
97508
17586
27795
46675
11119
98765
2337
28109
54342
38825
77119
71402
24136
14695
64190
40125
30679
18783
32179
23054
98476
43867
2242
57776
6366
71455
62742
41085
40133
68545
89744
47745
87940
69554
60178
90098
39838
48093
58298
71390
41387
92195
77848
82336
54309
89450
52668
48890
54611
81712
35333
10561
11133
2099
78100
2913
97662
13810
65489
60727
76337
40461
97683
73079
63861
74598
68627
44739
88272
3845
60086
24679
56360
46533
90925
54768
14136
67734
26713
8870
20203
20347
27471
40087
29032
1405
92214
43143
81917
42370
96501
85109
50077
3275
78711
68379
67260
36694
98408
6499
72392
35097
65865
33642
66802
89966
30236
50373
56686
41763
28280
28889
84505
71732
90326
21693
83528
21028
51533
64890
20120
78610
42420
19088
69904
33907
90308
82673
86062
93160
73943
77749
57890
38078
44161
10314
55585
30943
1496
68108
59799
14222
22329
21858
11277
66191
64215
32883
68633
15470
58692
2036
61634
91191
70419
19062
21770
79593
43240
71330
24193
95414
4468
57209
19149
3962
86181
83688
28258
77595
22340
12834
84151
87550
60930
35172
21086
43858
79807
48900
87014
57756
706
40241
71037
65239
93394
21790
41286
25324
99162
94769
65611
43041
44907
33178
16440
4296
88364
62544
27995
23367
39380
30275
90385
69998
57124
40770
86182
42737
76889
56840
73086
62809
58296
22842
24431
60773
5747
28863
39963
18268
34371
24397
28219
76371
89100
80243
31445
71053
76386
65516
1868
16945
26249
10808
21038
1798
58671
21365
48808
94131
70828
3867
64761
7492
1293
78848
54658
50416
20102
54550
98178
52549
59132
2928
64671
33200
14999
24970
90162
50689
20402
85730
29151
65199
53952
59785
94335
24864
64541
88355
38978
47640
98887
68320
52258
15571
72159
59564
13494
72419
41270
11040
84362
4056
21368
77254
62663
51151
40787
28836
48749
66222
22095
62980
29346
90009
66130
92783
52018
7337
74994
69792
39281
83709
29122
2402
64264
97291
91180
42718
4432
89931
23654
34693
72863
76994
16421
11724
28116
23663
4065
67526
68315
84885
81553
91579
67213
88598
24955
6661
60541
30056
1048
43849
42336
81023
27328
80176
61292
36120
42080
98938
28378
6506
37317
33476
53209
37138
68259
44438
78301
61282
56609
27290
44867
59836
15906
77033
34269
49482
93356
6775
98434
37994
35227
97999
58548
34846
79303
96067
53199
92168
76204
59704
72747
24745
26674
53372
37382
58938
70373
54981
15823
7925
20021
36512
33061
67055
3517
49318
51594
91984
72364
85710
41975
83424
83238
55300
28870
29084
39046
55933
46375
53072
72980
83857
15991
61779
23359
94210
25382
57864
51334
93903
35810
24194
6411
83524
27844
18388
97802
28802
53613
17577
73538
69192
13443
93674
60111
70681
83622
78521
65908
97615
46229
27236
84118
21529
62695
37771
73744
83473
8383
33935
97689
29042
99700
35881
28535
25364
26237
49434
52822
81602
65409
22920
67853
2791
14247
83191
92430
98251
15388
80189
55318
55725
76992
91707
36766
93072
52502
19098
12065
70684
49498
61656
95018
15151
92300
48050
71737
82489
84531
61932
29747
28107
12838
61774
73335
37154
1040
90624
56337
47066
5999
18159
64743
31997
88858
24436
17818
17800
77846
77524
73981
27274
67979
59527
71846
97405
85161
50344
49795
16269
9751
89393
2438
49583
56802
78533
93460
97749
61202
63278
67511
72432
3560
53776
37947
93240
91033
23071
78337
68225
597
31001
17124
12478
25494
36079
42953
79869
87422
27028
75175
23393
57642
82153
11072
14589
6301
68928
95382
29866
14704
97275
85793
58748
10329
98032
84560
21253
31662
53136
49341
90389
16788
31723
38501
52302
54425
55290
9631
46561
44675
48962
74406
79842
92552
40734
55214
43958
17245
82576
41052
36181
73266
68371
41400
74834
49631
14746
91771
67279
47531
98014
63362
16062
39397
36213
13584
31788
7360
40001
72065
65702
52848
67182
8869
55662
71564
25485
65525
13784
22896
92940
11543
86109
91574
76724
4872
58
95722
66915
99026
23140
80926
48039
55070
72683
90814
79044
48188
97450
74089
68882
77198
78402
80451
30250
37366
82618
15323
22394
54516
72063
14966
33165
96925
13607
60920
87282
17181
94189
83618
79069
30996
50824
89046
47209
93288
89667
41938
94333
22527
52824
39064
33552
20093
64419
42641
49912
84926
7252
9989
29552
28484
10956
97308
35022
84405
78688
93001
13580
92292
52048
63589
26597
89311
77858
83484
95162
72056
45039
49237
17391
38680
51011
42514
54759
99307
86465
42964
59278
99978
7238
79824
96461
30894
43884
57884
30195
28569
36852
91938
72256
39494
82819
42378
42439
96670
14126
64259
88023
79586
10576
41570
59937
84731
60148
66594
17589
70625
86874
81137
98232
27377
99103
61976
91509
64765
72232
43625
16673
94410
84108
16140
43292
57254
51839
44721
73353
40029
37672
24767
44787
44632
63345
83128
97836
6896
94476
22139
63347
7891
22255
78050
76089
97664
17301
62102
56053
77250
10821
95817
77574
53699
337
74312
91694
6587
38025
56033
4421
18575
46919
62459
27396
78769
58679
9269
48631
40747
8632
19058
49269
28235
11709
64035
40109
17099
37693
82175
12512
74765
53723
21379
75820
36244
55595
69205
39504
12824
72068
62446
630
17324
31215
91709
94623
74469
35232
33796
46463
8441
81061
30836
86184
12940
98768
66228
94405
87230
23797
36116
31766
73626
71346
98658
94407
33782
16760
59378
99085
85171
60757
96978
28004
91348
62341
41272
42038
71504
42255
13836
75600
33670
92872
96950
50785
42002
21067
443
57181
71780
33023
48966
44456
54977
11653
45076
45472
30153
40458
83658
32717
85232
6313
18576
13886
68858
69635
29147
30529
33285
48218
73946
57041
68574
72148
31886
58260
51146
85656
57444
95402
7328
53208
62222
77235
86259
65912
36336
31682
11182
73051
60050
41919
90894
64161
92323
78524
43944
47242
21674
30935
93520
77955
18672
1998
52102
73346
7364
5409
34189
52779
32786
83491
32522
91188
94101
23839
56398
79314
53929
444
96113
66871
88401
70501
20085
63898
17839
42686
37049
82244
33848
98314
33109
37763
78702
48446
12156
71947
73305
33398
60881
85985
53505
52818
32236
61241
45327
11580
17620
97955
53705
63243
25227
8734
14325
88026
1729
28542
40023
39471
22094
77864
58003
12152
56046
33528
62872
68189
4663
37855
61413
43160
9317
16222
5827
19181
44469
98596
79883
84384
34267
57668
66587
75716
96416
81601
26557
2407
42778
11343
59397
43304
90068
58325
42765
68906
55308
10754
59101
47662
27833
32910
87512
7578
56226
38602
44878
12000
43429
29174
46412
89781
55234
96137
35855
79833
33813
6941
2540
84736
61563
31004
29249
31409
96674
24573
25876
4785
85095
82265
3167
76365
67484
22102
72127
53826
72789
53463
60634
16449
84182
92284
25477
57148
75282
19514
13112
9349
69430
82954
15483
78646
47878
45407
79276
47558
46306
66406
84119
73236
27318
18473
37766
84351
59892
67377
60404
42629
15119
85225
1566
46158
53858
67426
609
29615
98493
71266
72427
55221
79221
30770
54577
84741
71955
84105
72464
25297
4835
77436
66674
2194
52595
28313
93513
97814
95855
5479
93152
38546
78369
53752
96304
47517
40656
90441
69611
11327
82543
46224
1832
75922
20680
55267
80929
26988
73083
36496
15809
12788
87436
69236
48627
42492
14559
17345
11384
75006
52507
98
33478
98559
1739
97094
51862
39717
74862
81147
79329
2393
80559
93095
31545
16126
72873
16594
54385
49407
65685
60722
33584
97084
69668
90312
67867
18888
52956
26719
45638
76974
55645
43167
96990
38974
41481
12282
43698
53728
43665
50791
45334
86974
31312
99057
69263
16343
34322
98172
99236
73690
34711
79737
74002
51363
61846
95058
53772
37222
94020
73861
33128
83650
26113
62536
14903
50860
82258
37553
82274
64438
79790
71339
74218
99832
41475
6897
51896
55810
61749
12303
42415
72041
39760
40649
89663
15389
52820
25742
28404
1909
62808
67616
95583
53775
61195
33014
38289
45162
30172
17964
32122
47387
455
29649
95675
54313
46684
15970
11810
7529
12630
24835
24741
97238
43315
62882
29507
66180
86700
8239
45970
86512
27889
99002
98444
31522
64789
15422
58420
19326
44992
41677
32866
67271
76170
75231
24700
36306
74562
44674
26091
22165
45977
1708
62634
95707
77305
3525
37764
33789
34554
54749
30726
61442
48126
57949
19678
18929
72895
51178
35629
73070
23077
5829
16012
74941
77566
36298
79150
52552
48426
25191
19904
67950
70919
93292
44796
85926
75677
77998
75024
91435
86194
99735
67077
3233
95908
70234
97475
19900
98439
91336
27419
66030
68697
73434
85248
4560
42267
47360
49329
89923
90150
53984
96590
27825
99986
50948
946
31475
1033
56760
30699
77970
43785
36000
68307
69663
5676
29256
13006
43947
71208
93104
50301
33201
91580
63372
9108
20656
89344
38116
1499
9531
77671
24218
44666
6129
93926
80717
81351
588
97343
6089
6239
10672
32789
1972
23400
11193
22251
83313
69090
17273
63296
64314
2153
91547
73276
39654
46956
12910
7771
82074
95373
58495
21319
64638
74281
33473
52
83537
21162
37304
62108
42563
33326
44881
91822
20687
43133
48269
5244
53588
93144
47844
25385
4965
94859
24850
76044
47277
82454
87807
26097
86392
55263
73065
72509
40643
76863
53207
13650
84572
21520
64372
93044
93258
8749
49907
65297
84781
11937
72575
59093
19315
69161
90257
49451
13227
67360
92150
77302
451
1783
49793
56451
61561
35254
23964
68149
28005
78031
36356
59857
50580
38483
70557
82844
92085
96266
62169
93593
45448
70241
82130
82646
52951
27043
59869
94471
91458
23222
26517
41251
72073
38637
10477
13536
41200
51615
87770
4588
84179
98601
53088
90803
11829
84872
25829
89043
256
95239
88661
38864
1745
24177
36433
58551
87311
94806
32112
91382
84157
54678
82107
39225
28587
81541
88688
83448
32073
83373
68924
14979
34858
14765
47564
18849
48166
1730
5187
61480
71768
79403
33887
52697
35602
77602
22532
85651
39003
15767
52410
71881
97642
69343
73881
83912
16597
30323
18561
29245
7622
64285
25250
20959
46553
84094
57675
12629
38992
38904
31336
5624
84688
23884
66616
60766
52133
8009
91630
58208
75482
78116
86153
31608
81658
22990
18645
18102
85138
11621
1561
89069
548
33136
75445
56249
53143
75299
11633
23265
24643
16388
25765
2613
52472
28472
5531
40113
30337
75641
43774
93561
81715
25222
79263
22635
99787
98230
62236
30560
80852
32737
87549
36384
95949
47895
32423
41931
9157
74903
71179
68243
28291
9726
4883
17632
38928
67968
28092
29404
64819
24187
41232
93994
11887
42149
78597
41443
28969
49321
47224
43363
21511
22509
33354
26036
17173
82011
44426
69516
5623
54831
98221
84019
89701
935
16829
98980
18914
9328
34447
11980
53191
2432
3935
8481
60866
29331
82101
6615
48861
51100
73232
32217
19357
90430
91036
76359
81983
9722
53893
89464
87695
25284
71450
94203
33162
65623
30926
41560
21972
19977
94226
22493
65519
17010
14405
60282
97546
66572
48441
16971
43232
85423
8021
55672
7560
32339
63801
70533
14198
61541
44484
950
31666
33299
59177
62948
88567
93395
15041
88637
36409
63860
34719
55823
50448
56323
39249
37803
95631
8844
69447
57126
79840
47423
84806
71030
55150
25889
23745
19385
89988
82328
7720
72530
12053
38588
76744
51780
18233
71331
56403
78077
76679
86289
58649
15752
13961
30966
96005
66937
2246
75182
43783
77860
1437
83576
68431
31929
19943
96311
24498
47682
77466
71332
48771
84907
81111
94016
94567
8118
85282
2628
51442
97649
54423
49659
7729
20106
60174
62563
91990
39287
26445
89939
76427
63333
39904
96487
64886
7490
69907
49671
11870
4964
37934
36560
67675
21242
289
42821
22081
58237
10119
84815
36966
87513
71177
64339
70508
80438
30755
16300
59718
55064
13040
1660
25661
4943
73582
61315
94742
72957
36338
96186
51589
95137
6762
81039
66138
78855
81258
23230
98825
77204
9412
32017
31588
96105
85565
81545
8754
2953
36707
97697
88929
97056
33990
57011
61250
82615
2607
82000
22772
33147
39518
89635
90153
27437
13542
68301
30796
70159
98594
27357
82695
57814
95909
6550
91869
95280
45967
53074
38921
71495
18471
20202
19862
44955
23249
26504
39424
44601
12029
44636
72423
44306
95781
70578
80488
38033
18689
72467
77390
60544
63926
18850
47565
22968
19282
70810
65750
28556
77424
72376
54838
92422
54567
38922
58223
52174
11852
52255
2730
56610
55837
91993
5939
75739
75919
34085
98061
30140
39883
65127
6711
72616
93179
14580
24775
72441
62918
98162
49381
69093
50433
3930
97679
29888
316
36057
4898
40529
22072
17671
48266
41254
22190
83566
76507
97313
35519
83001
20827
46568
95741
90940
41720
47331
4032
20915
60362
1494
16341
27292
25916
62546
41017
28858
86089
43351
88222
40949
46622
94984
18476
2367
94272
17788
64797
94448
30552
20822
55196
85556
48796
56254
8302
14178
11686
27639
18613
68103
85054
5218
25142
46356
45305
97739
75271
96119
10567
62799
66370
3653
87759
89624
14954
26808
16906
16745
9339
64641
95447
9129
82352
93062
23595
3522
11262
29102
77075
80406
78461
16780
73410
82522
84381
35386
94001
66552
90421
68322
34805
20002
93920
87117
62196
24545
25629
11867
55495
97837
56020
10444
96553
89093
91341
7439
53383
58106
2943
41107
84876
69886
50447
95198
95797
63181
16468
14171
76604
15077
1049
79506
99617
72514
9082
82882
383
98978
79231
58549
51782
469
29517
63599
78174
1864
62447
22325
38818
54950
12019
32579
54248
25539
74747
10504
33453
37583
31697
49642
36507
36411
91916
75455
82475
80458
26729
20774
91702
21250
8103
22848
45086
18361
42010
41778
16177
97773
95698
62158
29787
21830
91444
10603
80349
937
3133
36527
92378
38748
81250
90222
95602
86868
40499
83174
19313
54226
2616
10305
59773
54718
95065
94291
43895
15182
79510
10554
1055
24259
66723
22191
25283
82965
27807
74320
64393
4997
12663
39226
51714
46626
61987
64458
44179
22013
40204
13468
58160
19049
77249
52012
6910
78458
78621
28763
6509
29894
97628
99704
98813
36758
35868
55876
92147
90948
46061
62323
77691
6994
90272
19664
63092
38593
79064
15031
81179
92425
90794
22039
92838
26403
73812
13569
68474
51575
70262
2306
20505
41837
22187
61742
18253
28323
91559
42510
82237
64591
62885
47869
27752
89290
85269
66498
89532
11782
95760
49686
34024
91485
48432
44984
86619
24005
13929
79083
41457
650
66478
46563
60079
48781
87554
68425
133
2044
79125
90566
48140
63676
91971
76845
4168
5388
67407
82413
36733
79167
20975
41768
66299
63217
43385
49974
53063
50255
79718
48847
64868
22813
27463
7109
58494
16451
76909
39798
66444
8944
17257
79126
64637
22430
96522
20439
13991
14688
89606
78347
9499
94132
11844
55367
37809
98504
56665
1673
28320
89717
17355
41246
43891
84562
5262
80222
69733
1134
13065
89601
48331
51965
18741
13695
6956
12959
37208
46736
89481
38657
56079
89661
92557
41256
7189
2759
51322
76018
70525
52278
33355
49003
93737
480
56139
74058
24271
28956
39530
80418
98908
2985
903
36149
51734
79148
32654
86056
6182
5758
30522
75881
36209
75390
4469
32010
74226
25527
95906
38997
56867
46299
37223
18515
95993
55875
83854
1507
47304
60002
9134
95354
71288
68394
9802
24697
30471
15275
64466
87649
26360
19758
33295
22585
90027
59029
13365
86173
23773
49563
62909
67114
19266
69903
40861
62522
51890
51153
72593
49325
54773
78829
85578
77173
30811
44360
63207
35382
16214
59530
22857
97122
74079
52939
70261
74602
4477
61232
75988
49406
56554
94810
64260
24627
61648
25929
10755
93703
86750
39839
9639
19821
44596
33059
81206
7151
72936
78216
79026
39123
63055
27126
63569
81091
17642
67091
24830
56545
64544
72539
73028
12188
47476
11412
61829
25082
91091
79980
75235
39059
98533
25698
26897
78440
11360
24811
8517
34897
73513
89998
8220
81991
6605
41218
39791
38305
64062
89197
60641
67582
98798
57521
56579
91688
66462
8964
96966
8406
8039
704
66976
26849
90090
83166
92567
48498
61992
10720
97312
7491
16625
96241
10749
75511
50950
7970
59511
50378
58533
28728
99384
10908
33199
49923
54664
87486
92773
41714
84322
50684
70228
28468
47814
37176
92817
53347
41839
78001
23570
48467
43701
10267
56420
67795
81660
19426
9592
31486
28173
30743
21420
9281
99799
59509
58278
96561
10261
45205
12230
71950
98348
88589
71695
36011
77699
71954
9098
34992
53539
85715
52866
80745
42188
60042
50066
13084
52032
49816
72591
2025
8679
41442
3633
93052
57513
93204
5954
78591
40086
86294
40067
24605
44126
41686
88552
65276
79812
75985
3682
63389
58393
90851
84822
42944
12785
99519
34228
51504
88491
33417
43987
40696
56920
15856
83720
91339
109
81289
80985
66127
54501
38634
79549
60175
25074
39962
45998
33475
39307
44901
88649
59052
43605
2783
60122
27909
96935
77087
7703
15861
57204
41557
30657
37886
51134
78931
77748
48656
10358
17095
62200
44800
86305
10288
47923
10999
38041
82353
65348
39235
46667
79857
59802
55259
29184
84442
53931
83409
6629
33763
97756
3146
18374
70205
63300
12443
35688
78751
62431
71293
63242
64898
87971
70000
24016
21090
70961
64988
96862
62491
44045
1050
51694
6585
23642
14299
32332
38937
76719
64225
51350
18391
7175
67048
1722
4301
74660
7936
50767
19961
37848
55229
94365
44872
10041
84960
40562
20661
18090
81915
82150
69977
69923
77538
93624
63194
37790
91010
29750
36094
50209
23195
76241
87587
18863
61708
23711
941
43419
67849
33204
55380
53456
6984
49636
96600
51864
40931
51208
36582
47395
91801
73076
19416
3015
89910
39912
30668
65398
44297
71063
57576
23206
39024
17946
1242
9172
92286
91703
62439
4115
2455
73493
87799
90743
58870
77418
87355
70023
95159
2372
42735
20313
93147
63053
28063
14679
47947
61787
60810
2691
95296
41285
28131
91402
43332
27753
56568
37892
22353
18835
98967
22758
47541
64400
59933
8948
16026
8551
92402
27339
14763
91594
46984
73318
23837
41857
41955
9872
6209
6343
13166
22219
22505
59027
71167
18205
30693
63200
70085
85642
32444
17582
89696
80178
62207
69220
33222
89857
84862
45227
38388
17253
10024
47191
7515
80538
8215
54509
50809
66795
60209
21881
44846
41451
86308
56873
29406
52456
48642
82021
28849
63007
60681
55865
65754
77775
4627
87316
77446
16261
12987
32371
47471
36489
659
53749
72651
42771
21261
62302
11875
45425
34888
68219
9609
1690
20480
34773
58602
38399
275
94878
75472
70005
21977
96111
87340
56794
57787
60657
14825
49047
90012
624
82425
47449
78084
81057
23787
15911
91817
61693
46183
13396
91859
45189
72442
18497
58690
26855
30257
84935
19468
64949
48421
52913
73199
68567
84399
3344
26336
90985
99998
99980
74428
34783
77957
49764
16497
88193
49066
59262
54243
90282
59651
3211
3922
13370
61660
89063
69363
65439
63384
61105
55891
60570
22987
15027
85936
63960
62950
83961
79996
66669
31196
18615
34801
23631
32806
10701
43174
47578
20143
69579
47256
44330
25060
32965
88686
82345
67385
63932
257
96881
81803
14454
38082
79492
92273
66757
97754
46430
60246
74411
99200
9533
81774
75789
10167
98704
44159
78410
24584
41911
46110
41848
30752
9838
99552
60171
63069
57233
76745
51916
59630
27426
7442
64748
56384
93
28062
59648
52365
97063
96785
26197
27553
95417
51513
38429
48988
47940
5791
12495
29013
36995
26625
76643
34776
43149
79594
79300
25714
68317
83855
44050
23355
11370
93380
38624
90148
32624
97468
94317
51593
53203
61943
33684
56132
34308
99903
44234
14261
92213
24720
39640
52216
63958
2110
24910
86713
36048
27494
74109
81769
1284
91655
83122
74900
20930
1429
28137
95477
92393
94136
99792
16462
78391
11681
64171
81995
92233
65384
23760
39554
94480
59351
17815
72290
6697
970
97033
52249
85694
13211
83190
54091
3137
22339
19105
40502
96661
54050
81070
87652
38248
23762
48448
66654
5005
42123
67651
56571
94198
24286
11942
61869
33429
67784
55558
95364
56815
53457
55730
59599
37110
24969
46195
15473
34980
305
31413
10404
61670
15213
67542
22212
21348
33660
64942
7394
2904
62675
54009
5416
15325
72252
90319
48462
24964
58570
29226
39302
82892
10020
84834
53485
29135
19586
95701
42256
41914
6011
2712
12421
43021
62315
28343
25674
88721
16650
5801
15433
49292
98290
77811
45876
99763
44374
35712
55157
89234
28770
12525
32206
37715
82071
30159
47905
95880
81486
10486
6962
74386
20783
18067
64096
91669
99660
82287
60448
82712
88884
86431
8969
67125
50357
21580
70553
57310
67031
87165
22049
21576
78503
43568
34150
84309
68525
90760
2257
33845
46137
9961
39623
97483
93002
23614
3489
38091
22118
57544
33829
63021
97020
31108
60115
59678
20474
66856
10033
91445
6350
28825
58228
56034
92330
84819
1365
82701
75221
66259
84098
19824
40462
8742
75609
76491
19825
25879
61568
36006
60860
59100
68622
94813
77346
80856
82723
57881
5487
36730
85097
43190
36579
59216
23986
50083
42358
39548
10872
54144
94871
61122
28300
50466
40336
12410
94318
45918
82437
56347
10602
24450
6388
58674
14215
70325
16118
63942
49254
74025
10350
6276
24843
63854
30804
5674
82992
92710
76041
67197
96104
91070
98770
5236
38433
45588
60420
80640
94706
45789
9386
38574
27297
9858
14384
53121
63858
10475
13253
77486
66061
62364
24433
95525
99627
60188
79706
66350
39624
59612
89471
44775
87068
58012
90513
80928
20817
49565
47250
15759
28568
92915
29658
73613
80046
20702
37312
87125
94378
84162
11304
90708
1645
8891
2897
43827
31695
37345
69624
5192
8431
15491
46600
57601
15644
8001
91466
13973
52431
65793
65249
87821
58771
14908
19896
97424
82781
28578
98382
41521
97778
33082
34808
42961
98037
94501
28298
89306
58339
90947
64460
39318
60767
87774
85189
2674
12390
68806
99866
89271
18899
2117
41427
55762
69603
67414
91936
60718
90828
83558
23112
7509
10110
76102
20075
31141
83934
44714
24527
87293
78030
55518
16765
46459
61578
10494
20469
54452
49227
29657
21718
39021
99621
38909
56698
82348
30037
84012
23806
49144
82185
46134
40594
16614
7296
46633
79072
96751
84715
96656
7748
27326
79371
52577
1688
80822
4696
22379
39168
83849
3038
19970
44236
38245
66796
77690
90066
4814
61784
10863
46703
35744
24786
83237
1802
59545
83696
89435
81657
41356
82099
24319
54579
6383
62335
26983
58589
91966
4293
25138
19601
2288
25120
18868
77928
18153
59578
1314
39262
83577
90169
49306
10028
87350
46450
85541
56718
37053
7135
14655
68896
9559
98586
75731
32355
6396
57210
1778
11222
78819
57139
56784
85856
81516
81156
12337
58869
61242
70388
31919
74239
79316
68490
36312
54208
92121
43043
54795
70441
56193
36504
91280
89958
12128
23005
76934
97571
23752
40294
75705
19274
19612
79880
90619
11477
19621
79630
47024
35469
83506
30821
54682
7096
80436
19161
38412
53697
50048
60288
52074
57711
87217
73304
98626
73977
11185
54049
91274
4128
82355
16643
7197
44457
83302
82120
36658
93726
85897
99018
49504
43181
15902
52897
19022
22544
16262
27964
28871
2869
18113
60232
29005
16229
37308
92003
9899
71878
39217
76546
57063
31397
70902
95174
67446
70474
24080
42485
53230
64210
73866
56723
28128
73150
30910
35112
17242
96905
57811
95223
16766
38324
16364
3661
67716
57807
11283
81552
47148
32788
18211
14712
56952
65888
23676
97800
31787
11757
72779
2479
34880
92357
27758
1005
66293
60471
13632
83905
13254
72361
15636
84938
81896
62673
91672
58217
98329
14163
65795
80167
86391
78908
31866
43917
78785
96200
44379
15985
93827
39929
51736
24058
157
33748
84972
99620
77163
30116
15279
54245
73220
7380
12691
61725
10055
81461
54746
23491
45099
87882
46639
94893
59793
9695
62050
50385
79598
37367
64160
42037
44873
49612
67632
8365
27464
49825
8005
44275
89991
59131
86999
87218
18519
56375
48058
87318
3026
48559
61287
13448
28785
49989
34816
41894
72562
26205
81576
61974
89458
5395
72780
73167
18260
36563
9929
19546
31556
86244
85561
26799
46303
95730
28226
9572
61837
21782
91589
95024
52923
17470
93852
15553
21501
21548
84687
51472
56455
85369
22630
9775
83846
99904
47083
82495
32192
86902
86806
11250
12038
39644
61890
41965
83983
46666
59285
7037
10867
376
3690
6496
59979
41754
61416
28158
2910
19104
20496
78003
42986
69047
81679
47851
55761
30433
44964
45714
47888
5888
38152
41332
89473
59336
69008
29054
87603
24348
68699
43049
37979
6858
6553
93671
46425
73893
27185
64325
74547
41174
52573
76861
14134
25400
46308
7885
77012
57009
3352
46880
66738
97913
69933
30118
67444
90611
81337
78950
65887
34660
42817
32691
70869
34354
16595
40738
27390
78141
84452
69911
1683
93607
78772
62938
16160
35691
9864
9450
49847
17398
66850
61079
3401
37936
59539
52087
37608
47343
16066
25497
86579
26207
4648
66605
50331
36352
12880
53085
70179
35362
97765
83812
39211
18029
18078
43822
54155
40341
94485
94896
72443
48940
97445
55418
18520
61524
26678
94261
13152
15266
49771
78237
44772
30076
55909
60743
47523
94161
9302
26805
96029
171
45841
10056
46449
29156
52151
13143
86869
15978
19947
13492
95072
53065
73847
68131
32870
76234
84719
15451
11264
1019
1126
93556
6944
68402
27449
24838
90610
55503
19848
23976
87616
30104
18610
89555
85736
68657
41989
40002
78043
59406
25881
48768
53833
65051
78710
43642
35560
76841
92217
34001
83774
97251
9086
8509
14279
11227
38341
95209
59385
17160
14731
79262
36661
74350
4577
12148
36919
98780
99567
46986
12942
91747
97163
60221
93539
33104
56939
89320
14128
29478
90773
57598
73679
65620
56406
80597
27174
43803
35324
33762
16153
65248
63137
32105
84168
49493
24424
75330
3065
87636
64794
18406
10644
87359
82649
31064
40456
91857
1775
46902
5039
76668
99541
35385
94420
82752
22558
49464
21377
6898
26943
76905
78228
58240
13728
47865
93118
43583
32111
98718
4392
23048
61703
12659
39828
68349
82937
46234
40773
49611
66078
65926
63981
18731
24015
58624
11195
25866
96224
20997
72763
73816
43918
71411
74339
10225
68335
44353
6959
76776
61154
11298
59927
23544
38561
64301
65914
91550
21991
86399
46155
1790
24532
42317
87283
41471
99187
9223
16568
46124
23331
38191
61070
96642
88028
61253
59739
185
52851
22113
27980
72644
72657
95236
52168
96926
40868
61064
13057
2912
68048
88033
41520
45623
12214
64282
98448
7072
82467
406
82703
32483
8663
93719
8933
75671
50691
70957
9579
46023
83771
43734
87354
92593
46713
26649
94069
28650
24041
42736
5396
9991
77385
62591
67961
46242
62697
48899
18794
62201
47602
54186
5570
38293
77649
18765
38568
77095
64099
98119
77143
35193
35671
74139
18867
76357
21208
85130
95877
46293
72400
65970
52953
96629
89048
68620
71017
25331
47876
34408
40099
32301
66085
50071
63813
65726
46524
90589
64156
29781
38625
92688
76939
26509
93750
82142
83394
87891
4101
20727
23251
96252
93552
74366
80000
91368
16505
90379
48998
26580
87277
25202
72905
96222
56557
60707
86937
69843
37534
52042
43989
67550
89581
32326
13849
72203
30624
57572
55067
39214
53350
45111
79777
64701
70666
54429
13465
80644
2734
75157
5102
7976
5767
87704
56592
93468
24273
81947
76960
18533
50873
39784
1608
62253
33575
56282
72941
11358
21886
63468
61054
56785
39410
58377
31714
2875
40892
5525
14541
33881
73747
7731
34781
92201
65690
19505
63848
74597
9676
87620
40946
20876
7351
91518
23725
48193
85507
65691
34030
34892
67822
86210
42877
46801
80741
69853
52736
65933
39124
20837
57281
97581
22789
82125
81399
23157
86402
82108
11909
35617
68255
84206
89032
39869
1978
5501
91675
61389
67890
41399
74737
32649
78672
4426
81042
40966
81614
1212
51661
69282
20081
84994
45904
31839
66486
63671
51218
22815
74022
24526
53837
59261
64681
30949
91162
54594
64884
43674
12365
54478
51237
65739
46654
35368
82950
12544
89041
80374
75764
61288
73565
44828
81543
73415
47742
25938
31836
42304
66128
12399
19202
47012
30176
64298
22633
76220
28144
37821
10775
47722
67244
56750
75385
71044
88524
42862
56637
27307
33791
38110
74811
76918
12925
50007
66093
18223
24847
88183
3251
33994
41317
68497
80265
44479
79676
35987
43303
58128
9263
42800
86242
73716
59944
43982
16346
27684
56283
23403
40545
16072
17424
43744
52190
41673
35091
84446
42838
80505
7860
49605
45200
92649
65446
96564
11987
21258
87335
47521
26956
22226
96639
11495
68353
6610
35839
21814
92481
98283
54153
80524
17781
52144
24819
60239
77982
22473
94836
25811
25320
40804
64467
64822
78766
29030
71835
82388
69895
90129
49068
70531
89382
50253
54987
63205
36044
90182
73949
47953
4692
23911
66304
36264
38002
35575
69012
51925
70774
36686
15342
38171
28186
75822
13361
46822
80895
89044
44885
13070
6042
64941
6834
82686
80108
91976
2802
44990
92771
65638
40439
44494
79915
99142
73369
88436
26743
55265
83100
99671
73219
92900
90691
70746
36780
18592
33498
53985
57030
12119
1879
67211
10969
48530
64317
25749
59412
58270
11572
32703
38268
18775
71640
19220
4291
83965
84008
39061
67051
7793
44277
47608
26606
24349
27218
2463
80307
47318
68061
16723
96696
26143
80277
77642
77867
96763
53107
43497
89133
66905
6237
19048
16523
66526
19972
34316
29748
43092
33351
54719
86378
79823
398
57077
52719
33003
46792
14216
38048
49311
78529
61658
51610
31994
24682
55853
95439
65830
72512
79603
28518
16508
99256
82519
74119
42207
88617
14209
85170
24307
4832
45734
21918
88311
37639
48211
10077
37368
11948
12456
82119
88361
39949
32733
27456
40340
43770
92143
12216
81182
61858
32869
47730
22450
72302
74822
36897
54547
84230
67682
80744
64859
8636
34373
67368
22020
61222
90567
56761
33153
90741
63017
50845
56297
27557
73548
64452
2631
58006
74512
67037
43413
31012
84053
39474
89551
3096
27059
90936
63006
27936
52657
19499
57824
58973
91018
71470
90431
96229
84462
37083
43870
72952
57087
66659
49945
30775
68600
27276
62984
72276
34755
8314
12295
44425
72163
95341
69094
84356
22613
98966
20672
38167
20223
66853
51079
21721
95589
11904
51745
60308
38469
20436
90798
27887
4226
33371
38370
14886
43339
42055
60688
27873
74973
70084
32780
22995
9142
63172
63063
34247
43525
15193
69667
97214
14188
11893
66011
55096
89693
32408
82263
43364
63583
11415
73795
67001
42205
18935
78323
83151
67677
51339
68844
94612
94224
42781
56831
52562
89716
75925
82599
14443
52380
18097
67416
51231
54814
32240
81331
34536
33914
66702
91955
78929
88919
75169
61879
24312
76411
38060
83994
86316
11138
46131
50522
28950
168
61004
59610
77000
23800
17924
95363
2568
94482
69391
90433
53941
44844
46831
80138
24469
208
75897
70248
17667
75150
19659
4593
44711
32233
12901
55634
58789
44751
27310
93053
71536
54572
83892
38256
30566
94463
47647
35610
93086
29057
56459
38210
81467
82820
94918
84331
99697
14758
86123
78622
50470
53915
74692
27846
90094
99564
97042
9026
5605
41149
25286
95840
5941
59806
91272
5842
29004
1457
4238
82789
97523
59873
18674
38999
48250
29742
10882
60561
64964
60859
11996
57752
30887
55330
3933
1867
18402
87472
19221
13130
62660
95120
67087
49758
92439
34819
6007
67959
34774
37781
9374
93135
82240
44838
86169
18759
73221
34950
24698
81640
3494
18485
45254
58144
41723
95693
23851
47189
87482
56074
42040
16830
77107
68859
60786
36511
40368
57419
24638
50381
8825
57641
85765
9882
5190
71341
86712
71608
13457
57653
91751
76330
3853
97050
69760
33377
84858
64337
92339
18258
34767
12560
40503
37804
45221
77838
20323
34396
44936
26235
30265
13429
53847
57048
34659
9866
97280
325
38734
28067
82356
16902
26168
69203
836
30641
46421
15533
73408
85976
64951
40169
34201
63655
66236
29043
20526
2326
26975
61326
49687
19484
94798
12453
65817
50713
86078
86061
14767
34433
26608
12642
74271
43068
3783
61674
51944
90787
25252
78724
37250
71022
91973
39575
62223
13154
42407
23115
65828
73648
9498
31902
90432
51272
853
94779
88462
26651
30026
31572
14463
41585
38038
95274
70580
26949
36455
27430
79402
94111
22490
32348
11313
88415
27543
23670
95334
43376
89254
26739
18307
75706
82390
82979
96459
90552
22721
16173
71670
37059
87982
65650
6632
63604
17197
50944
86835
55325
40806
72116
31256
63702
52391
27480
50987
33729
18218
86775
10001
79410
94517
73177
13812
61934
84964
31233
18086
38645
63170
30030
45991
83918
6235
65444
31701
86916
53149
3302
61613
18856
38053
89521
64724
79665
40455
68658
3901
66007
25269
89694
35877
19785
75298
98203
21
61695
55101
68312
99611
13240
31601
84516
60539
38806
18096
59367
25035
57748
15206
45202
16297
32978
73033
6965
64157
12989
22692
27967
79937
10760
43898
35526
22871
2449
88328
38080
55382
43840
29814
25888
23228
94230
42236
11846
37379
12546
88477
7967
71576
86074
75380
26215
51323
96394
97855
55155
2724
33272
31205
62760
99750
51681
90097
63494
13689
99465
40233
32466
67351
79066
72687
40259
57464
58395
82349
57646
77389
47054
52644
43637
29206
27146
43657
75151
73900
50953
46825
29492
12167
76527
65482
19196
23733
53595
11561
34432
42761
44203
54584
25939
63975
45551
55722
40209
10036
94625
54102
82205
73992
81564
97496
62082
74542
33764
63393
44578
71747
85288
77551
18544
51798
88025
71032
85522
37156
11079
46951
52905
11717
42738
76205
82282
14431
94830
19731
79773
5968
36353
29000
87984
17459
31679
1595
92778
27293
13477
11733
8894
88112
91100
87223
29071
27522
85531
71733
71664
97126
52480
31136
57088
32358
53453
95539
14462
89514
28883
96873
4116
84849
25951
44145
8938
37743
66842
59274
7196
43426
97540
11785
3916
40442
29339
14734
63193
79522
19293
90177
62889
97047
86905
36679
68257
95067
47976
39584
24023
18843
54798
95852
4448
52997
50067
59642
39157
76524
43151
54151
46445
38777
61217
87456
64265
97976
67922
53977
69849
37255
53650
6414
27817
10281
27502
68495
48022
17522
48809
17769
76073
61087
26752
959
13295
49534
96369
90535
26785
42893
44065
98653
89838
40142
58261
26845
37258
67228
7438
61476
10118
50755
98316
84657
30061
1533
62
68415
56888
33890
37182
32349
52454
40843
1463
6448
1103
17333
69825
46695
62327
84412
87744
66496
65503
43032
83381
66861
33982
92944
99011
67899
90298
59766
43509
37502
40436
61785
56977
45064
94754
5438
91906
99484
80539
50059
42115
95307
28008
81106
30885
41433
39010
63803
67964
71860
24576
74153
11978
45034
27835
27564
84403
66566
57488
70497
84859
12471
38132
36377
96893
1779
30500
82509
245
51938
56173
26684
1821
59079
94332
8091
90419
69059
12226
55073
84040
36774
26714
50082
64345
67088
88339
55420
5272
35194
58859
85919
74272
80949
25079
16761
10643
3579
67786
91218
92484
88182
23678
35472
65397
40786
34795
4102
32782
29391
5621
89381
24372
63138
11452
5145
92266
83765
84499
49012
92697
80512
4339
2952
44007
47014
92295
35615
75109
99081
39585
50137
29127
27655
75513
64238
65695
66245
40203
21898
44030
19964
52071
6030
5817
88565
90046
59875
20315
65251
90265
36653
78765
23838
46819
90200
53153
12135
99096
67527
92612
95488
31297
38823
48228
6359
75378
1183
77073
76655
92607
44604
88395
65854
35722
84009
81840
28744
36245
10029
50842
86369
83661
3972
81920
62779
332
21299
88085
78928
84334
218
19951
45230
41045
29357
72781
18655
40157
59989
57874
89769
92344
81572
42535
739
17269
21205
28388
57618
96391
82029
1271
87675
244
60058
46809
33508
6227
90746
35915
82227
48800
79950
82620
428
64149
36201
65176
38095
68185
21361
2458
34348
90123
75141
92398
94519
2077
46793
8464
96698
71321
50052
30055
24281
42692
57837
96606
59470
78885
35503
90225
84229
1592
6675
85065
33507
40371
88015
15328
7453
57989
49
22984
7478
60614
67184
70093
78150
72450
57487
72171
75866
67049
29892
42509
16196
17968
99713
33622
71359
90943
63933
63303
70601
30760
19323
74594
62795
78286
4815
10192
1260
8485
22867
20864
85417
37779
95713
32262
22551
75733
59600
76382
69701
59244
51096
57661
83512
96393
51812
21933
82987
12537
28519
4090
44001
9649
39943
48674
25323
28437
41817
49988
26781
25598
14196
17776
33172
88438
84290
71917
30077
5046
10268
41260
74135
47032
53323
16802
45081
17668
8304
60647
34281
85391
59072
61981
7458
96466
23836
13228
74417
44467
82194
73599
65040
18657
33007
17598
63144
91609
54349
74976
13236
58362
32189
60732
39120
37784
43000
77434
72273
77262
98940
30534
93586
47628
14147
62204
85654
33436
85733
2790
61573
5437
31143
9852
94234
44429
65201
33464
60469
9861
7258
56224
46283
21608
28838
83964
69275
48580
41214
95135
15026
46111
79592
66831
16706
65802
4591
29340
17851
26665
81880
24495
81078
6491
78222
80546
24222
46406
44223
47503
16618
56430
28983
11263
95975
98494
33760
32963
82893
7205
94691
92980
96569
13703
96704
31140
14008
30648
93163
83540
63664
52070
49135
77892
56211
75886
6796
23979
8015
95314
2622
96183
35687
82192
99983
80502
23095
44420
78357
85837
71452
33157
94633
95049
59473
23942
92082
23314
49559
58759
62790
89097
22572
98592
20348
4266
71337
76651
37046
55978
90928
99422
18836
52713
83186
81898
24147
70963
67005
51145
55638
94359
25623
35323
6695
86157
74394
11244
48214
87995
32881
30124
30072
39716
76858
72453
75715
48930
25464
124
23324
26466
94593
94772
16132
18602
19876
73728
68130
95850
97459
50430
94773
92543
36042
63463
15262
50328
58618
40764
85265
10260
20710
91876
50537
20429
76705
50285
52636
5174
67660
69038
3549
13464
58297
13699
59242
479
34147
38024
81608
75981
49111
8956
71638
77438
73094
95600
16791
61177
775
38161
96884
49139
4658
5654
75504
55566
84439
36798
25567
34142
9975
31015
75870
87214
41018
24314
79535
21513
94411
25922
86320
54132
31876
5103
37898
77101
41866
73759
44832
27462
43461
83496
54142
60622
5828
89987
26353
35363
50189
57990
61692
53601
76749
40758
31275
72923
91224
25551
21679
51960
89444
98884
99667
95956
22277
64038
71758
85551
22560
81659
26035
17175
84782
74507
53467
73101
76529
90253
58892
771
98345
27987
12581
16816
38569
52498
76342
97339
16587
78212
73551
78760
49679
35734
2357
49893
19432
32152
77788
43298
63383
80781
4914
98510
96849
90956
80882
63855
76612
11611
90246
44611
86901
46288
85766
91501
31425
66463
26069
16571
90128
15175
83490
53987
4046
3362
78887
2559
89643
91996
19747
34832
8469
27429
44036
7641
74202
3197
66968
89676
60031
54613
17795
41569
48986
76146
85368
36561
61627
2926
82210
50407
89567
77637
77884
99972
8455
79912
34514
6256
36845
69791
13265
8077
4662
76334
28523
40035
35571
10925
95519
29006
6266
92125
8297
5707
36101
63807
34988
72246
7773
1610
10356
291
52450
63701
23794
83937
2214
30262
30859
57159
24977
74794
83143
56423
16076
40437
61128
12968
18207
34327
31239
82601
38198
62092
72910
13099
20566
14906
30052
75296
48657
91622
26274
51128
60156
59942
71999
58619
81
52786
64067
99576
30178
33125
91632
81170
9119
9549
84046
92269
58013
63298
79962
49252
58854
4634
31596
50444
9358
21957
8269
34695
72639
95420
38408
71615
17563
13718
36397
75403
73787
11813
84435
41874
62238
24175
7655
86933
61538
60014
52794
13875
17729
68731
11788
9372
6476
52201
55060
87883
20114
62631
93374
49092
78110
576
58348
5918
36500
51440
23386
44993
45367
28297
92977
75824
13438
10499
70615
90259
20855
75991
31635
16752
83460
19771
61088
66117
88925
35819
28470
44713
86906
36202
40565
29199
56494
20289
48185
52256
14259
64244
17771
47740
61134
24732
60972
22344
47293
63103
96054
89733
60624
51669
80065
49220
81626
96880
6645
55285
79114
29797
98084
97006
2781
78830
72502
12871
30451
90795
75849
59560
12577
64568
17232
53366
80076
60853
11073
3504
74242
79890
36519
77308
73069
95336
87515
59861
5967
12254
64783
37160
97451
648
30606
99013
35352
49226
17030
2425
30981
70378
86201
16894
17860
50620
22515
39567
33690
50802
10338
80296
19343
36400
79692
56855
97747
11297
79709
18252
1330
26109
6768
13025
33433
51126
43711
58889
13206
47889
42569
66739
61211
94490
87493
69199
62052
1679
46774
37370
16867
99933
24547
37229
77022
60437
14331
89456
26062
78655
68595
52375
5821
56625
50322
93759
71372
85039
15298
8529
58777
21313
84038
32636
72671
329
521
62004
34807
83386
71252
82974
65612
1401
64534
4550
1336
9719
78044
14554
42903
36736
29676
27790
75514
67873
29282
4014
67717
93403
17217
78598
54338
90494
921
11917
93826
17834
32456
72487
60730
58704
81729
15855
34183
9495
67718
50257
55534
91406
45292
54576
94885
25862
23950
77445
32480
6673
84037
78972
26142
97874
84072
59963
56065
5445
28563
85469
13850
1922
6981
23412
30607
51219
98396
20573
43357
17715
99870
98231
4500
31550
91208
81565
20363
72556
36197
87510
93299
55688
64879
78155
98081
6221
47533
45116
22434
58224
73343
57028
27730
7303
60951
84460
64962
46376
63995
13716
67977
16940
72785
18292
91746
20427
35296
5855
95819
96733
64076
22518
28429
35394
87222
79042
78687
3268
62271
63554
85191
39888
99650
19287
98423
84910
54087
8290
75140
29602
77381
79650
61422
10523
89523
24380
30219
93976
88967
82813
4606
9862
91124
66155
44543
16897
38912
63707
39682
11386
59166
70870
68403
4902
63241
46258
73362
5152
574
52998
25190
66829
47991
89780
18075
27883
73087
50982
31347
21331
52499
79373
35300
93170
40474
13335
64208
79707
94529
91910
77937
5685
82312
50567
50834
88090
29576
30131
67614
38473
54591
91305
89501
28644
67041
82480
93907
50524
644
23243
88133
98775
33479
9127
23998
19918
18652
83056
20968
8667
76008
95968
99701
47864
2016
919
78472
36688
8874
9333
55198
84948
30921
23541
90693
15654
80702
2481
54606
77374
85472
23055
16452
52043
55256
7713
41148
45978
83248
83581
14916
34588
21171
33984
47298
94477
43458
17734
45157
11992
48425
8569
18109
24653
703
24137
85538
25617
89668
63557
29131
21812
82151
31299
7000
1163
50748
82719
14192
72714
42568
73180
1586
19347
26652
80766
12155
33488
15150
66031
2785
82371
91017
4362
33759
27908
19920
64295
93033
68939
11908
12339
5683
36549
27294
56590
7694
23726
81768
6213
14087
69119
90277
7889
60493
42349
15740
95499
5442
59796
1066
99359
14942
14527
96970
94356
5993
75037
18992
46983
2601
4219
33140
9698
5473
68216
14638
68121
20011
56160
6061
76097
4182
92335
92007
18804
16268
5079
85052
7639
11385
89470
71055
53284
79497
22681
71830
9904
89593
86160
42721
96457
98915
15374
95361
91179
44516
1970
13646
95227
58067
62137
11510
98017
31810
5161
30818
8711
99771
77508
83165
6566
782
56175
47554
66455
9327
9943
48359
19631
56812
15610
10573
61762
5957
59606
59720
45342
29297
27046
95888
2957
25157
21728
94053
75431
64358
19781
45443
42996
92500
60651
32174
67592
26792
28021
88357
47610
95194
22958
70856
12786
77825
79025
24889
15566
80506
45264
32607
18567
21157
43079
84504
78960
33195
46314
96716
29296
23937
73845
92978
30171
35595
25462
48431
9724
14304
44189
48512
36367
25656
49614
96937
80431
74699
45385
5769
95398
46337
62988
55953
63096
35169
32016
95582
14649
51223
5598
6063
52710
86822
65282
7311
57500
26576
89848
14131
37330
71666
9523
89535
11684
66868
67738
87702
62921
44948
42717
91267
89576
89585
93615
79547
52659
5229
23380
94670
38854
17048
92883
29215
40613
11045
30068
33315
54229
85723
87138
79089
621
32677
63327
95733
75943
84778
89088
40270
51598
2125
79682
90333
21212
30096
73519
58728
47063
24681
1892
92152
40069
61786
39340
40865
30373
6174
21443
81788
20136
98657
98548
47373
88483
85533
70825
54513
80877
91264
62475
94214
95335
20697
12024
39319
80003
56769
46349
29652
50161
86781
54557
99619
91215
37839
31909
71235
4532
8448
67752
37516
64721
64648
65075
76391
12799
70928
1246
49809
96071
64622
26449
74045
14676
67062
49204
95476
82457
10950
99293
52038
63939
76338
34759
82757
18814
93109
95286
1829
79991
25046
59601
10607
60841
21471
34403
44623
66686
91394
24167
76347
39151
31841
63567
14398
72740
70994
63226
40585
93030
59522
3567
72123
66754
64740
84587
70773
97487
42367
8726
94159
33215
66840
66801
61478
12723
62709
56165
64164
86955
82657
61574
95401
54447
35706
37470
5412
7305
44175
25466
43090
88746
61921
29023
26851
46088
20082
25525
33855
50775
99468
53488
1625
20698
14775
25971
8501
18301
95837
3548
53983
87034
71066
15101
5482
61685
4075
42675
51555
67126
45130
22856
34521
96528
30366
14038
91665
97421
88958
22642
23912
3886
74558
5199
40891
56096
30784
21114
86789
28899
26288
37805
93622
33005
99852
5114
87309
92973
86892
56525
79733
60973
39322
72943
55474
86711
67464
30546
32692
76970
9070
98151
73222
41695
65231
88021
31718
99797
61367
15431
85358
36557
81868
77729
28191
72679
27696
96192
16382
61474
9135
3266
23741
55500
32434
6392
49840
26820
20290
93192
32819
28989
33192
61864
34534
23695
54272
19466
8806
26526
1599
89475
61268
37850
31600
63229
56974
22221
94855
87685
97356
87307
11184
46017
34944
27403
21461
49970
7913
1329
80823
28957
50086
13360
927
83488
82881
75729
13526
46554
7079
73552
59567
23172
77996
99912
88050
5063
93871
13667
32316
75839
37072
88444
97680
73105
7876
76392
71532
18916
71889
53996
18565
97826
51110
24696
33029
40507
37535
39170
74446
80549
68153
7691
62524
48089
61132
60960
7761
82375
73171
2450
9369
63378
42875
3311
30175
24635
77886
84965
9454
82172
26226
5646
41591
78438
81499
9877
32476
31591
29352
85202
67015
62180
68465
71528
49060
96021
97209
61379
17204
86653
24241
60078
81724
84732
89004
21126
73432
95691
31744
97551
55542
91824
55857
44971
71618
50280
75691
56879
53100
14928
50778
12911
95332
13404
86594
70024
89690
42299
31511
80256
14093
14605
22969
69562
15252
61131
4494
29949
40557
38334
43794
39346
7798
91844
82557
44378
18784
95630
4713
46804
95438
92528
69181
32811
21438
19501
78813
36886
33664
10694
77357
44653
55341
41534
2844
3410
19749
76469
37111
60711
49174
77023
25245
79756
44905
83904
79396
7544
69127
36007
10245
97584
54134
34501
39261
70368
2570
62104
58669
84672
86669
15110
30717
33612
22030
90309
38770
82584
10302
75249
56471
70918
3198
69740
16316
65565
67457
63954
12705
49879
53856
40128
39253
11926
59082
77456
12444
51698
37969
8812
16785
32756
72449
28322
31083
85693
36288
46140
65492
87444
87974
12415
18064
90871
64332
30139
99004
98503
4348
68
30450
21395
18993
7806
28029
77641
42039
87323
2480
89579
96468
58954
13012
46003
64064
382
33873
20513
70734
6220
60119
40593
13321
43993
76001
5133
87763
37630
26461
11985
63533
13556
94398
77177
33440
91683
95844
16463
78225
14694
57268
56995
20312
7401
83910
7423
38771
52424
25869
34751
37569
98517
57101
16895
12062
24701
27951
13644
749
56070
91040
51366
8334
74673
71727
48484
27660
76468
96854
35458
3906
40159
91564
34392
60107
8375
6903
20220
32971
43325
80426
15488
41426
9577
59693
35416
11155
48310
96939
59313
43664
88250
87653
37224
26782
61285
44736
94717
25708
2136
47156
2411
88437
2546
60537
24056
78452
9012
60991
25583
27610
3770
34079
43696
66636
92641
32953
54487
54169
46130
49617
9237
4479
28806
34749
62392
97004
11888
62074
83395
58758
77377
60908
90621
61137
85081
89193
45140
79837
31565
78478
54131
48428
21095
17092
62292
54366
78922
90793
77795
68541
5852
32716
59219
66970
7532
52351
89213
73913
48949
2089
11915
9380
93026
57867
30742
98682
67297
5490
73356
94970
24007
14174
29435
27358
1316
40481
19976
39423
96081
22156
11321
85128
17952
98744
87660
2503
68396
16353
45390
77326
70157
46212
4512
52211
13865
46820
2399
48179
55732
88494
53333
28510
379
55095
47969
49180
81693
25161
39797
22258
43907
73597
48323
53118
85362
54919
82639
66890
60354
56818
50127
31492
16955
69068
27597
57635
7920
79885
54490
29624
4131
48790
46686
80733
94919
77056
47208
80006
10413
1495
92316
86114
95801
31722
36609
72090
72452
84649
6385
28570
97355
83711
19756
78824
18900
49080
91890
91047
19992
48901
69851
74120
49386
45245
74959
49812
79073
80290
12693
53307
70297
586
72602
76596
48207
53677
10662
49561
14628
84541
41038
79002
66364
42344
83943
94690
97072
73905
62584
1213
44956
54324
55754
24118
97499
8809
66910
80443
24941
75698
95765
54232
15924
57855
33880
24415
18663
30942
15904
52857
76223
90531
39052
51119
12347
66569
71669
38668
77674
75119
63972
55622
93502
5485
25308
50288
31595
28904
20956
73587
55651
90999
24816
83292
71901
12424
49326
36137
23978
92355
37105
29369
25237
61408
58523
72835
83160
48571
2698
39074
49961
11723
27931
1923
54700
33545
14046
35860
4009
74111
86821
9948
34398
54605
46374
55788
54465
40134
70230
90506
73806
4254
6072
39173
70866
3279
96374
27405
12310
99754
81682
49234
93642
19487
27453
32515
60242
32117
12213
31916
8296
12631
34898
49924
6082
63640
82531
97040
94186
91998
63198
92013
62893
65780
82058
38914
8689
97334
67852
6346
30084
42113
22130
63922
13382
31921
53254
70794
17858
54772
58248
84218
67888
24033
66606
93832
21948
60869
70596
27361
94937
75362
68329
82056
10938
13446
36551
59010
24176
70559
79442
13620
76332
24888
18180
65024
11368
25370
8923
64904
23792
40290
72112
35589
43209
31965
81669
84074
35423
12808
31000
66886
83516
9596
7471
46699
65618
96702
72561
8502
45594
65756
94904
72226
42152
8514
42900
50707
29007
98674
94118
16644
41651
38925
15650
71260
7094
66546
54735
98319
74121
98394
2831
6141
61689
34687
45683
85801
83254
62403
89074
34386
67832
77728
20036
96790
73403
18771
40199
94493
39427
17135
32642
40418
92699
48066
73398
18946
97288
51976
12389
28972
20800
21314
11229
24762
10117
40438
74013
76514
9937
40427
42779
39686
34789
59604
2898
7317
36482
56221
29094
81373
80673
271
65124
86793
43444
19191
33920
77261
44097
65226
72994
34473
33329
50900
98815
58471
28244
36896
96540
47787
20963
56636
22163
31195
70481
2961
22364
1737
51647
58189
39417
2012
41338
93301
65881
92309
855
91169
8922
12326
67247
81935
59816
9114
68104
59747
53641
30174
29593
82341
77643
29669
22414
32815
98461
11191
18618
61058
60439
55611
44314
582
76098
16191
43787
81440
34135
85073
88725
94231
76969
21951
88092
76167
86317
37663
26895
66768
52083
80593
272
87263
39456
34726
6054
49238
86814
91927
96757
13210
91330
84498
8830
4639
85809
96216
19554
19818
75840
73988
21519
21441
1432
77855
18963
99094
89982
70526
79661
32548
49768
96403
9345
59629
97088
62256
16786
62676
24995
81051
42645
56729
63051
50750
73663
74563
54116
50576
56395
3229
19740
66391
1675
7507
52891
30642
75189
94417
68812
62814
12274
80756
48974
75215
60461
51603
48203
2669
80392
81142
91499
20992
53990
15682
37434
62345
85779
97208
66949
43558
92746
41486
30797
65765
91081
25314
72363
66554
54233
24252
6092
76755
449
40985
25257
43671
74004
23626
36999
81068
13734
93709
62944
17176
4908
48122
99427
39143
48409
68740
36243
36315
84330
48267
80430
83042
2320
50393
82448
65764
43127
46476
67127
22784
37023
43550
39814
24869
20715
43107
72928
36252
74073
24820
45067
1393
76483
72335
90812
53840
5923
66993
66363
45409
44746
66013
87400
28596
44813
94313
55449
22745
97630
5177
73620
5984
8976
88211
9023
32085
63990
72052
60204
95117
13123
85046
82093
23687
55768
2659
82110
78167
56127
55497
67428
62843
18772
88801
16693
86030
18603
70968
2905
71506
82220
8568
92556
62081
78126
6407
78418
37636
6159
66811
47509
23063
45109
42947
44696
26192
8626
30983
24658
6549
71971
76572
25357
6429
93659
71525
11849
71817
70801
24833
41601
90314
85720
77810
68309
62042
5175
4642
23604
2352
37037
62320
11674
37202
68587
43042
971
70820
14481
83926
21820
11827
16942
2505
66931
44082
77560
61402
35928
37713
99538
93789
35177
55986
76607
42926
12967
74603
36020
86241
38020
74151
15168
30957
85467
3685
80369
63190
39506
5345
38315
65605
95560
37692
46011
30543
57380
25055
39326
81560
50918
61483
51220
7613
40583
17664
14546
9492
99338
32528
30637
78696
37826
89825
22985
99311
25067
58819
76112
86800
98577
40176
97123
25787
10918
29059
19617
66830
27182
27273
37426
71127
35899
3064
17999
11064
87221
20368
82088
14294
48234
11337
30260
49441
23171
77155
40419
72891
41102
10719
1857
17893
99880
49141
89906
26001
22227
90887
28560
1552
83419
42904
35906
37125
28857
68915
81306
60062
75994
49522
795
40904
67707
65960
90442
12249
20577
82380
31210
12369
59780
17767
38316
63786
671
44237
30832
95056
70859
10459
98356
31513
5580
63334
95625
72382
87600
19443
42971
41574
72338
13720
47999
55925
55232
67639
73163
22471
77403
8831
66224
12870
66020
2186
82224
6658
41185
93601
77821
56266
25642
3161
11186
71569
4821
3794
49667
39964
83827
35863
10417
90906
49941
91636
32451
95015
4956
73322
2854
72396
38265
98824
84880
62941
41518
7421
24364
13054
22831
52444
32559
86927
52806
37648
52859
94603
21542
87987
58918
89463
75125
92884
34563
82898
9195
56014
17841
5020
2252
65932
92133
35963
17219
45016
79530
80422
64966
32248
12777
48143
33549
44644
78577
62399
77666
19566
14348
66722
58865
53997
48866
23771
44004
28348
14237
86381
70097
99687
19984
13090
47246
4467
6417
56332
22658
7209
79100
46619
87958
34507
21333
35248
20196
49992
71746
71271
56849
71172
34990
9282
80188
80147
16441
97516
91992
47794
3675
42450
61631
62129
19230
16748
9967
6090
16616
84995
59824
26178
65333
56552
17916
61352
75649
9446
72481
93427
56523
56287
29148
31920
17304
79847
36481
69818
66673
86009
68119
85649
57240
45700
81532
94936
84645
12836
36410
67036
17619
85698
74381
13537
31928
39234
55120
30338
32413
3218
95851
98880
24382
31774
25730
13974
31969
29450
34478
76973
43807
4496
34411
34212
72508
87162
81859
46319
94109
69219
95327
13818
57382
71245
42748
60065
96587
36745
92539
38371
86610
60256
15295
65373
78512
76403
64617
58332
28091
22953
79730
67621
64917
41057
35702
45528
4223
37734
13083
40153
84360
91488
69543
52470
88880
44860
63539
99761
71962
75456
30739
74739
28121
41884
22824
76809
52972
97348
34984
3047
98983
30965
68782
89309
67239
21440
94605
19433
86306
87724
92787
58932
10531
8057
8300
77263
97345
62755
3418
78780
13707
47862
63443
49706
97813
5399
60358
64211
11531
21530
71437
8262
64907
75020
3606
18175
85596
43686
26034
50060
31818
92891
56542
20887
83870
1276
62826
55278
82743
42999
46172
62003
15030
52586
9384
80603
59341
69079
22312
60495
57800
81297
6421
79190
98987
93799
60509
93610
14345
78852
41526
25247
45810
76045
75975
19711
43527
60483
13744
42627
26577
51284
78264
13200
53378
34976
54737
88980
85132
24791
59410
16089
30963
83571
82748
45024
84045
41175
8920
50970
97801
70169
87793
59043
30402
61635
70237
4360
78543
27797
4146
41091
30744
37339
30777
48216
97895
46228
58349
73929
85377
53469
64246
51253
59943
51364
1301
71118
51867
42871
29962
95004
37403
17209
70258
77354
87634
74552
38222
98786
13389
23134
56871
63375
21111
94979
21303
62325
91141
67193
33122
35562
70239
2584
24142
40409
9377
60374
13018
88622
47161
70399
36819
77058
8601
16477
73926
64192
36596
52630
66129
26883
9934
11792
11069
78823
74778
15811
33909
47746
55817
77042
82269
11773
35083
76618
24158
55508
1113
26835
59325
17374
96949
33839
11382
3183
81609
19817
70492
57984
24050
88546
55020
8580
47469
72201
23847
85883
34526
88822
25465
61520
76722
19092
36366
35466
91893
69210
44339
22742
67300
36401
16241
28247
6601
51180
89424
58358
87597
27323
19662
32979
28199
27048
29390
96349
89847
90323
79783
63775
20492
76333
43
76764
67813
78207
40250
84259
99960
79764
55862
59021
40721
19913
16983
16368
83796
85154
88648
68203
1855
43819
49515
64547
92202
72180
8647
79147
86998
84496
15817
67824
83810
3563
79919
40262
18083
5558
66298
86871
35320
54298
99399
44957
37147
4379
58683
1002
76768
3287
23977
5418
72108
49090
61469
35587
90422
23897
73364
31443
19306
34114
44842
99596
30520
41370
21330
82747
8570
72260
86060
86324
74874
78966
97130
45017
50977
59951
3729
68706
17332
55030
25262
15773
34917
56996
42873
33486
77632
71476
62300
28314
74817
25373
31957
26359
91438
67792
96009
69150
67222
88600
8656
66073
28625
12679
6543
85224
45142
36084
18932
30070
12584
72213
68448
58483
5413
90905
89688
95312
33878
90780
67099
67480
8232
80356
41828
31892
96904
23869
19110
54145
30528
73337
83362
91455
11988
5582
2101
69167
24519
36111
55811
5894
89731
18874
7580
19693
36508
49203
55621
83470
50714
67290
35053
98715
70016
98201
83185
19349
12477
23150
39805
67441
67163
24546
70185
59794
83546
79778
97340
18423
12741
19946
30745
63408
47451
10524
2446
75754
23910
81639
91387
81974
79351
65165
49839
42422
77460
30643
8761
15943
44158
98620
20756
63082
20995
21930
97707
38392
78753
71345
87415
84271
25178
49900
93199
74407
96876
67267
41337
22028
35841
40895
93463
12221
79903
65732
21011
83119
97621
28368
98512
24423
74686
85500
75524
91978
25504
55392
83067
81918
51084
38229
96624
27832
92242
16575
96655
62650
35627
1407
17303
80860
75676
10436
15282
71310
43103
79956
34172
59750
37062
27501
56259
72231
70573
18491
6752
65018
16280
16978
17455
47101
11284
6039
52869
70566
91405
37299
50228
87975
46653
16170
60710
59913
450
91441
51967
20675
32075
47427
59812
65545
41461
35098
1957
94458
24244
73666
80111
75571
63117
60118
31874
25349
13344
57215
39753
36453
1915
48760
76812
79447
28027
54965
73814
59841
13496
73066
70837
37623
64737
28702
26960
29704
85841
28998
58042
87209
65541
88644
71990
88054
77569
9575
52570
85310
53316
56416
27006
46521
27497
78984
29986
1999
26508
98425
77432
72353
91979
30849
24310
33247
48769
38629
51920
29112
52592
56168
80688
19716
48956
95562
50690
20934
42401
71249
90821
36095
7172
53330
14800
9564
97721
34452
87095
11156
44071
48575
40571
84641
7126
33586
31906
52870
26011
74062
98584
37508
57062
47808
15502
91003
46099
25701
68241
93964
92236
81676
5492
46635
7680
90764
43403
41379
21915
79852
67743
59268
36534
23220
76945
22875
49620
70509
52333
95215
22662
64978
21965
87762
48486
65186
20389
17060
49182
94421
36154
34643
25101
18059
17937
63651
15063
49867
68561
88558
98854
53753
29336
54533
46546
41830
54088
43878
27636
47044
74875
3506
15786
44351
8440
82770
86709
41615
90561
93555
81888
37506
14827
92389
17154
65224
35981
69280
36708
62026
24192
41506
57604
92070
65296
72330
62091
1669
66892
61948
98002
61215
65146
44373
36364
76678
53919
47637
95907
13852
8994
17305
99303
78022
4659
45961
22195
27013
49508
56368
72321
87273
50941
77135
19924
19258
18960
74017
58766
32127
16059
78930
25694
60125
64686
50078
98229
47173
54544
90460
34535
93396
62613
30754
60143
91093
98009
32622
75687
58552
29643
17361
97091
52131
43663
95775
83981
49936
2935
21636
26471
24714
3278
33836
53898
33421
89374
57111
56230
73478
58308
87313
19764
21125
42189
54638
92169
47911
90351
48402
74247
12080
6664
88313
91078
80093
60360
69618
52839
73608
68973
94392
45196
45504
44094
6977
99475
59092
70946
42204
83227
77537
83035
28019
92737
86471
5111
17835
48341
18238
65738
59168
13433
75256
80727
67785
82924
10996
38746
20115
3932
2459
32061
54979
32145
50996
65484
71461
36440
60380
75399
81644
31637
193
74486
16166
36536
99718
30095
60263
8536
22753
28044
31784
99441
22211
79354
30602
46590
32517
95434
39967
15215
52002
11361
38477
72577
99963
44293
10101
73820
63423
67872
91422
71843
21614
95543
94604
35891
50303
94494
48406
61862
49018
66175
10686
70467
5116
51055
60429
67218
15521
12336
50063
1665
55839
24391
70913
59635
66336
15149
60664
68213
25897
12682
40392
4285
34482
62774
84983
79182
66103
86167
74755
3561
29508
89318
46256
79851
12204
34961
49761
86534
65840
93986
87348
43432
52218
1018
21142
11527
79293
25775
63808
42729
85092
83228
96496
93494
85042
93525
81702
39782
27740
98530
27815
39675
20703
70905
80758
63072
75915
14385
37327
12656
9155
29495
50027
51155
88135
61572
46889
78510
47508
12313
8544
96942
93855
64180
61637
44894
95182
62471
22761
22415
74000
51159
115
69439
47961
11769
94687
12800
82214
5245
10199
75127
28540
75432
85869
33206
41983
32426
79726
64900
16734
17887
54470
72267
67797
9002
21673
54520
17662
13618
87747
67033
22482
49808
4702
27071
92167
39495
45375
19417
88239
73930
13167
54414
26748
20758
27417
86724
63686
75044
55739
3046
41861
24932
92279
56681
21601
9332
35079
53133
27119
15015
35159
80087
68482
4272
65675
97753
43236
85381
85954
76412
59763
25096
69959
69270
47938
95268
29480
53544
79753
9163
20973
48036
10791
61490
83264
93158
96317
84814
10604
98383
77984
32632
53608
90980
72870
86284
26964
23279
67835
73315
74689
86790
35349
9773
51650
23980
40526
61644
70959
58626
58978
46292
21733
68085
22012
94475
1027
47150
44895
67390
4600
22478
97433
89258
49314
31189
59374
40523
19054
19688
52039
13917
23108
86563
80289
76493
26313
47904
1758
3416
76817
77186
47788
26730
6005
31684
38782
10848
22677
18839
85899
89823
56142
9316
30212
94572
59692
74999
65848
22810
59375
82173
35946
37563
18037
28273
34227
4129
18306
79393
61557
88409
14056
68235
70476
42841
66967
19985
33092
94456
6195
22248
24740
26422
70363
32512
38994
8416
9995
14423
88950
7868
95712
91997
88987
77723
55633
93677
41927
51587
99794
43755
48581
4563
581
75211
10939
43047
17772
12511
3429
98853
44780
41413
40703
37167
75572
60596
47175
23807
86649
68663
54150
98891
89794
7282
65164
26965
27714
93094
9793
631
86941
60875
92231
54909
57744
27824
35237
91351
39082
38274
53260
62266
71414
64305
63434
65950
80387
91939
28573
89304
83788
41374
36035
61955
28617
35304
10663
24980
20162
35084
22718
20897
36318
33737
17536
32196
29132
55801
46725
28141
1472
62438
25960
5566
14643
50267
85238
75084
35174
12385
40983
18817
61575
20282
13719
76446
25970
65584
83510
32644
89483
63212
9625
80667
54350
41071
19536
66716
59669
34467
15288
81402
40823
45269
452
2866
74021
51983
10059
69001
86678
14610
8272
41306
54748
34904
41810
92957
30390
7208
21912
10852
11761
79176
85427
16245
156
96084
77479
15901
52052
54869
64276
31663
98481
42325
82848
20850
16068
13062
72340
88781
3490
89426
42607
10316
78969
55407
34511
25853
98246
97217
5847
75377
36941
98799
64873
14459
4320
73933
95464
30990
19231
55283
66480
51228
89570
91038
38244
885
29925
94108
13768
96805
73088
97617
81590
82982
77597
7989
17784
56638
57832
19932
12621
10493
9510
85048
19875
82053
72168
39373
29451
42044
42404
33123
89997
80337
1567
83477
53262
93830
33132
80383
21868
64456
62643
6410
13072
13169
14526
18619
80583
85634
13675
71417
83803
23798
12100
19160
38068
8672
93436
6891
9938
12092
75740
49745
92620
24287
45651
74954
52352
27131
70356
70436
36274
76486
7562
62602
57242
92022
20512
40918
2545
380
40415
43155
2296
56302
54441
97396
5770
76261
44220
2095
61509
84011
78372
6631
99566
10343
34223
69081
36403
4414
38404
62986
60137
83597
89824
95473
4336
76500
88369
82469
32844
28354
38455
57007
34583
25065
79668
11003
61369
74203
264
73053
4884
5723
48384
6736
35092
23096
71581
23833
42290
7260
10611
34409
96207
16939
79115
41860
20508
51452
31948
97145
55656
44261
69737
74104
5530
85276
71858
46556
38969
21937
63235
42368
50851
61259
32147
27096
71201
21497
71567
71251
64555
33258
52874
25611
71067
82750
16535
38384
21486
94415
62528
65744
39473
83479
16289
68033
23756
62240
55365
49225
5792
60776
24801
92407
93407
78168
62911
87032
80801
84165
60364
44448
35348
66991
49344
90719
16521
67421
18333
18642
56367
43571
2688
92001
39221
70049
86139
70315
62255
92732
44986
61221
12448
72586
37660
10270
86005
61050
41065
63344
27007
57277
80340
30292
38107
68550
30432
93564
74667
66774
59279
89120
11280
90826
36268
49794
51052
75498
57639
38766
43148
684
44605
8748
69133
85287
11430
32928
24982
39884
40939
7251
99146
99653
82871
24390
6764
49817
10179
87604
92811
89445
4602
44162
95487
21322
17224
40505
11228
71632
19242
41641
1541
34936
13745
49668
3223
40224
27355
20060
13611
90412
38006
43173
31197
57766
70769
6757
94205
66219
31894
52781
5149
76901
82474
17051
1315
9757
78557
56024
57778
4040
3524
60745
89730
42308
52178
4756
83457
9869
56277
84906
25467
75987
39826
44968
33600
11183
16179
24164
25917
26603
43002
25152
225
25140
69459
56753
50020
45251
51023
87893
84989
75376
24650
83223
30439
36151
62363
95315
88136
37119
78383
74355
73471
57630
62670
35579
5033
66979
69984
19978
3149
45639
48765
78682
4419
61971
20671
20411
47124
68734
62224
39489
32396
32766
96913
63166
37711
82280
78240
66048
79755
84717
29289
61911
86909
74896
71637
19264
2954
93627
23302
55386
85952
25263
73057
26116
30627
9408
79458
9124
73388
15755
39736
2643
52460
614
2693
45698
49109
18723
47743
86125
42570
12388
23634
34582
27867
95443
20130
11668
84178
1320
9417
73384
16418
86474
43909
57205
38363
91931
94709
87118
26881
3578
6262
82839
71823
45418
14367
97298
63665
13837
11500
55832
22171
73449
48596
35802
35088
82152
64837
39766
59452
15882
1084
85975
27089
14456
59961
93261
7132
37521
48799
88616
14963
99424
52086
23354
67811
7711
77005
97156
14652
82976
40972
45585
25537
4245
19974
20372
87402
52297
86523
17525
80695
6700
29095
73669
27054
76335
23088
58107
79583
25933
75847
76315
28350
79987
82582
66771
31123
45005
70498
91400
77108
63228
56309
30494
76875
48084
53975
82734
20986
42273
32662
30795
66405
59528
54258
37450
22333
45889
47569
6136
90201
73212
68392
44651
97906
50487
51877
85486
70094
2771
72917
11457
34268
12498
8630
72082
69117
32540
7295
10369
45824
64271
29595
41985
2468
20940
34499
93869
25654
22014
27288
7195
95421
12265
82268
71203
41578
71867
2307
36343
48017
88732
17067
53789
45648
80115
57538
24213
2408
94586
44928
93844
93856
98450
66641
15230
36175
22421
98766
65801
33666
86052
70017
87247
98438
94985
70907
10511
7086
98118
90674
1830
43963
98474
56437
19765
44811
45128
95089
75273
97049
67167
18106
24238
80236
85122
21787
9825
29786
99354
89527
21235
67735
44715
79914
96307
90996
86722
71517
28216
92535
70330
89996
61198
1292
54017
98295
57899
38927
38669
71776
95716
49496
60005
3554
10471
19679
22008
41301
10246
19580
13346
63369
22074
19475
11540
43286
77783
23271
85180
57425
7144
76931
72841
13019
45061
61185
38259
6546
22111
51001
79800
20092
42599
18300
61728
81617
26547
89080
11106
89703
92197
559
77745
82660
23830
93174
96161
97069
85677
75258
78979
567
97518
86602
56261
93035
82276
12371
46547
41448
88774
24611
58931
86419
44416
27127
38162
19042
50154
37266
47684
7060
5467
18541
73996
76464
93023
7187
79920
58604
83881
74413
47875
64758
42573
88618
39366
88757
27067
34424
32019
57484
50231
57995
31027
66785
80229
43048
62693
69986
41277
97763
42359
87725
78123
67995
19215
30506
97586
56970
80081
86751
81764
96255
61390
18309
68464
44307
37566
71224
62767
27411
49366
8953
46219
30311
11771
16223
34681
38284
25194
43219
74751
50273
68900
92063
7499
27685
10519
64601
2654
59438
31724
23667
34092
21207
6970
88161
23608
43076
31538
3731
69109
46466
23165
64000
95073
51468
87385
82541
66894
96464
57582
1893
97517
21408
93150
945
21222
7700
6345
4894
84192
58165
41100
45174
51666
5585
49129
20454
67512
74595
65853
40352
31992
86565
68079
76472
71115
33997
90608
88749
36535
70582
87500
48260
43222
74715
8662
96174
23394
69540
53978
72934
74639
61193
97919
77030
77694
604
97988
9870
40092
97404
44869
85987
24209
9290
85758
70852
99895
41812
83536
29757
60949
43757
44231
73558
30989
7411
22504
95370
97596
92142
94319
71082
9573
20869
97567
59037
52516
8773
30521
24203
49696
31709
15301
78546
80466
45693
26426
2649
48019
48691
61790
46407
22328
67919
31379
11851
68543
86277
13503
82247
16317
62309
97834
73603
93473
36863
30196
43239
22914
80659
97870
99495
67002
91132
84790
13487
95147
31677
19729
98177
74940
73173
37605
78092
42917
17187
6379
10765
7171
41249
12422
64826
67148
833
11381
81413
27608
3925
43718
23666
62594
85425
48490
88543
44294
28366
37454
99275
12405
31867
26194
45997
97227
98986
14001
28014
54147
74449
68922
53886
34352
72308
8724
46973
16628
93619
12974
9965
20574
83503
53115
65340
11021
22543
65767
65842
95934
9278
45458
27623
45306
85606
69887
96281
80507
42262
30179
22879
49037
20882
9567
11148
5930
16366
47881
82835
57514
12235
63962
41523
93143
65452
99015
22996
16674
72014
93706
82149
28123
83682
36680
28364
89142
59702
42558
17896
8446
41538
52989
20328
60923
35523
42865
87786
56602
4054
22866
68125
98159
94147
91072
38559
48816
19184
28847
58138
91833
62807
78910
77116
95303
20163
1397
89480
95481
87757
36923
58691
90016
89033
1805
52692
95119
85479
99069
58595
11995
54357
65969
89888
1300
52885
6598
12247
36061
89907
29660
97519
63308
67581
82640
73029
80604
1180
99196
72269
48028
35966
66252
81796
65978
74574
52690
8155
49445
71673
87915
92240
27750
87159
83299
9018
48655
71600
88144
20525
72374
96588
10277
10146
25476
81025
4769
35942
19842
49728
16073
90740
4690
30924
895
31830
44410
74625
66737
33617
4173
60227
23974
68646
27055
19055
37596
70220
37435
60686
97529
53894
66957
98828
97982
98012
6349
44802
62912
27669
98279
78163
58899
49319
23122
25755
76598
6154
6121
56062
11399
40497
90022
52884
96793
93957
55756
25041
48779
12059
40975
98956
92473
19205
4667
28276
89245
51732
11363
57508
78011
30589
92176
31700
87577
66178
12882
89076
27953
29921
56869
91963
19538
44996
77270
40391
76434
41692
92490
90752
24656
50478
58625
44287
46940
85433
99833
34334
84571
94242
82179
92562
49424
42411
47700
48529
1449
53769
15167
16876
18141
62123
46915
2126
19028
47785
31799
79648
27168
80268
59304
5672
65283
97847
85156
13816
99228
90791
54626
30793
51252
8700
29680
14756
26767
58651
17184
1951
99078
50796
32099
42997
16006
27184
85875
55009
69215
87646
14353
72736
18834
65909
79736
23873
4333
60672
6228
25390
8898
18425
95541
51989
51043
36848
13029
35179
81612
62993
7559
17370
54284
79341
24359
4765
34639
39752
14160
55163
48926
91612
56258
96256
50310
86319
79170
67315
37765
42503
28255
46805
90219
4793
40636
47482
48885
52312
51167
30877
16630
77826
61698
11287
84052
60623
65068
16190
19268
81319
30750
19024
42101
61218
33702
99640
18688
20046
96379
90023
78079
77431
10728
86372
49163
17956
50548
53405
5867
18089
92723
1814
96472
97179
98901
89208
61603
50287
83654
53878
8886
9758
36002
44498
93330
64830
63484
2487
76816
68653
55069
91731
23138
77089
48029
3412
99961
19810
6381
78186
45928
25818
60604
22750
27872
70458
5593
61554
74742
61585
28162
86996
50473
89519
71355
1201
97234
50411
58538
40305
35626
41323
44638
40025
39750
72606
63283
48142
56697
70701
73344
41103
35608
72992
76027
15963
38373
68188
14919
39451
19275
11029
86437
19462
37787
67818
65468
39411
34850
40938
87737
30213
34460
70299
30625
56362
56484
39461
55444
14310
51453
27977
27723
55384
228
83940
23751
25519
12552
66176
59371
48880
44538
91413
22628
20752
83782
87610
66665
87902
43762
7023
76108
7065
87501
81099
93325
51730
95671
96117
69287
80660
77217
36975
73950
40218
95076
35718
57714
64004
13113
58344
36706
3108
92044
46708
15792
43496
61005
72100
18891
6229
4462
88811
933
88083
73168
2603
94325
87106
87780
2745
92421
1184
64484
39706
88544
32505
74206
53914
24262
46112
1762
51335
30033
96535
29782
63480
7368
95597
83963
84134
73469
44073
58621
42021
43011
32251
86400
20722
88596
58045
1424
53514
68568
22086
68834
23410
41167
46471
63598
79120
16589
37300
75744
24219
40705
62658
74588
42215
58289
78236
90745
20295
43874
99742
18681
5692
3414
8410
90398
94372
90174
93214
13773
57373
16253
8826
34662
29791
54725
20152
79465
58164
41162
99773
12505
76006
10545
56758
24542
70308
63658
15018
94192
75863
42484
84143
65148
15576
7829
32026
79512
4081
53674
12008
85241
8386
84698
1039
31938
27862
74670
35374
62282
73021
54404
3272
90609
16883
81109
28925
37192
50693
86206
54394
5193
7236
23445
63836
24577
14686
92845
7174
63287
43465
95470
57391
84062
16510
63531
96452
33239
37227
45797
3673
46016
36554
92352
28633
86469
63788
34250
14507
12447
56924
82426
8903
62173
33229
75227
22707
53241
78069
35823
10897
35073
70782
22860
1856
55190
24084
87439
89659
97950
42704
57168
68912
10628
95087
1273
10150
89253
53559
98498
85739
23665
12648
80255
23623
58342
37029
12330
11060
26626
42184
64025
82811
53679
13202
76
90479
83562
67688
93842
79882
12778
59353
34842
30614
19626
31776
85164
52796
73737
66944
37342
90711
8999
17826
61375
85071
31231
2805
34947
40408
94254
85905
81256
74626
8781
13447
30767
13798
72258
1960
33640
23452
54930
62076
29726
71883
94629
60440
53135
14941
26365
13945
93609
59880
96827
39377
78468
11211
11092
34116
9413
39762
41275
84722
24551
73972
95732
96911
6531
31138
33524
81688
8099
92511
97225
74315
23257
40160
23720
90789
46226
40919
81746
89766
71353
51430
78247
65056
77664
70691
68672
39285
26613
50510
99035
92290
6427
61036
38704
53740
30352
3464
62393
29426
68369
75694
71286
6845
99181
87849
66055
7320
49189
13652
29580
78384
46340
66759
99952
41367
20195
62493
6844
22080
65374
37479
51550
92704
92788
31099
82570
30751
18580
83988
88129
69556
74855
46930
39811
50282
92223
33821
87052
24699
94277
9928
32878
57271
93165
93738
89637
95339
18062
6644
46852
96072
76295
40669
17076
3843
86127
49399
85392
48276
39868
5559
1136
50463
44371
367
1210
23092
60417
60603
8428
99302
41048
2754
89496
1926
42477
81075
36076
29909
69462
52968
6274
32307
97866
90376
44809
9998
34730
25404
90144
84375
35732
13986
10709
16678
74688
21779
274
569
69264
76331
59664
87346
15562
22571
60552
63600
56894
28287
5070
56986
25767
24685
29811
38319
36220
13972
20586
61056
13089
97987
54603
82063
5874
22600
32406
98209
17607
53909
92113
46821
49277
16741
25379
28924
87650
90581
92985
30267
93724
22457
18985
98923
90992
25205
83352
40457
82044
88695
74775
221
91606
91835
66477
37990
78005
92164
52550
24353
47841
69644
78902
52769
55243
15840
17389
37348
23185
15291
97198
68326
46205
47765
33291
468
91546
59076
81377
42178
82619
95258
29124
59947
53235
98256
11536
78392
38328
18678
54742
66751
47284
94499
78434
90556
55733
72152
71949
95118
53367
82436
73143
91642
88338
23182
26717
18864
35769
81606
51675
93822
8026
28995
91674
84456
92068
47719
20892
8056
18081
60158
15486
7744
26893
21688
31228
96544
34677
79795
85921
57263
62181
61607
59850
16728
87276
59901
60326
31704
76017
80417
4773
42381
88356
63751
60179
31074
70651
53361
15208
3314
71276
37175
75552
98500
71021
16020
22553
74277
47211
69581
89541
93315
72390
95304
61909
43451
57171
76055
10023
54195
92870
92601
38189
36203
75031
30960
97178
59719
80598
12491
85030
34560
7526
75766
11965
10580
80871
70763
50908
27391
35832
20919
83471
94179
84124
93979
2841
38993
44278
31147
13600
46057
73937
56449
94927
49663
26668
64424
82485
39685
47
41545
85053
54690
26545
70143
1785
11534
85838
87107
34539
11900
41382
64316
18174
42611
93480
11806
30023
34229
76441
23084
29767
74445
28867
74533
9122
84793
68972
64111
75364
928
74009
20288
17907
29277
64592
51361
68217
99580
3521
75233
93923
76174
59271
47680
52138
59292
85636
21226
9080
17129
82889
82784
64234
58154
19789
162
99992
38638
99137
53566
35941
96870
76543
5976
92166
95783
94178
78865
67035
40901
90296
47692
58485
22965
39275
91776
50751
17440
30018
2073
76629
98250
25679
22092
93705
44571
98254
15798
55126
2483
9334
5667
69646
86459
93241
3338
17390
56419
40320
39938
14828
49741
97928
73534
67261
9544
35030
5142
68678
5649
63197
21788
97921
13686
41438
58702
37014
35980
67154
78870
3730
22297
61371
52077
74674
16684
96329
50652
21458
96228
31971
21860
31518
63417
58939
89634
5911
63032
53593
51636
83723
41144
91148
48405
57746
23540
20182
18483
52543
82370
7564
35407
50648
70950
19341
67678
77553
29477
50175
1742
46609
78479
20342
8367
65089
52277
79816
97730
27962
79933
36144
55491
83329
98366
98326
3012
37571
7956
33328
55779
24301
50643
18239
2667
54480
38695
78221
73585
99296
81668
29617
6016
51640
17327
39113
74186
67494
16573
13213
20631
9060
15097
31110
7367
70568
88102
69842
30028
1211
96732
52890
25920
35141
26487
44443
7929
85582
5890
1241
14659
80608
61356
82105
3310
58320
68985
72558
13239
22015
25550
68024
97922
98737
24829
90613
8952
27697
16331
24867
74124
83908
55170
31338
30785
69295
7010
49330
48464
29621
58372
54774
17543
71854
22601
7344
46798
74068
90615
4230
99090
60106
62552
60551
91820
78407
36232
95967
39761
91868
59256
45030
56891
35338
7372
64855
45948
13727
42807
71406
48649
50432
80906
39043
39415
60113
34273
58346
25004
33761
67594
30919
94390
11406
67061
45542
5900
7219
43541
6187
92907
14203
75900
6801
83043
59710
36442
18054
17267
80287
28434
62243
44324
82103
82462
40358
32850
94248
17507
56836
84042
34239
59646
8245
59582
66954
50177
21127
69949
43516
38117
88956
49439
47031
57573
62373
7667
42994
99709
25143
70421
26303
9730
59074
61328
13711
70334
6023
42625
18626
63973
97060
57085
68729
8913
28332
1914
69823
79424
58725
83286
76654
65111
48670
87296
12519
21556
87189
72501
92267
92123
99693
12078
62156
82111
14955
28423
83538
80558
91096
6972
25587
68168
71428
40256
67318
53441
96036
22239
87667
81097
9906
25717
92321
5215
91924
19245
13221
58706
95187
45260
92156
80671
24388
5785
87049
22618
29941
58544
32272
49340
47677
77614
82365
52304
96943
19921
96796
34515
4757
14820
78006
93988
72896
82064
68703
50044
42097
65072
60516
38774
3135
62624
4641
69685
82087
25381
37539
30307
91886
78414
15362
65992
91239
21609
30969
69805
4831
46964
68099
76553
5617
37737
70151
32290
78151
18550
35356
86954
6669
68205
90426
57372
4805
64991
24452
28098
43930
43475
29169
88344
67622
58613
65412
47050
75255
16515
70384
9654
72061
88696
28592
15753
71157
71714
67023
19853
49176
13452
80069
25758
55593
23226
96384
72588
69758
17196
73250
1359
73098
33951
40376
86382
10647
77214
14360
83514
32779
60034
35231
30039
95878
80105
50217
74628
67901
47468
5838
23962
45898
67278
45220
67021
97755
67266
89268
65835
17518
8794
24612
27929
96618
10920
36251
51980
47234
9785
50854
67669
46747
79338
26543
62318
66396
56413
84358
77562
4297
18581
5203
94866
49723
68469
63319
56474
40051
9494
16880
42237
34527
40607
27030
55780
77993
10080
98622
78877
32527
77900
30304
90381
77929
55877
66632
52379
26118
980
83374
83862
71099
76794
9315
11574
71978
9887
84191
64037
51796
39341
86421
28618
4287
47184
5675
17588
62457
55445
29420
40007
47771
62845
97947
51008
20408
38374
15034
61220
62319
22487
31477
7712
16995
51897
68941
299
88317
55514
62516
48889
56003
26075
97558
39946
42887
30740
16889
28184
42618
39177
81457
838
29906
6721
39223
93679
75206
20655
93998
94784
82014
45147
60496
75619
86756
18446
2240
57452
48177
39636
16077
17967
30015
84014
22388
17785
17287
73998
27874
32312
54390
19988
2615
45881
78993
32263
21307
45413
15067
54380
18981
73179
50718
24552
20476
73382
28263
79242
86899
94154
44502
73722
1137
48746
85762
75056
61231
92076
33150
62829
80887
34720
31236
49262
26024
75480
3796
88000
94578
73683
46955
38796
71385
46958
90167
19298
25671
76135
34237
69647
26768
37051
78422
23940
55467
63856
38467
73464
42882
12913
95096
1151
15897
21155
76268
50725
51173
63923
15543
80747
95091
92322
9083
65258
4622
3085
77070
3224
54106
40841
3788
66508
33884
60365
53282
27351
37559
583
85001
96348
46426
6504
38103
26167
37278
77287
66607
63472
88823
28965
51891
13570
71755
20953
11890
58521
21363
63743
33472
64689
55881
92394
16637
10934
85341
87177
71841
70781
21380
97512
33243
94300
43202
1515
44770
84083
35793
33627
54698
36741
11758
69722
82096
280
28095
38554
81780
59732
99703
54348
28094
42032
46120
17672
9645
29040
7186
59128
22701
40399
32363
35361
65938
44939
3170
17046
61085
52135
18729
6438
3442
41132
4196
4161
61172
75650
46273
1535
74420
97574
39048
55468
7308
27234
56613
60986
58610
53517
88611
50427
44213
66251
46548
4374
87654
44883
91043
71023
6426
37949
38151
55867
33749
80036
64279
73701
45068
22083
91287
28309
76275
34920
82720
25961
2418
16142
3512
39890
19168
19295
26094
15014
97474
73616
27271
44741
66317
28742
72228
40953
13291
28154
6767
57561
90401
60109
59342
22439
77336
95831
75375
92849
84091
61517
92679
7763
51306
44550
50676
39420
49116
89228
36307
27875
98984
15343
52332
2699
69987
70007
41680
32183
91576
98164
64633
68192
40930
57354
6015
42271
82070
47995
72637
89866
68138
40359
8664
67312
15376
12675
88233
61373
7802
20539
84216
96578
7907
92093
93505
89502
60697
9971
32935
9003
33521
85791
51112
96746
61978
49926
24686
6763
15305
43026
2071
46617
71869
15670
74869
48969
37193
92541
9810
58242
73032
26040
52183
11542
24851
88318
40617
54333
83777
11357
87690
16187
53147
16808
89779
21689
84622
78475
62416
21757
92860
21668
72623
87227
33084
13138
97849
21182
33967
97984
16360
1286
28401
98082
44834
20608
85103
68807
90447
96824
76467
51365
66265
60887
15372
57302
38809
81372
57558
19607
15969
95985
28781
69485
60348
19809
52846
75984
70174
48545
1513
75311
52789
77776
28502
81126
56821
62822
43502
49594
90804
88380
68446
21613
9396
73435
86142
19927
47002
39608
19730
82400
98398
89119
52712
54002
52311
99237
12982
49757
39395
4676
45145
60201
33281
79346
57137
1312
56743
70887
10714
34220
22193
79802
1731
12861
87764
57217
90597
17574
96808
60961
72925
57290
18614
59311
95165
46353
33733
78430
40170
15748
16836
5052
2370
4539
92011
79738
96782
96003
64187
44702
60392
81394
34731
44629
52232
60166
27896
99016
6724
50493
90765
41222
48009
22075
28935
41883
12184
1381
76711
82930
76061
304
13522
17703
26904
90508
67463
89353
28440
1366
53353
34060
31852
29987
88847
62645
65022
39638
70332
68438
68002
89036
83574
36856
8606
16074
86677
63000
17774
36952
484
37735
5799
70815
67676
97490
54328
68174
30376
1993
1119
89270
98997
42651
39543
51294
75758
6889
22148
91604
18938
39599
82552
58400
52954
55942
72457
62127
93070
1668
76257
21029
98184
92696
34729
14316
26051
18396
1297
86596
88100
83829
27749
5308
17508
42329
3666
97295
39983
94513
41543
85279
56957
24794
97658
40346
89488
30504
26639
65734
19365
57352
24625
27204
12101
67378
6170
39076
55141
96651
17950
3712
78147
96537
48967
71433
7419
96261
60462
36537
14933
7635
20809
59143
61110
45408
25673
44218
20358
31167
72319
28380
99639
84515
45170
31617
81634
26130
59185
57196
6249
92324
5278
34319
2868
52206
60228
63471
90896
72435
9511
19248
38142
51464
39582
83915
76683
33193
93573
76079
46827
40894
39854
56023
93884
39393
92199
57491
7417
10691
30227
5393
13545
60292
86295
13577
3092
21219
86963
11855
52554
69656
22833
2188
68968
14380
2085
96958
10188
95648
65899
95868
54286
3018
56928
31676
61778
63222
29505
27460
85741
38513
92274
28272
99825
66287
84022
81435
50597
3184
95192
55193
39986
47613
49128
98268
73320
91372
62583
75315
30473
64069
552
97286
13102
70145
49475
51964
26095
95905
82386
90571
92447
11874
68562
45775
77247
15800
86315
1836
54596
33515
87025
55439
81757
54628
36586
54277
21971
55777
99765
87459
86128
64176
6683
88891
44654
70743
2098
19742
5564
50852
77132
27493
39493
36376
84225
49569
11471
99547
66938
12761
69449
9261
52286
78106
58894
81328
77765
18788
44310
545
10940
77413
91748
42444
38577
21372
66014
4000
95463
2325
48254
73856
53493
68390
22322
61467
95125
82812
61793
10774
70178
85027
26455
59257
8698
60061
22254
41843
33741
88964
87300
5426
87195
47269
47824
46614
6848
57869
96332
80637
97162
85839
45161
60345
65338
37428
60670
66200
43948
67833
44198
53666
9194
25365
67851
19636
71754
35730
60059
37061
93559
22665
95244
26013
21231
649
45469
71609
83426
84378
36615
23531
15311
8897
260
52841
74923
40907
7294
87181
38145
66296
76373
5613
35481
17919
69699
16855
88717
29678
13704
15974
81800
15940
74820
62132
21043
32182
80661
75519
62317
8565
60921
68580
63875
63409
73486
67094
4403
28797
69446
31536
87524
63827
94164
24355
84961
30920
9638
64596
87905
85823
24172
47766
76898
84620
1764
83276
96776
8552
27687
80705
27000
55612
69538
36221
3374
5738
52603
94812
63646
52141
69960
70520
49873
46943
67432
63603
44284
59349
84952
643
71239
89087
39090
18076
66746
60006
1306
50978
8275
44579
28522
46527
86601
27647
74484
78516
26037
80223
70966
43906
31767
33248
53106
42588
90606
72299
91729
53310
42506
22690
3274
73062
26621
57296
70995
56172
14538
57652
42384
67422
76181
32620
62121
43946
30862
7388
72381
59085
2056
7244
7590
43279
39431
43183
66543
22367
87809
31132
56795
4390
1206
84417
42650
25310
25615
71896
54274
67295
34016
14368
75237
85965
60704
43320
95550
23336
2401
18384
84889
8513
45740
80946
82450
31456
64782
75888
24454
50178
42677
4465
95962
16472
50335
67411
72951
25387
93213
26734
99440
90636
22849
22702
21764
13002
30349
85116
33119
62312
51341
45177
8683
43687
9574
47285
49192
39799
58155
65017
33888
90707
82555
62033
72128
24852
76458
48975
87782
23069
85183
19263
71085
294
79971
1044
73323
82610
79390
79207
59252
12969
12143
34688
73292
17069
12286
38660
4236
76635
34690
2070
209
8196
40832
1956
60083
96170
71979
23017
47009
37748
90114
15691
27364
56733
72102
99973
21094
45954
86509
58343
9563
63797
20737
13450
29970
41888
77158
28940
27229
15903
15683
98087
32626
70451
4060
20286
64703
92105
97978
43613
7108
70445
39915
7030
2005
29418
30322
14647
61865
40997
87239
76910
2410
62473
70106
16455
3318
45341
7718
82676
44807
91192
80568
43726
36121
72300
64997
4516
93449
25801
13640
78120
45429
20359
29859
73755
49635
89724
32839
10161
13916
45927
13785
59595
34270
22263
26489
50394
77644
30584
41453
28187
5217
73656
70694
80083
46320
99294
29655
28349
71784
75345
13461
78771
53955
23307
92830
76212
7546
19241
47720
5571
51914
92675
48314
70535
96631
45581
44021
95061
16764
53232
73363
34641
72652
22533
80591
91662
70155
6071
74803
78420
57396
38910
68593
68339
1253
59016
48705
56042
3908
91864
86150
81265
23941
36671
95929
25246
44718
3168
80557
5106
38005
37780
92717
24752
19148
86108
98852
38186
26963
46196
73348
83359
20834
46119
39446
6773
43072
44107
54993
65671
18046
60512
93866
43238
30312
50419
67694
97668
88536
86550
83274
13606
9602
80228
23521
68832
86235
74256
61401
34840
57389
92955
74516
71101
24975
10762
92503
40434
84706
28260
25394
57015
27535
58921
10876
8975
57278
11188
73590
85315
39198
1106
98729
2858
75732
41765
97205
2490
47155
75793
41121
44249
3388
79689
94163
36739
73011
37840
76288
99828
33727
56677
25569
56507
6338
7788
24754
45278
90231
47413
83790
72746
34168
22011
2469
44053
5581
70729
97211
32616
2610
39359
51015
21604
9072
70411
93882
59765
65640
86788
1704
15405
45275
29762
59837
38713
46129
41770
32160
25341
30457
98196
60982
75947
67370
13194
28708
12
44100
28427
4384
99551
43110
43434
7169
34664
31584
82304
75099
27785
81698
46295
96719
48245
67900
80297
88769
37817
88892
55966
7853
14925
98597
81262
64796
80303
33512
29810
2053
68851
66079
48329
95864
41291
57207
27828
86634
24901
44774
83335
31104
44201
72701
97070
446
67906
65786
12701
38691
50010
51166
92276
37211
59529
63568
21846
56979
88641
88302
54019
41840
80545
16703
31300
12222
71703
86069
29763
61322
45849
3880
25059
10986
82565
83077
80884
62303
33235
24121
47240
65510
5721
69951
39808
93009
37801
63101
52559
69577
90596
4876
12669
50888
70304
46924
44744
44695
7081
96367
38826
10770
29168
49574
42528
9936
65158
70453
18693
22116
7477
76656
97812
57897
33251
78487
2547
76428
89071
23903
27972
41833
31263
27188
18385
44524
33710
43197
96392
24641
4726
72349
39910
14148
27914
3082
17384
55148
75470
56469
77201
45710
53791
57694
14502
87579
16506
55893
93839
16056
21167
9324
67673
38207
14969
81199
84447
97232
67498
56947
49285
90189
74338
77572
13759
93459
42173
11587
43547
70942
35833
91584
60097
46897
86130
88376
44722
41314
427
48489
27021
96680
33940
44090
34191
45060
268
17670
1680
82551
41829
92337
98458
12622
1850
86425
22907
24671
29160
10553
36853
54925
73136
84087
79947
66908
13376
87787
61718
3280
60706
51680
58905
21066
65394
20759
24836
66493
14435
64446
84517
41040
14751
96086
86297
32159
31861
19703
30747
45084
28614
51540
12232
92436
47017
45055
46332
45025
38326
43675
89972
60283
97712
98576
97576
97565
23008
93749
2611
94758
36865
78948
58307
83564
79230
23022
30232
62445
2553
22448
20812
61479
65810
96938
21385
12508
4579
7686
49968
44390
43258
5830
46286
79185
64127
11562
8285
29218
96158
65699
14101
98071
2839
6263
66188
77521
65991
18942
71399
57424
498
37514
38514
23025
69953
99406
24669
21340
78569
26137
54574
16019
42347
46724
73647
1347
2255
203
49626
47942
50994
61889
54464
39338
48065
16217
80299
66628
85280
36128
50616
51235
9338
36619
53507
69254
91157
40402
58941
87238
41631
86714
81287
12340
36097
86691
20383
32772
78854
45689
41171
68327
96175
20178
38405
40945
37307
83935
68273
20978
39827
27794
53150
37808
37717
17663
67146
44531
17411
89950
81515
27705
63882
32925
45659
71318
75032
11522
88526
64635
22611
1890
74535
41805
29491
85594
39350
15480
30135
3842
77110
38848
45721
44551
21068
86811
70034
80190
2000
90677
80077
5027
40963
44660
90524
16710
42916
53780
33675
47494
94767
13594
99525
48477
84831
45235
50333
50535
15013
87324
71365
95055
98634
89512
11112
75171
38906
4683
39077
29588
71606
13860
32116
36731
8624
55385
81807
95734
77140
21699
58658
35201
47809
47376
94986
25181
5784
2523
81806
61235
83669
24214
48427
89685
13399
78840
93676
62532
95108
49057
20989
74081
89217
34703
72604
62804
44396
27199
19859
88867
15729
45079
59517
62783
50043
16387
71231
59807
57081
73372
20741
1133
14504
20907
46204
5317
35603
13088
83878
83837
85148
71256
75225
53168
48103
38105
84158
4607
43902
90465
60503
56083
13563
29636
68444
73803
63961
68030
61280
64621
47200
4889
42088
69856
35102
41621
61806
74849
52795
83594
75785
45975
62251
75286
68333
74437
62430
14940
61099
8128
22762
33974
17959
95924
30630
59804
19116
44462
11390
9622
36117
76849
2637
25238
41691
25942
75695
25134
52745
97531
29716
6524
56143
72309
14102
72359
17732
55217
25627
75301
23469
99308
3868
58912
23530
44694
93537
91452
96607
26299
5319
40606
91908
4100
20612
37232
49087
64094
93293
89163
57401
26600
41365
24926
75926
68422
11636
73063
34952
88636
38935
36623
44357
86212
53672
65910
56422
80462
76843
91782
6010
55305
22374
7530
61237
56048
2309
93256
91039
18907
62124
36073
10479
36764
34407
86620
98701
29472
20149
9344
89916
82456
81944
41315
87007
90867
41206
116
81725
83466
95944
38985
26364
51435
64167
77369
74304
55540
55987
97418
5940
14660
20095
80207
38719
26112
17534
59319
38788
45494
98820
73753
18482
41243
36131
7210
71144
82296
97891
28089
71631
98609
68695
25383
32641
40857
40791
75597
55434
6035
50363
13599
51470
852
38441
6287
14967
5380
70078
90292
28205
80623
66909
6525
47104
96874
56400
89188
25170
17230
14880
11307
96223
27994
95081
87343
56826
23501
60386
92634
52590
20097
5782
15180
44918
80890
16091
85504
99357
40056
18825
26152
30854
96771
47128
39562
50572
32464
52538
4423
96867
9524
94259
32304
24261
62484
74852
50766
91423
68817
664
26334
6928
97610
73330
24251
80685
95838
94051
86282
32982
81666
43457
35096
99056
49846
55789
71503
15763
35449
33543
42574
92132
55309
16546
68732
75047
12774
96171
86655
90112
13431
50847
86728
40328
99454
49929
15648
24834
14397
40412
87892
98753
98076
90280
50449
40151
65511
50096
44630
98818
21355
61902
493
33079
6783
71496
57742
12111
83265
33469
87249
9113
62089
73240
14052
96710
9506
91065
67889
36900
1927
14120
89277
20116
43643
15643
25790
82490
40185
73404
27450
44769
42773
3349
25344
56819
43272
36325
46582
15616
88863
91265
47697
21264
83791
4289
7747
1557
62118
72661
25900
19393
29479
84979
25816
73706
50638
38537
38277
67323
37425
58518
70522
32245
15716
94212
47407
12227
64984
31959
56013
22166
67112
67625
59854
18454
91789
11746
62382
96992
88745
54921
95626
17151
11442
18267
66747
75384
10994
61504
13585
26389
26914
33227
63019
34222
75312
76444
82006
22390
41648
4678
18660
335
56553
73811
19137
90035
87454
41423
44197
98688
2557
14984
50649
89596
53024
95053
78650
67520
58312
83947
78158
71788
48527
81183
58046
50818
15052
48357
94865
48151
35478
75041
15779
34305
27079
49417
37133
69526
19173
87231
69520
39330
1353
9406
76496
47601
37159
54317
91041
15485
66400
20173
25295
127
52513
37674
815
16367
36763
81690
3860
90081
36114
26138
88155
45806
34768
90998
53427
21400
78108
86049
18063
75108
86528
58031
71016
88482
8277
78136
51391
36495
77074
96205
74520
25185
90978
91504
170
82634
78189
85069
43319
86485
13278
85115
61995
50219
96407
6567
81114
29706
87633
58919
66475
21871
71821
36096
55460
84671
57343
83101
15247
46178
49056
15387
46569
94190
15439
16990
47894
42342
56629
36960
75289
24912
54488
77178
5284
39880
45384
12308
51061
87470
14479
37280
24127
14711
72377
96819
62051
196
10334
83435
13999
95779
1744
66637
91388
40850
82114
57034
78362
80662
8738
25329
16707
41755
36105
53210
76703
74154
20197
54427
627
25548
2591
80830
92380
73342
78909
79501
17436
86227
59940
59111
40243
17484
34666
85893
31090
947
53492
99216
29448
72968
44900
70936
80301
39707
96717
10731
47403
20179
52033
32493
44272
71937
76815
36677
20767
80347
14018
55923
41209
24744
48332
72677
15793
83161
37970
52394
57261
59283
10783
42408
27402
83987
39031
69089
49334
94712
49785
89692
35260
64752
40664
12926
52347
26518
73649
14792
16344
77798
59138
69870
69550
72314
18593
20821
94124
3216
66986
3219
60076
70771
25010
96747
25198
47042
64584
63363
42006
2087
37462
9666
76372
20452
47230
12600
98275
9627
75712
57713
60291
13060
3409
69406
75688
31053
88186
1571
29222
61611
53320
56181
71391
10182
42238
19066
84783
33527
47641
5748
30066
89380
54922
98263
85240
96306
22992
27638
40387
22345
79626
2274
24574
50442
96515
38762
82419
69265
95718
89150
29408
97942
37860
67760
44625
5021
51105
96098
66047
296
79048
40335
36082
77151
94910
7768
70242
74749
81463
23435
98245
73568
13270
26325
29819
15876
68026
33072
76172
67699
90295
64455
27178
6387
92695
64053
71924
71466
40778
56607
83181
73634
59510
49882
45144
54016
25352
80016
28363
2566
28099
12764
53246
50302
80799
1060
1839
85033
86525
80618
64588
47438
78675
48789
453
28013
31384
13094
97521
29654
28039
54255
97924
72886
44598
70263
75379
80336
45671
88068
55766
43647
22158
30165
19873
70101
60560
23543
94511
45617
88874
64999
34341
82558
41719
13190
83848
30655
17127
28649
66891
59953
74838
32818
91181
35070
3382
4214
48846
88276
85352
92099
1255
28355
56321
83310
7029
60424
69974
73341
51176
13590
58719
80689
6636
71486
81722
20903
9247
52952
57192
24237
88249
95607
11920
10797
42058
63768
28319
71816
75734
99252
64602
68366
55134
68428
11143
41405
60513
78284
9013
12118
61226
19067
58797
1404
71216
17837
3186
14553
8274
78891
91253
29671
66389
14804
98556
68270
64530
69927
68420
46978
54705
73934
27542
89355
87635
74500
71595
71903
69044
94976
6242
97850
60449
93883
94961
51590
78526
89019
94380
21534
93506
55223
64216
42520
42895
6416
8093
89061
58157
15758
53913
7363
33517
91059
80832
46251
83677
80314
69919
46034
88634
88593
39914
50963
19327
16304
58069
92815
93490
16329
83809
75191
26048
44489
93848
68142
14615
87656
57831
32054
77430
87203
9846
90929
11271
51900
90026
14893
69193
65626
17446
3160
44758
84711
44296
94531
50388
8802
85828
90301
6560
8038
83757
67631
88210
27148
76823
74833
61888
21369
20793
85016
45685
92
24077
80023
59169
74363
14280
77316
61281
83871
18411
70256
72081
13775
48827
53108
84473
43731
23186
6619
19032
21439
79941
82266
39195
64569
7092
45482
86577
64159
28306
57725
87951
99143
53822
26156
63991
19439
38177
49874
47797
22629
16372
83817
15762
5527
70737
53887
84932
28559
31427
90679
33744
87865
32648
84865
22018
51581
81409
76869
98393
35817
75878
2512
788
70301
88428
41460
27524
88094
20018
96167
2206
28120
40327
27416
64449
62455
31628
19094
66100
65099
14585
64657
28528
63778
28737
97121
25220
42274
1218
55632
80173
21765
62632
29943
76736
14884
88829
50174
29465
50703
84949
60340
68008
51823
65882
86322
20430
33391
10605
48362
26987
40692
79053
93739
11690
57498
50979
17423
45548
49987
70579
20724
26420
90775
41187
56414
69188
76348
50055
83176
66301
72221
88592
3399
3768
83772
63045
86745
54235
49661
14419
1464
41487
47624
77769
66272
86936
74539
23685
2736
49881
19696
98760
4778
15653
40135
32808
94160
22770
15988
79168
96473
42603
71454
77531
87030
32571
48582
49672
54319
73547
86844
21910
16101
42557
47400
91005
13982
68258
41949
62907
88256
22774
16138
48979
11247
55293
34132
19811
92531
39887
2127
96826
902
78501
88972
9782
15084
11444
83719
7249
39863
71071
74698
36165
9205
57878
34193
7653
119
32468
71761
66513
23656
76674
28829
4144
3740
37794
2740
58713
48607
34713
81765
61270
22053
90575
75567
42493
45505
30518
56984
84886
91750
40581
16553
90221
27439
28022
17056
40853
46348
46341
13039
14784
55562
94437
19944
80713
5970
86204
13284
90587
72720
93528
25666
40999
94048
4094
53713
94729
90497
12301
2072
85330
63276
85192
42798
52751
14948
82779
53657
34211
91060
12233
26060
72621
57435
48438
18548
45932
64860
26023
17505
30481
2033
64845
63282
63405
65913
4946
91167
87606
66901
13229
30475
9385
43323
3253
73186
25806
10420
59057
97443
9705
64173
1277
88246
97838
89030
24305
80214
57371
48272
21358
79974
20993
21720
92403
4926
11224
3595
74681
98637
77680
68311
41771
29186
35808
65411
45445
89371
73738
3245
98532
81946
58554
91705
9901
64046
86884
26234
96521
74156
21738
77720
57467
90396
24797
68372
62749
55678
28310
16771
94228
30779
46947
16988
35319
93032
45771
45381
84705
93625
3206
83459
36187
7877
32877
87104
71610
12696
55505
18821
9407
87056
55006
70752
18820
41979
98755
12908
42221
82340
60849
2001
29663
63935
62502
20232
83732
11833
6905
73763
31840
95708
78739
10947
41886
10517
19791
28546
65035
22538
16189
42029
17291
76480
62671
25471
62880
97331
46811
99325
53025
60659
90489
92613
84520
76517
86357
68594
15746
6157
54096
19517
37209
91618
69523
22800
44870
72476
76958
85524
33801
12160
83428
14597
57580
27533
16308
26859
64775
78107
56973
65997
50495
30050
8968
38031
45355
54938
83063
51448
85688
77978
13076
89953
15860
3324
40921
78778
62888
72215
94971
71646
42092
70112
75990
55854
48001
84940
79249
83712
32537
70192
75309
88097
86434
26658
47936
24148
24092
69101
19097
85648
32416
60241
87531
92643
17744
54750
91571
44649
35436
90598
53569
23406
44409
33970
20010
87305
15929
79074
15505
17020
37493
16111
91686
21624
35684
50793
97829
12132
48679
42011
60885
5019
29572
29901
36240
9799
76143
97857
89104
80736
78665
33726
57489
29831
33182
12033
6608
10710
13960
71227
25255
60144
71838
15866
27771
26277
75070
56499
95912
45226
45316
55902
8609
826
48356
50786
7542
45165
65746
47477
82546
6418
12906
42479
22391
17323
94841
62193
43658
12677
46841
12210
70893
3094
66269
66900
35945
92264
54886
4959
34827
95678
87124
47755
47111
87286
74127
21884
16232
64181
19096
35791
1687
45667
87089
35406
48070
5750
23280
50720
17706
8732
49628
96780
17526
59402
13119
93590
37460
20833
2272
32018
52631
4371
48924
45439
98787
4739
99390
40206
16276
32856
73619
52242
26811
60965
63251
20415
94183
28257
37074
68682
78389
81924
24922
75974
99242
68895
7204
45770
14696
89985
64336
84551
5237
91411
53184
70873
91586
75503
39898
74641
23111
97309
82665
14768
61799
96475
63493
89214
25761
29519
82239
5701
51164
81168
39773
80721
82569
31122
1952
31037
98752
54672
71440
62691
83221
13133
99488
30413
26558
23266
58011
29673
77863
76053
84371
94334
49248
60562
21002
26773
80529
96831
6694
6657
9463
86200
76975
51063
30286
15197
56865
89200
95432
81312
52467
95673
66216
11868
59884
29979
97991
19677
64817
72227
36755
69678
98726
41172
52572
42664
81949
46704
65441
97437
85158
55765
21335
93175
73127
30203
81987
59084
99638
25534
54403
50797
5658
99268
75976
29177
2575
66816
87827
94040
28337
29438
10601
52076
18010
3207
45859
15586
27051
4340
56394
68314
50864
57608
30426
19186
43578
80351
35090
3151
46215
88113
8600
4110
81362
38297
88310
88116
40165
93963
47606
1026
23822
20881
54453
79482
73752
90620
30683
17829
15066
21851
69438
69359
50405
49717
39620
73041
8649
32180
51722
87085
91583
33158
34074
91667
78694
5965
46742
89658
79322
9912
21776
65811
564
59463
72643
8256
94803
71926
41046
98714
51002
34364
97659
56009
22604
17688
20922
98890
45348
49939
49249
43961
90041
75652
74744
78883
30632
94133
40496
54129
92414
28693
26308
6105
58142
46382
7965
47669
64609
56533
22460
20890
72118
77333
94826
24243
41700
7991
84085
61430
47774
16845
96347
8935
93217
38022
59070
23224
99111
65429
96787
91818
95682
35563
20718
6943
95686
71767
66077
7
35932
54556
59897
16856
75115
61191
76158
43499
33407
27826
98070
46589
18271
40693
58986
88687
74867
11463
53576
26369
24257
39012
33928
38071
68332
40555
33649
22133
67762
1345
10505
22890
52616
12021
40800
31485
43592
28678
64833
61828
81028
52064
50170
30363
3934
25907
26564
37377
36387
39973
12025
17677
28638
34326
55249
32492
15261
40984
25626
79318
94526
83451
52103
70901
69388
16049
7657
74125
4322
89025
1621
97967
25625
90848
4455
24370
64472
21625
93304
60747
6382
53482
33697
76184
35474
21854
32134
96839
67758
43122
25901
34167
54379
64690
87202
88722
48106
24032
35028
28944
34905
26253
3262
50354
78897
8840
37041
40556
87843
79983
56506
33931
68409
68090
81798
11281
5853
88098
27015
70117
60218
99591
43342
87860
11171
53114
31080
32039
29180
54692
8908
23706
48805
80018
54848
95569
97263
43398
44849
49917
49666
86045
49883
80101
41217
57014
91856
43277
69344
288
88124
98683
65227
18103
73894
17445
28922
35656
1356
69267
64342
93020
37525
63348
95663
32889
19667
69051
40970
11945
34419
48256
81528
83925
11665
57341
22114
79854
33395
55022
57410
20635
72291
38798
95375
24384
98210
90726
32958
88563
79948
10992
28190
86694
12468
95917
2075
19714
99523
32960
96894
34785
64511
1193
30244
13397
54346
89386
47372
63160
91275
29463
15478
92902
64923
31296
81610
98776
94371
33606
42495
12937
88533
46441
66661
88139
91503
42631
83368
99120
7359
39556
82651
98607
32156
38280
16777
21572
51410
44864
29989
36078
39218
60607
38913
1938
83291
1703
15477
34294
83527
47378
63611
10283
98090
71522
54463
46768
21922
13077
59113
21631
42024
25952
18189
82191
10641
42365
34043
34027
19213
64410
28906
76239
62359
68021
73122
39851
48887
83301
63410
43477
43927
54991
62025
70833
57235
57411
41283
30830
17679
6290
34937
90037
91656
17580
97693
27735
2104
45897
21173
88978
16596
261
78836
5276
72940
25359
76293
23698
14500
53066
7848
91741
27269
9093
94344
51009
16585
13472
33557
9581
65657
84890
17077
9576
55161
12636
8219
13626
33965
94908
94783
10548
96527
87963
14427
14753
76056
92887
11438
13610
90875
6704
56704
49454
13617
86689
13902
41434
59752
97413
66239
69376
15051
66369
66156
16335
23361
3806
94331
29824
97869
42913
26738
94580
65141
95292
86107
80020
46360
1696
2597
66519
38252
61740
88051
2747
11607
65659
17585
54401
49270
73428
26961
80043
24346
73129
86622
23758
5714
32470
17556
58120
47354
76732
28698
15822
6108
57144
87220
53053
55626
26940
75247
53473
41044
20559
44922
65259
94666
68805
5041
73932
72795
28824
26633
83461
57968
97255
94851
93955
30353
13081
40488
28414
39213
36837
86625
98181
11753
81510
4669
12619
12359
58009
26637
3425
77880
29929
20483
47432
78206
54958
78837
8369
17170
9275
17120
6299
7336
40248
68683
29693
4511
27455
37184
30541
26522
16811
79573
47855
89313
47582
40288
57280
71862
67149
364
36540
96565
58928
89421
72532
55494
87755
78863
19034
25718
68281
2343
20633
78211
86997
55013
97488
17575
86480
76659
62136
17413
76426
31509
37515
82062
30911
73948
255
49581
82593
9183
25793
21975
19799
20226
41818
20524
73185
14755
81651
83236
3132
85186
65337
63388
92905
17790
57353
33716
9272
28729
8212
14074
84343
40616
68583
81138
43925
7573
35314
35218
93667
97462
57119
77228
41666
46065
32095
50505
21270
28282
75461
32792
75941
19577
19836
69654
31851
55072
76650
83053
87966
29916
53901
90034
35788
22433
20522
16102
74719
75953
73373
79479
26448
5157
81575
7430
11398
70795
49276
76663
5144
8821
96821
40429
36904
8862
9266
14315
68781
44792
98130
33705
7789
65016
17838
75749
38607
62494
32798
45335
79212
31378
32465
76361
17381
14333
23214
50770
18766
2648
73652
22988
84292
64050
80309
25141
48495
2534
50457
27120
78298
72708
84659
34389
89893
66921
62417
42128
76916
62769
33736
58403
94508
17202
9289
77267
24028
79781
48907
92258
48413
80567
39299
98632
17819
98754
56567
53409
55050
4625
6048
4543
25808
71980
87798
92485
64214
90399
716
18805
5955
8564
69399
65196
48440
58705
15783
14823
79200
18620
64940
41092
64122
96002
9459
36254
33912
58030
89165
2387
75441
2507
12299
41803
32895
92725
17656
19281
76474
60627
17948
2241
2517
27792
99058
20058
28338
17900
33866
5998
43224
88671
57057
61546
93797
70589
91396
10230
49294
4495
26587
41428
9612
5594
44512
9983
90582
12692
38757
70054
78782
29270
76417
88219
83432
29695
22302
87476
37098
74246
89925
31483
80066
75689
32702
79197
84599
38583
47271
30618
41116
57056
36989
63951
66484
50801
33978
92435
21058
79011
37838
63974
77048
60464
22704
33173
48119
70275
28884
9193
31552
20784
50240
42176
27171
1654
96614
26121
2632
11175
62735
66934
43330
19832
23459
54472
4818
47180
61615
32213
12752
2959
88568
1223
66410
19446
53335
92951
35943
86900
79417
25135
76935
56942
22673
72590
67403
15373
43289
86731
2298
67272
56845
86175
21282
88162
53305
50105
30458
29298
6780
61877
60629
54252
98060
96254
25080
66447
7583
59946
18467
95212
990
55592
76571
71236
5995
70067
27258
91940
86351
61791
7978
30713
73688
45043
9107
2473
18782
34012
29666
60151
3719
83856
68148
68650
60666
90722
58796
21900
39969
48014
11046
3175
19587
39885
10133
62226
56352
5267
88044
98064
96156
44778
24484
14107
81503
5043
88287
95823
28482
19814
88234
4715
26955
54130
49230
61927
79425
41455
62483
67524
27498
25685
88504
42621
45937
8450
86618
53691
15166
33228
36158
9922
44786
48309
59328
37867
70721
47131
28978
73809
84957
75161
95743
8928
92296
59296
18061
33437
76304
25653
98518
66579
65768
89205
55582
86651
88043
24782
34005
78115
80035
96107
75495
65748
43853
52409
75540
55883
10526
18293
45624
3011
38819
83927
31953
75537
25962
63662
98523
78547
15001
19438
17019
24943
95369
54361
37220
20610
98266
70032
62900
63356
40709
66147
56408
11533
71740
88406
49301
48918
23576
56409
45356
56135
13539
72322
22818
78365
67350
16428
27387
64990
66977
96293
94516
79283
5588
69595
74138
30833
83603
60595
4004
68690
5392
98783
27077
6180
57417
44607
86820
81912
30588
66421
29473
58867
66198
90574
27216
76756
69052
11721
28703
92832
2750
65355
32458
29371
778
84603
77716
14625
21078
33900
56546
38157
974
28714
95160
36655
62527
83079
97534
35003
33127
49557
70417
3801
63156
29488
69014
15500
66038
55956
22307
15671
57879
63862
79814
10103
88062
1490
70838
18405
20760
57541
79931
73430
93357
74064
95861
45257
28164
66740
50640
42060
31634
41220
98502
31631
73497
14506
70386
96806
71296
48804
63302
65121
54058
55517
40510
86769
14913
33432
2684
59920
49069
46446
35693
72991
92492
33203
10145
52308
75937
40228
18035
88527
77593
12844
93006
86263
66325
21132
85108
41
16081
23385
82869
56183
49036
64504
57676
86866
50544
29884
78220
9786
47975
29689
75034
80355
50091
18305
37123
65946
73046
80633
89490
67860
14777
67052
4583
26673
48659
49806
51222
68517
89763
36972
25660
43951
86845
88885
7354
31884
24393
55373
75090
63712
53290
78653
12273
40487
53862
440
85149
84921
6106
78968
7032
23908
76324
99225
83589
78449
78095
35226
49485
72191
6292
92755
84061
3254
69601
12767
6458
33919
47452
47368
86004
6535
57663
26800
37931
89728
71969
61309
15819
33979
54030
75437
23922
14603
84628
51676
56342
99262
1643
17669
7727
56667
72842
94181
54703
18259
22215
20186
46079
8520
67316
2097
40254
26865
50397
49692
91376
986
1622
22994
53684
83679
13069
38012
55557
89870
69741
37242
73583
47232
21591
36359
45371
36266
93038
31366
92728
76291
95867
55948
12715
48396
33118
7365
36314
89082
54789
69642
87664
49152
99648
89337
78707
22435
71563
43327
71069
91629
22400
83375
23330
52553
70648
6922
47621
8511
22154
49473
85257
91297
29838
86122
62135
49797
647
35596
72430
62967
53245
29238
38491
2382
84383
90701
76462
80270
36372
88165
67009
22806
67324
71543
35925
58174
53586
4870
51480
13661
39066
11421
68439
80997
2197
20354
76081
42897
2833
59550
82307
59192
46928
17493
28157
34264
10695
37984
66604
57357
51639
44861
5448
86144
59249
73313
47306
94030
77942
80729
45955
27287
5004
25572
46906
82429
30667
52582
41225
13010
43828
28375
71520
24856
87435
69009
41963
62818
41850
31344
33245
11107
54752
54415
15345
41050
56382
39390
7031
39688
18133
37551
22759
5764
42890
1912
39069
36636
39034
73135
90067
73768
89204
27800
33530
81519
32284
41655
30405
2216
4557
30724
41029
6995
65434
80964
29421
32618
25148
40194
46159
76720
91386
64432
67255
44603
67710
54875
52765
93793
2499
81076
21842
13589
50547
23844
94503
19643
25415
46770
86236
58665
18004
79770
55047
45255
88226
61957
66883
90242
18631
21584
95973
14821
42934
69488
32149
57901
26569
35113
88852
67174
72190
26141
63189
4950
84025
54590
45021
26920
70979
73137
20393
39729
27902
84296
9750
94125
4148
66733
92569
65174
72351
77830
3864
23866
89528
89758
64359
92097
73554
39362
16565
82061
98802
87692
60929
56917
3881
43922
30099
80696
50820
34472
18390
83960
88295
58733
71468
39146
41749
44547
65874
19570
68837
13532
28072
40097
47648
28078
43528
4922
44422
23648
57510
86238
97959
849
90110
85179
85743
92018
90152
86853
22048
69115
72676
81683
99725
57162
90386
45732
4711
75713
42497
77994
33644
48087
83976
23497
1441
12550
34446
14470
499
7535
29712
23896
89224
81169
16260
51619
69249
54826
79708
67162
33960
86803
51297
9464
36976
16909
22237
5513
73287
93433
87386
16930
40880
39233
40054
3793
91257
95157
27452
30361
38672
32539
2915
18400
74347
35717
16544
36625
15875
7200
38139
95344
41596
62614
12234
46352
63592
27611
6116
40625
77746
51754
72250
24306
2719
52901
68299
22115
72408
27637
78322
88059
22986
98431
21008
40944
33474
75046
4113
63059
37347
54650
77215
38471
1141
2045
31009
22656
33451
75893
52117
51315
99062
37603
34225
55759
71593
83108
11799
21675
22088
30977
93412
99805
37761
62152
24451
59338
17334
39149
62432
42920
63184
55358
61203
83342
61341
39571
76200
29345
93686
4136
71685
86535
31658
62073
61687
35413
27921
76602
93666
67863
52231
90703
15979
27321
93389
25027
49088
15805
21691
95780
51719
91811
26561
97007
46208
73912
71183
10276
37309
84242
39889
68210
23268
82013
99439
76038
84480
77773
81589
81793
59071
74018
30103
50832
27726
63271
25559
21279
56426
19899
65136
62376
3036
30502
11077
50365
58715
37550
63602
33445
28416
96193
49264
62707
51499
93148
9588
84398
86482
31386
65557
56781
25981
33609
72143
38730
78166
97923
22197
93363
97840
93404
38807
49274
48287
85304
73306
57286
69796
28730
29221
63672
24291
18831
65753
7422
10700
91633
82895
83322
73187
46775
28856
10965
55945
78406
87712
85298
82112
22873
35321
36430
6018
55317
53443
46549
45354
68055
70789
75082
25016
23934
49359
94066
10518
79867
5352
1215
58698
8276
82373
18559
88772
85044
49920
30536
96593
3511
66601
41331
12255
1657
94014
24828
31949
19005
6355
52519
75720
68156
4380
79489
86251
17177
16385
32427
69548
51034
95260
23425
38158
29104
4083
51072
38699
71530
19666
53711
16380
62523
36892
31467
85818
84936
503
38519
32637
58359
7522
91021
32078
4587
9123
35433
57317
84431
81299
78763
12492
6968
64989
65564
1261
73919
36794
79419
47474
34335
60377
60948
35748
31777
77751
69571
78315
32208
18183
6980
16067
41336
2579
13341
21874
47549
44264
73630
93701
21994
81416
52588
63918
45188
23437
15895
26710
94087
16881
93036
90211
12618
14295
28385
28794
57973
97184
67513
79516
49299
63238
54436
81703
48422
4020
68789
13216
17050
22489
95795
69610
29537
80573
32029
297
62537
65476
40423
62773
24789
29285
52300
12087
47283
43966
46443
85950
80029
70955
13994
89819
59202
34594
54329
87609
76031
10693
65415
45650
34520
4774
7078
49495
99045
96679
57868
5328
91774
44819
37889
51310
63545
21731
97502
84868
11706
80282
99396
85867
4681
82288
51702
66958
71708
41813
72803
76236
65622
80209
43188
99679
78250
83102
95185
20158
12055
15361
2974
83693
21424
31667
60048
84291
70628
9913
24518
79622
20660
74784
99603
54182
37421
82422
4596
91525
99645
77939
50798
89040
85625
26343
18764
27474
48107
42594
13394
47194
32635
99940
8120
18734
3479
87800
73196
63521
54780
53629
34121
41624
89671
62020
283
20798
69549
46803
75730
91087
85601
92647
17290
19856
96042
72463
93865
44319
63424
73030
37042
3351
57724
86304
53664
952
60019
5759
93721
18033
77778
28508
50482
52285
13873
82187
9376
15076
45199
34568
12182
61244
76824
34848
85422
10894
1641
83780
55715
33652
10822
12063
52671
12028
49287
84832
61866
70102
7483
62876
32840
78465
78404
79899
86942
97990
76029
85105
27649
63162
52567
35531
43450
510
49849
43334
15053
86023
20902
34587
62094
65359
69963
97244
13315
82945
75508
66473
34080
10658
53175
73499
92656
52738
58188
25690
58947
38961
41016
3220
84326
54998
65585
42456
32972
86559
24649
960
70785
17753
22732
50015
9668
33634
95726
95609
97772
14858
87067
28480
7015
21468
44583
97640
9653
80198
50570
72689
2385
74113
14168
94730
3890
30516
13777
40936
30870
12551
67859
32735
54216
98080
94028
54198
59724
12816
69636
67420
66347
88331
57681
83344
79109
24815
85807
49438
14298
27668
22126
78018
7892
17757
64024
1243
73005
29566
97639
57495
19451
94901
59703
12931
46161
80584
44616
41816
63582
87547
75426
35435
22960
67764
79122
55244
68044
28668
45416
48791
19494
39445
6603
46718
65208
89265
10458
86975
86547
17934
34054
80482
78114
79772
12945
28526
61361
61438
94144
12731
87498
70265
8354
83590
38612
32336
38502
33041
68951
30034
28743
19201
82536
85995
41140
84133
78932
85278
31190
45509
41776
48610
35274
88740
63203
48453
55241
40201
12376
48632
59196
75294
99734
50608
99485
31507
89595
76320
84336
19830
40050
76352
23622
58783
85003
42391
59656
94975
61707
80201
83452
68549
2485
12765
31246
78555
40723
55169
64574
94570
36354
60485
95828
63585
61086
6680
64946
79523
66297
78142
64871
79658
19598
82745
13226
3454
75055
71688
41954
98522
54796
97935
27743
60845
42107
87457
14341
54756
12470
86448
10782
9871
74895
44229
31056
19125
71349
70617
77502
29195
12535
33568
47890
16236
12023
93650
4974
84636
78062
37698
9364
71984
3540
4343
58582
87069
28333
28197
58302
94292
65393
74007
77598
95887
63880
36218
61275
99510
45530
77304
75509
14536
21588
57876
14564
11934
37228
86564
13191
60257
27796
78162
28776
19975
63638
84175
55273
62280
20503
8657
86067
48859
6557
82213
15931
93008
78282
70858
19224
90994
73668
75669
93344
7521
82942
81442
55455
54375
55319
71138
30763
4868
68575
13381
67128
34642
55591
44566
93633
84317
7134
87674
23344
56651
14703
10137
13110
72802
21003
7783
21092
81443
77587
51099
83193
36446
1416
59117
51841
60212
53476
97971
18079
78253
3893
94013
82687
57298
49651
99970
15952
76033
24606
64381
60216
22756
77688
97350
16383
59921
77314
6731
95950
17711
34857
2723
24604
82604
14657
16744
77713
59157
86081
40338
10793
29039
3336
73280
67410
68857
28939
10441
92095
49658
25398
21062
20746
47096
64254
30701
38701
85806
55829
16677
89364
56443
56195
78946
76383
68816
80142
82638
79667
90860
46455
12634
66291
47115
39916
71828
5835
35147
23567
24069
10761
84440
38868
14414
96368
3689
62297
31060
88845
10313
70044
92645
11404
64716
39737
82589
74624
46310
15445
40720
50822
64124
37430
23587
83263
35686
56303
68054
12841
54879
75092
62772
82315
91472
77426
7052
54702
2664
12851
25453
12198
88790
57702
99231
9171
16305
93620
62276
54368
42130
75633
78729
31672
51221
97297
68190
62304
22
25018
58215
44552
9216
40121
4517
29587
93930
39175
34292
38636
69962
57447
8789
8125
97406
57524
28712
27666
16517
37594
85505
49335
49288
62006
62738
15520
71538
63771
68451
22588
18967
68191
13863
71028
78893
90329
6281
96936
33303
15526
53669
91972
57569
71161
33815
80874
26704
44157
26104
64697
61782
89657
32205
29598
43096
87682
75176
28673
83023
10924
28689
69426
84944
51574
50420
45201
94355
19630
7021
59320
95219
28214
75962
98027
35183
90210
8776
51184
59478
8614
6149
61701
47123
31607
60533
87834
14976
1895
93521
32373
86877
77277
39068
54932
81329
60064
66342
89800
99160
76048
77692
83621
21944
30277
17349
80648
48947
63844
91464
32906
69379
92604
87996
2265
19520
53319
16609
42172
83314
4886
4540
69697
17939
7608
12306
66157
54898
48758
84689
40570
81263
99297
71316
74398
50525
92820
70096
30626
13158
35311
39876
97306
53138
48927
79383
75920
28059
94012
87194
73459
89332
44518
84063
55712
10074
62070
32221
56872
92987
14922
95800
57098
45747
59519
99791
36849
15981
69256
71683
28140
95573
49453
89804
58286
94756
10469
35921
61621
96769
93924
81483
23290
16770
55055
28642
62035
31887
15853
24183
80052
6850
86302
55219
18277
26742
46765
10191
32378
16084
68408
97375
17659
36456
63293
95189
86983
47052
88660
21387
70967
77205
31431
41625
67601
87037
30720
1755
84275
84302
3020
48455
58085
6749
8241
72444
83423
33772
96516
60186
69729
87775
22289
34215
44879
6875
34589
55783
44101
2217
5057
82190
84654
88506
11151
35150
16683
14172
15889
21172
68976
4772
13037
16916
62940
72816
1530
16054
55972
35977
10065
38403
68113
46921
60275
57590
85529
49911
55097
15121
53099
49061
38183
69306
49796
34140
84140
22850
29481
20535
87808
36062
21643
26388
63873
25703
81193
40687
70624
73450
71478
46462
13540
86006
37442
42744
32224
81579
75226
75261
17270
88971
50518
95345
55036
80445
10262
54244
47778
7201
58227
7188
67108
91364
68744
88340
39777
94037
58036
99178
71674
23539
95052
63467
91634
65666
85872
19350
580
86271
75963
29273
82705
28079
46572
77278
45179
36660
64781
63711
43269
53411
4649
9570
70970
626
51209
82635
5907
49695
81493
52660
74555
60843
60918
30600
88755
22228
68793
54335
81509
9841
44950
19434
5739
59778
15418
81047
71335
34028
31501
34622
97716
95666
39127
81737
15082
60035
2161
59671
82988
96208
43968
59858
55693
6070
88191
44657
26872
1130
20933
39842
66683
1576
26671
64343
62444
24481
57256
23256
14054
48321
83004
99461
31985
35353
40287
80776
37310
36595
98427
19145
8071
54874
51259
21502
5287
31318
72796
41371
15941
85549
93949
55121
55466
55171
11641
63504
55889
11856
33594
68287
52744
9350
42016
76270
79584
81118
55787
80015
83716
74365
211
9242
23735
68027
68145
31255
33957
32324
51141
43485
24525
2889
80677
49650
61539
66414
75794
9354
10053
91968
64776
91875
12277
16974
94167
65466
3743
52517
9840
18241
51162
82199
83259
17850
86987
51156
47713
83184
29699
59472
45107
58446
14180
35251
34522
42614
45736
68949
43957
18279
50589
48919
32549
88370
90648
30001
54364
6181
20139
68362
56304
51201
10538
50971
72243
4657
81438
3832
42210
33051
38409
78314
25586
95084
59859
13145
43392
37497
27627
29432
46808
90983
8202
16795
90151
60738
2090
18927
60935
74865
693
79590
77899
63948
33977
27718
28471
92983
51111
43284
23253
562
11353
55457
85104
44911
73915
62056
51198
74931
80530
50932
36578
32784
50804
37852
15656
14789
57363
54691
12527
30898
66618
51406
18281
89249
15056
72137
64421
13458
59770
5153
58556
3435
63779
81115
90038
46020
89980
8613
91823
56595
42752
59713
34686
80130
80160
68197
72448
68386
24634
76902
78339
41177
78008
5615
1930
54424
90008
71765
33375
57135
37945
44477
18244
58033
98603
4198
95980
60149
63900
98538
1070
52813
78194
7701
25299
4193
55998
64865
99745
68770
59445
74605
35938
89745
28837
92368
53718
30168
15349
44823
68275
86907
26583
28539
88171
90767
57662
27640
46752
95302
73869
87527
38811
40749
98202
24140
14357
30654
35838
37190
74846
37203
44662
49428
75304
77142
18247
18181
87047
27381
42666
71885
75850
5974
85059
48046
85816
49949
90899
11839
89047
31010
95674
2829
25914
4006
66123
70446
33799
22682
60762
55258
98882
5132
49520
12554
90897
9437
72295
27352
74478
94954
6060
10448
95848
40576
94838
76913
27304
38858
97266
21130
41163
3484
35412
15437
90882
68084
30254
64546
10049
92255
45171
48569
31219
64078
58284
1601
31371
557
63003
65120
64288
12943
79385
74707
89778
49363
80492
47030
780
73564
79728
26199
92046
78173
21992
49146
88672
72760
40710
36791
60261
82051
72367
18664
75485
20556
18200
64938
79131
854
51851
27891
68992
41870
51436
75314
28864
13334
79646
66660
75285
82317
31503
6900
57621
63380
8843
21760
8397
66512
69875
87467
40388
99486
81950
5234
19783
63796
47514
70588
79553
7513
23199
40988
31630
89622
34457
19515
34100
88678
33583
42812
85689
49530
2642
89686
88024
74515
52911
16213
82836
81495
18915
14344
20042
51031
65220
12743
11932
5973
81056
61885
91715
90539
10878
66037
21716
79870
38056
40198
96474
19497
83620
45106
11847
80590
71012
60583
67181
45207
83357
72882
71262
59431
76432
70853
31754
35594
30041
59962
31487
19358
88398
83154
17928
33415
69721
33353
14722
79751
96508
22714
19410
34444
34549
71998
62249
92042
37751
55844
3915
64129
56544
88214
53860
97966
44903
87114
23591
63474
21893
91717
5932
81582
92058
17705
7816
2501
11022
65203
77919
67766
23333
11707
19759
84369
27724
46365
43001
93818
11325
69788
65245
74498
13459
1873
34745
81852
96242
76676
63013
11414
3874
22916
93306
85449
57549
24626
26294
11862
62377
24731
98411
27969
20050
3797
43255
75528
87707
62175
68461
36533
41690
99532
1006
72044
26185
67321
98206
39460
14111
36838
70128
4359
64810
94563
143
46464
66099
91409
24780
52649
75295
18802
16864
53820
50387
69798
62198
69111
33904
64290
2892
62850
6649
89314
24992
42885
20966
7649
8294
74544
14995
76840
54775
9595
51189
43552
94561
99989
33168
12810
77416
63477
2700
40746
44239
52029
97595
48045
57458
12553
84522
47292
82941
68840
74385
99046
80973
91969
34456
22747
87002
31650
13844
2586
26693
29100
99154
48082
42020
66335
36451
42793
52899
14588
61158
81149
68005
60822
71173
75287
52305
36465
17237
21906
5914
93372
37079
12698
32323
7254
49410
90255
47731
69234
70977
74904
96585
64399
97911
78444
47816
3087
59631
88362
17288
64188
80363
97086
8694
95685
57833
43241
22961
72916
52373
64142
23882
7949
54279
97851
24557
82028
31786
81344
16471
20853
66381
95163
39507
35859
45097
9234
73246
75855
67187
86243
93222
33155
44685
89058
85930
60847
96525
76105
88185
3319
61091
63008
46565
7708
95622
95393
7105
39595
28224
56936
85314
20668
32706
88294
36503
38088
93153
65837
27615
51813
34810
27362
57900
21484
38889
79159
27614
23012
20819
25526
88528
50735
65417
76998
90629
60901
22138
47383
83851
24854
22827
4087
62609
57413
8351
95151
8558
16265
55398
88683
24133
12612
90663
98690
2567
6298
70545
69861
23032
32472
44481
50494
83950
48985
75394
35620
28790
15912
45468
43142
19390
57687
17296
49016
87412
13884
23460
80104
41409
31986
18073
13571
18713
33361
7231
85049
83225
7777
55164
74400
86151
49331
61463
87
72186
71989
9370
15416
93107
39930
51230
95770
10296
45092
44923
63428
22888
29323
30649
67337
32479
29038
95966
19767
56529
77796
15165
74837
35724
9501
88134
27335
71945
3529
72296
4575
97447
84804
46324
49564
6792
54069
42382
18199
38959
53639
34867
57107
2614
14840
88424
63952
28655
93265
94184
35651
48750
24560
20945
76551
7038
86605
84923
94710
13283
51300
90623
24569
5929
24916
60250
77467
73832
37611
71652
47543
8522
27919
88403
11125
28469
24661
36942
71280
48492
95754
19447
53481
42192
3904
89466
31194
73095
78627
96567
33137
38446
19404
70923
27468
97578
99451
81600
65487
40107
76694
37708
98180
13891
97759
4117
9411
50627
8530
18721
3395
7400
72559
55152
44785
13014
6363
2398
44121
15565
97977
47977
91556
10372
14197
17002
51630
71283
82392
56741
53195
14720
96411
53823
9279
94650
50205
40060
63834
57669
66693
14009
20420
63125
50826
30082
90405
7369
29560
20932
27203
76565
46334
40991
8721
49150
9582
51715
18865
52633
73354
86300
47190
7414
20310
73370
70863
17341
69735
64237
24288
36864
24302
70329
24531
55896
46019
91517
11255
71143
17191
52272
49497
18007
55601
21823
9201
23955
63100
39205
66104
29551
39289
72436
77043
41202
23261
5734
32415
65104
96518
19869
73750
12918
16285
30129
47596
5321
75816
97253
54636
85579
27907
67398
67525
87734
87729
93103
56000
8653
68936
50602
75501
49837
92617
3589
58430
95538
53294
5146
89226
97465
63248
82238
13942
5207
53790
92493
62914
65182
39787
78056
91962
62338
17386
11770
11697
97797
29211
67252
10195
63465
86025
74796
37068
4839
25209
76401
90577
77677
79844
57388
20037
82391
15720
80452
87651
1369
81630
32926
74607
81695
74885
83668
59195
87360
70643
45401
35265
8651
5235
23778
76587
53095
93918
35440
47385
19041
63946
67626
1607
75496
74207
35075
33565
80535
24109
75788
13339
95972
64123
4252
14488
38532
96940
3335
36023
95594
51523
94140
60413
29982
83920
82964
78360
86843
40283
54968
36874
25789
78455
34367
63438
55352
78233
24227
17488
3155
7067
38104
44120
60403
39832
66083
93226
1840
18290
32402
45553
59105
17087
20301
29172
55475
64750
95196
6662
35465
82795
16377
19602
63245
66343
7574
9367
78425
46517
25840
64151
11048
97235
34903
97569
26333
99675
39138
92060
62557
30771
48522
63364
70939
49965
9451
23772
87144
91079
61586
85609
41393
55685
35660
68052
11780
65160
29589
87109
44253
55340
46756
26655
25411
47035
86121
7692
17431
40027
3577
8332
2551
23245
95977
19339
38560
10085
51172
50678
80264
10853
54866
89220
13936
25741
12873
55576
10279
35101
36815
11914
57567
80952
55850
53048
16396
27774
30296
96995
52451
78851
78021
47051
63850
60800
19408
89031
81378
8838
98974
33632
8336
8770
72422
40882
58024
74102
46730
8737
733
13368
65701
68421
27575
44224
90705
14674
97176
94614
49054
56439
48780
80474
91988
58481
42094
85540
95529
69830
16379
77962
87898
8341
54214
31479
21150
21448
64536
72037
14848
23401
72117
90130
75645
20711
21402
70459
39856
42168
51672
63869
26175
79520
46041
69880
40460
78857
42416
62861
65728
51918
57471
40542
32629
10100
21694
49908
2492
35911
56549
78181
14736
16664
43050
35888
6055
74077
73109
34179
808
58316
4896
25646
5407
51014
19911
11923
88228
99795
8389
81266
28766
82459
48605
31546
97498
94337
50237
76771
1231
1232
69182
70302
53422
3966
84881
56850
68467
52448
16389
11935
27019
60536
87570
45715
15158
57751
29656
66753
81470
73371
26826
28572
59650
4012
18509
49379
69568
38630
65074
61589
58021
43876
21145
72499
36899
93082
55271
70372
60947
35528
31694
82905
77758
84600
72334
65328
92703
56391
79873
87731
38062
34088
3004
64982
72817
14394
25902
19533
97954
84625
22534
91095
63455
62095
81816
48784
84627
6793
59116
40516
40826
11740
17352
12305
34184
30293
8007
90667
37234
52139
6596
38840
69226
10422
17755
71751
84532
5249
91588
31508
43388
69003
61535
58962
80278
56842
73402
15842
85935
56276
6452
51584
45914
93019
1782
46862
72219
73745
13388
92104
82230
77648
38716
27243
84030
17279
54097
51071
67381
69083
91450
724
61060
68484
73442
97729
81573
56948
31514
6464
13311
23754
45949
29235
88292
17912
22341
24157
12333
50499
64144
42809
36380
91666
94024
22796
43102
892
74341
46262
7275
95109
57025
59941
35798
79940
30440
80827
22698
56329
60306
51503
17414
70800
36053
84237
84623
97411
19603
64329
29061
60012
87926
87097
21475
63140
50289
37966
56608
99528
84857
36351
24589
58957
38541
53176
3298
9655
6127
99790
79713
81905
43684
10223
9392
86043
4933
71500
39086
7287
75050
43511
57161
73110
62174
43308
12089
78060
85734
57359
23441
5219
64100
36779
95229
77780
7161
72997
72632
98827
64086
55521
44488
22375
21318
25686
95210
12081
51385
53109
41359
43887
34282
95910
66509
91313
5618
78135
89418
32503
41605
79381
15504
49588
60782
38564
9085
26454
61098
51979
33139
91825
74351
41508
12467
19244
78255
80981
82297
74801
58180
10125
81962
7906
88255
25945
60432
40561
99830
26467
83957
92816
35939
43517
23449
17079
25338
21353
28839
84055
11696
85062
18227
47850
80124
24461
66602
76340
41096
56898
57856
12454
98088
9253
61126
90584
48829
29200
57355
55604
36256
48653
86301
68596
52280
57936
38228
7390
59469
22955
80155
82659
21466
99823
91145
16554
65198
27761
19138
26158
63750
24763
27602
72662
86621
16487
13922
23179
79830
26737
34413
35844
21527
57536
56975
68443
58404
40610
80110
47137
63136
89299
4070
83356
4349
99282
55826
22946
20280
41360
21510
12804
50093
4246
51535
36617
44290
79868
20721
63906
88297
60032
4044
3970
27686
94316
17854
74642
32285
72724
2865
10948
85570
76024
64121
68328
13280
49749
84544
39649
81847
26973
24011
55636
48948
57437
10143
27359
32383
20394
25921
32409
76228
48324
37353
20816
61130
56018
20473
73161
61383
53465
75581
18837
94811
86688
81882
51454
8947
31354
75279
69828
38896
89167
70279
46380
51953
20494
73543
66978
27975
31758
38533
69302
37018
75422
26539
38753
58258
43555
54222
77175
80232
54637
44941
39881
54805
45979
10430
46655
39244
93982
80513
92785
52775
54061
67291
92841
34008
17447
1157
34249
17864
76584
10501
60170
90536
6468
72844
10606
96514
79368
64256
33509
27609
10651
93055
22997
54051
38141
27025
9555
85516
75510
95250
81386
58385
17054
99991
79900
21112
78486
74190
58002
97282
14899
12064
61272
84856
8102
11759
13862
51326
43813
80601
19844
98772
33976
57649
87098
93864
31527
39384
32197
20332
80817
5091
51351
98471
46594
34302
46739
82372
36555
19582
78352
64292
372
47945
62890
38829
30822
34989
70409
86092
18504
20507
73405
83050
53113
23818
38416
61969
38343
77527
94461
26860
74231
42859
734
9470
95031
84028
53685
12122
10705
58911
43211
89749
23971
3104
11842
60764
4256
54082
73990
40017
59909
61384
5209
21191
45812
37574
38303
33302
29228
5840
14870
55713
34970
48016
92554
16403
65920
73661
12509
77244
6179
23527
31872
6074
37520
80687
53039
8436
91786
15994
20726
29361
15498
32687
37524
66564
30154
87889
13904
10353
96574
99343
48407
20298
66091
89157
68105
61618
61001
9968
65782
28294
73767
3985
6168
94107
2966
13411
83348
48597
27801
24841
98867
62189
86766
64240
72641
56966
66081
35165
12569
85266
6309
132
45645
56589
83499
99117
45527
61856
11089
39550
79519
83117
37665
47566
48912
92021
96057
39110
80621
8972
74726
96032
28312
9712
48661
39227
2969
63079
59161
18569
68358
20590
60270
35071
15593
23341
78573
61170
89748
71247
5979
47036
50540
1042
72955
29088
33638
96761
38331
23236
61792
52162
82609
85786
10473
58806
59860
58530
19216
56585
75474
90870
4150
40420
86249
61164
3605
75851
38057
39385
41881
63943
67483
32600
48662
78291
35342
58822
95988
93730
42390
28002
19917
80611
80421
64751
3393
1823
10128
36326
31403
27550
37706
31217
92499
60017
57619
96040
29555
90563
26528
46021
37511
65720
74128
67584
12766
21678
6027
42554
2795
74766
12994
80953
59891
77519
90687
29532
76150
8967
96402
71334
64639
65139
53033
86003
6166
43448
67170
63633
42898
29930
87018
1634
28888
15172
38445
21134
28232
66855
95392
25307
65752
45160
59145
77789
81420
13490
35155
69711
35824
42508
84908
39467
41407
18707
55442
80521
2081
57086
70491
72978
99125
44384
25439
26212
81884
10615
63866
61066
36260
52152
33776
98403
52942
21198
17583
82910
61994
3956
85721
20678
66402
83118
45415
15863
15141
77330
76677
68772
74627
72119
94994
79426
78190
54278
41705
36263
59391
60577
15791
54970
7631
90204
79334
46721
11142
36350
65815
86743
10464
84115
27539
53082
60635
35869
96543
84328
97594
56488
81641
6413
26400
55825
47695
40757
14770
9679
48190
24522
36543
32344
44160
46072
52730
11816
19321
46104
7778
51275
13258
21300
38490
59680
36271
95659
27625
52868
91677
69445
23322
28932
32431
85012
93435
68509
32675
93089
58606
43703
93815
92180
62917
31160
69312
67027
73517
87950
45127
91578
64632
40357
70022
22853
72120
83355
73096
47650
40866
42553
54133
6518
74344
98306
8090
80165
81336
40604
26239
97556
12714
12857
51348
85470
91235
47870
86507
74948
91880
98957
30707
87923
25500
14182
93392
26886
9681
57720
19093
23113
18065
7959
63057
60160
86606
4109
42970
65571
86105
10833
72548
58384
97210
46416
95019
80901
33519
2630
96079
44806
57672
96741
88561
4980
33314
19155
77289
43970
91849
82451
55372
58122
81096
67953
2363
84511
20641
62428
91283
20424
66583
28784
53906
96218
93578
59994
56509
52501
26357
22119
14748
70591
59097
51856
10131
44289
18958
56580
2849
98716
28489
54314
48584
20667
33773
83328
93532
93401
79734
34336
80563
54008
50867
27348
57362
96500
94399
64202
76309
62356
45000
64352
86348
41049
73560
19571
55180
15420
99609
8144
70122
31393
32255
86347
3331
925
80202
37132
48897
99180
79543
40844
12990
58279
6231
13597
33658
11320
20307
97392
88335
34115
21649
64052
5435
95580
1097
71588
8114
84746
70410
7881
30467
35552
24860
75664
47852
8374
34841
19551
14881
91644
15772
16243
52815
75719
80723
800
64545
99548
65438
28108
19549
91585
80084
93189
81875
9663
18673
42083
31673
64520
19406
81113
54177
48742
99913
45152
89140
45037
13165
42045
74596
86017
65777
83969
63595
96120
68704
44279
85383
57928
90914
61013
28448
95997
65687
17961
57585
32663
67691
7048
64563
87993
66528
83072
55448
19461
58340
78148
40967
6258
25052
44091
88347
45840
55581
30876
60713
10892
29984
95149
7888
70165
13552
11418
20987
31889
75354
43651
85969
4562
5222
28249
57453
7908
81286
33339
99905
41342
33396
99783
46631
36935
8797
48251
49607
96091
72286
22198
29967
5643
42640
39403
35865
90176
59404
83120
44242
10265
62626
96847
25647
49662
54666
98705
39481
9716
75178
25996
25581
99327
87671
9227
14287
23820
4270
80821
76821
69765
26082
17105
24265
78332
53489
36843
64963
63738
58623
13912
87838
45699
13474
30240
65945
43866
69311
58886
58646
86292
44517
28234
68166
60415
42315
96202
63247
89856
96581
73472
32094
20377
98475
83639
78287
82554
39647
37276
10898
9772
95060
58718
82197
25301
62720
3587
97507
80995
72336
79657
78998
44192
33715
26809
39286
85250
75795
62038
36590
86817
298
24375
77901
74787
25859
95806
38884
3651
49002
31042
89283
42000
12428
99190
28292
10645
26946
47609
36915
19939
40273
83251
71141
12904
70345
57511
21628
12628
51261
88619
80280
46254
83742
47363
15088
57750
42022
66727
11604
25713
36517
75453
44122
62771
38772
26246
56929
29874
52907
70988
22989
17418
56177
23078
33372
72932
83383
5457
55551
58781
63499
23040
40831
73466
48186
60286
94996
43742
3694
72224
47327
21148
40079
8546
70172
7873
68867
68874
56516
78321
88900
82631
21276
10336
70650
93806
66677
1054
44196
30512
42619
2955
52383
49746
16122
53630
16639
54880
89361
50402
55487
10428
24798
42465
81190
54655
58368
71121
78880
32121
54618
76499
25987
26751
42180
78631
69467
28532
99194
64921
76746
75534
11164
42716
9366
89351
34886
76832
27788
45246
53124
66690
25174
86479
97390
53216
14342
88514
43370
52621
53963
31685
9270
40108
56615
84787
32813
15093
12713
94510
77922
59784
24195
35638
41041
52309
83060
1313
93808
46336
50211
92336
47333
95436
16705
12769
47141
96314
93612
54189
86190
19261
62059
27565
194
67903
54294
62933
87347
68876
87783
68449
47086
57932
78917
31571
61907
96872
95803
5541
67478
1540
52142
65026
15913
47532
37746
35035
22644
97189
76283
34674
79141
54711
23365
82884
88668
56708
11359
66065
68775
65561
82434
62805
30488
25298
32787
13674
77530
11317
53747
1883
14901
98931
16461
73595
34919
27996
63687
2886
56190
34445
86462
34174
3003
76924
32602
25753
30036
9335
41678
23905
65462
31032
89136
30276
21216
75409
18969
15264
21272
63011
93728
6109
59902
27341
25510
76186
4442
38740
43205
83627
25737
86011
66324
64273
99086
47579
48057
13274
29322
57049
80731
63925
77967
67362
23144
77114
61161
15100
90107
73604
22250
83523
59173
7271
24134
91276
39515
37925
58966
30424
3717
43262
20012
32513
28805
91781
61738
7278
9783
10717
2995
80408
81508
95608
42639
3983
32943
85855
92064
51116
1268
90501
760
56962
93399
25894
71546
40397
25552
60803
90029
95075
9036
82810
75033
13171
43520
50660
29089
76020
15826
13303
65274
78678
26555
26620
22062
86875
97757
26224
66186
95034
90
52975
48925
60548
25580
43355
32613
17492
61912
90973
16694
60832
13195
36894
66634
66411
68795
70127
29388
20896
94000
70390
58925
30975
28409
6505
17747
33133
98544
86279
77540
72446
99559
56457
1063
62311
71344
94726
51528
80520
46194
19427
12409
84669
40858
24592
6824
52568
61424
84564
45640
76940
47670
13117
67095
3538
6716
75350
15443
68709
99902
18013
21136
55201
69617
83894
18465
18393
57473
8574
93195
48700
67800
93475
92494
51644
43580
63502
5059
88389
55222
16495
31669
95484
15021
43626
51731
40208
76865
8129
62830
13245
67282
66187
68164
69183
48629
1453
31743
74967
6741
93828
63525
3068
34356
98668
37273
9388
59637
27400
47498
98763
52919
97602
66168
69707
93308
81279
46680
87265
67803
16454
85323
64820
1581
31826
11818
65679
55637
22640
26871
85675
48092
49568
51401
21565
78864
8205
74353
66241
36880
90779
15673
44063
27246
2763
68638
92716
40071
60367
97305
35111
65171
80496
18359
24233
54203
70124
30320
8681
39391
83755
79435
20088
58693
12770
23574
66729
9933
98214
82264
32748
96608
31975
534
68898
89526
66289
29539
25831
63371
69309
21102
50445
41311
86950
10794
87160
27954
23498
77090
95918
12126
67559
62206
18948
71611
3031
1971
21847
97212
1322
41351
17725
4149
42642
4514
72500
21489
30233
98351
43973
5832
36064
85997
23339
99003
54359
70688
71932
51934
94808
9944
10915
38137
8412
68245
36541
38208
77152
77608
60152
95276
73891
77257
15708
18890
44221
68023
91327
72758
16715
77607
1434
8060
19234
43117
48730
71650
35341
45829
28909
91184
49024
85460
58064
23732
39632
97473
34007
74768
26627
21174
72254
88289
16952
2656
83845
72045
60010
1748
21139
61661
90243
66066
97080
91110
40351
70539
38938
71079
95903
69713
26259
44965
71741
33734
26892
17015
57461
21835
65491
13318
50719
34704
83695
19834
37895
30765
83707
95963
18130
45665
78333
80709
12896
9640
9538
59706
26933
50469
52752
88716
83715
21293
33868
70630
81304
33347
84420
20132
61301
44141
82178
4475
52189
71863
71512
65803
29047
96280
44430
29635
73303
19874
53716
2409
11524
54570
93321
10095
42474
84276
31895
39239
54402
8260
55374
28739
73954
52349
40596
83162
83065
22147
51281
50413
17797
55416
83250
30423
39001
777
75565
38686
56895
43380
26511
93801
52742
10650
73447
21952
14924
77490
98041
31201
89513
1516
44413
31947
94227
15618
53656
33293
56810
44797
62585
30169
19998
20776
78246
34615
45493
45917
3923
53104
93973
57443
69092
34498
66930
9744
27386
38432
99755
47446
13149
1620
25665
56290
24462
40821
40633
11123
48451
12431
17498
99289
9526
36898
10907
62307
14917
12879
67369
30561
41664
39743
50732
69607
46389
20020
49972
75722
72454
42462
25259
39576
79094
17086
15104
30664
84733
57039
52761
96155
26196
49503
9005
32959
31775
31333
66839
76254
83487
27911
75862
67915
24506
42938
89000
24066
49976
58360
14542
81185
89821
41882
24478
70865
58330
56122
61138
45004
61032
83966
5090
2284
62171
42866
28043
35243
50886
70876
92882
84304
84833
68746
26537
83343
53339
60197
75201
19077
58681
34852
18131
95413
70999
76803
94142
20396
56104
39591
48388
79397
29804
10784
90909
82867
16649
36332
94088
52172
18019
72242
51106
98205
56004
23372
63793
54031
37633
56668
63810
66913
40398
61256
73358
94664
40313
65027
25340
24598
56164
1902
74871
92340
41801
45244
80158
38449
78283
96077
87334
24078
93228
71516
56389
15487
23311
96431
91794
70442
54963
18703
18222
78695
88408
52784
52385
4093
14162
30659
84902
46098
64489
56073
16799
10089
66959
61115
27398
3468
95593
8163
78088
9287
84268
57721
27598
2758
98793
52175
70593
52487
64944
68799
2670
7466
37101
32824
10184
45706
73734
75224
88630
46832
97317
54388
55996
42488
55897
90650
80088
85937
57866
26128
71159
4975
9490
96507
7549
67768
43266
63148
61514
20905
57273
7637
13350
31576
43246
23948
97588
11105
52026
89764
64001
58827
30327
28929
43799
81937
35293
94089
65736
25770
52721
16645
90843
35448
37788
33006
28996
27721
95668
5686
58184
64473
30415
32287
73510
56779
11331
42157
97663
77046
49709
8779
8308
8098
70576
17996
68749
35491
287
65137
97557
81037
8604
8062
31087
21098
30083
23559
83875
3691
87280
61851
29129
16552
13941
42052
16030
58851
97828
25908
56386
83121
83753
42774
8058
87534
71523
28976
69956
71135
55329
92145
41378
67839
70817
94347
96263
28394
87448
61368
93933
42102
60091
11673
79433
6046
84513
55720
70213
77498
29351
78590
89580
30235
25723
32770
84663
27963
43904
67603
83456
22769
72187
54237
19374
76375
54462
56565
49283
55658
6718
49514
53267
44555
6929
29616
13508
64542
10890
3570
54824
98127
97329
69965
45560
55388
67466
85152
68454
68616
144
64642
2538
13222
74345
81273
19552
82374
82959
17182
50945
23472
32100
42861
9682
5183
2202
64824
42282
79098
9256
62402
18566
63597
64685
87590
50586
71968
98133
39247
3392
22323
56238
42140
53859
53577
63784
27583
35679
41165
38037
41567
96765
6628
52534
3366
86250
87430
77844
45288
75923
50003
35606
89155
39740
70592
17454
42473
36610
14389
10722
92020
98026
97106
11375
66914
16900
80742
85716
55597
95036
2727
68698
44240
63403
55251
29567
24491
90116
75123
10364
52679
1346
34107
38164
63614
20379
28875
3337
3953
95141
50464
89754
14708
25182
11613
48881
62085
74235
24231
24729
82825
86432
49986
82389
45206
84779
47792
91767
92012
71923
86980
49859
17923
12261
12067
43628
83405
77622
95397
73829
61331
83785
61715
17660
91359
46148
2937
18897
72369
81783
98924
93312
87374
44042
51147
14857
65144
24814
2285
27881
84791
18321
11916
71796
37769
61178
25590
22982
776
93534
67409
90900
60771
540
92210
29319
908
60277
23548
71062
42889
14583
43408
81444
67865
73751
50090
99191
62561
17615
2879
78606
16555
66069
98650
42151
27810
82512
69098
64709
92611
12827
69942
48892
64866
35359
98649
65805
19583
88512
15008
19375
35948
79614
73553
43590
45370
94608
72209
66884
23329
65465
24170
64231
7379
21176
80275
15154
43601
95948
18767
95121
36932
97871
58055
39596
96406
33492
99241
11731
43745
73153
49228
84254
52073
57755
66107
80286
39769
63385
99473
26598
13298
70993
35924
94844
92384
33280
52539
12601
26891
96089
5771
83099
50203
95798
64577
96423
76826
91806
3173
57982
23658
50849
79116
58885
10958
57153
78272
70677
69797
64958
78846
54709
80091
83813
41287
6519
57123
43410
52346
30341
30774
1896
2376
94033
12902
5670
85277
44137
32868
12503
90199
81694
50618
49649
4864
13501
78554
65730
95028
34640
73360
52104
67510
7256
49034
34344
19959
11344
78793
91506
39523
15224
10149
18310
62512
41792
96690
94280
50439
42187
96832
22569
89603
83873
13801
95911
8823
38386
70872
29464
52771
17504
23696
21239
26617
33641
64042
73799
62604
27928
38679
18451
70712
28945
6894
44729
80352
13242
46276
47734
56179
40733
23059
97532
15251
67973
84089
26854
66457
71742
87215
74684
4303
54602
11157
29873
33260
3145
96932
26077
96968
21033
33310
13870
12406
27560
16798
95071
8214
15540
3854
10625
46865
34565
40112
23235
96305
70420
89432
51949
45117
56040
9341
26232
44745
6743
81159
46451
95418
48174
33042
34737
18119
6508
92119
6682
96109
70037
81133
73516
31026
70347
94658
99290
26320
10344
49011
72362
40127
18077
81453
89993
70191
58472
55000
17876
93891
42234
86612
27556
41420
17643
3981
76766
69673
56513
2798
65404
8189
30604
34490
84615
42441
44892
18880
15831
64744
42555
71162
27952
6315
57147
45365
82337
76640
57718
91693
52777
87278
47320
31616
61344
97674
42615
32502
33056
66507
19035
45368
18027
94686
53288
37581
64128
80116
20729
45748
67720
3013
96902
60251
87628
91834
21123
8668
62499
75003
61894
42894
80569
91412
54873
59736
39529
68903
97105
49483
37084
25699
61068
68399
47380
65210
85778
12625
94780
48844
60955
64382
79199
51414
31881
70366
93581
40896
46648
29546
74024
27022
24399
60945
56666
24668
90371
14266
78354
71089
37390
54791
24614
67118
57080
54543
35247
95629
30714
1425
37019
12455
79366
55269
82024
9535
15231
87544
36242
35792
80263
34843
38878
78474
70696
74743
46297
89090
21481
25509
46487
44916
99553
68571
17171
74212
94449
11807
75316
96121
66481
72752
98117
95586
49954
58233
80921
25070
18662
82841
19099
21518
41253
86088
17714
83899
58647
84099
76509
67563
88382
46402
88597
93324
12404
47903
59663
57810
55438
78257
99612
18951
23943
99508
93888
44831
16055
66848
95865
30266
87425
5834
75803
40928
19126
33781
16398
18
28243
64137
26468
75558
92024
48135
94285
93012
3786
85465
19826
59002
82098
10395
94576
90817
95290
64172
40129
26841
89312
56011
13791
7724
24911
31383
99813
53452
52782
6374
11232
94364
97131
5477
62679
23630
8066
18356
35447
11374
36715
21802
7721
5411
85959
35866
60154
99393
19356
73458
43522
95574
38120
3061
84774
26187
64851
963
6529
7059
5866
46528
63208
37381
63747
5870
19493
26533
71599
1450
66534
77206
67815
55842
64666
37376
34603
47989
38747
95624
76385
81501
11907
18146
82055
14412
34279
41707
42216
76117
52585
50773
61717
37230
33720
15338
73295
22231
91173
99379
53327
26706
33820
35898
28400
68304
98192
65710
5088
13778
64029
25791
98296
66210
93741
43234
4644
43800
58516
6882
15429
18441
65298
53008
16358
12811
69444
90080
88793
47417
94823
31481
70254
59441
40559
80262
41939
10990
74264
22276
58790
97706
59755
11830
82568
98936
18845
83705
73581
24950
45490
62322
22196
43752
74152
15221
90462
15029
76740
53360
58975
44997
29675
33017
45471
93747
34689
42350
25091
50653
67064
46291
9561
988
47998
37364
65301
73492
55281
14577
84256
90981
32603
21705
42106
5147
23556
26682
70027
42487
88714
67925
69176
72142
29350
63071
38971
14803
38118
76946
5135
7847
94565
87632
47138
38677
38804
63492
54944
79453
71473
64945
56859
31234
46723
57358
57799
73002
90591
15620
8977
55620
87143
5410
40413
86100
69811
84190
97367
52967
47924
14098
29320
12573
65187
91543
59790
79430
24687
59674
28046
46797
33610
14771
64928
39458
95882
75780
38565
12907
1933
66041
66220
65323
73817
13691
20271
35294
26842
89287
50426
71582
98135
79560
43024
44707
26770
47154
71614
50694
24143
37680
4431
61043
59201
49898
4612
87363
59832
64842
83064
16778
19118
48499
66947
47872
65044
60262
17121
63340
36432
99315
96375
22917
20723
45283
15789
87754
35061
67196
68313
81786
84644
78251
51929
91151
40943
99455
16581
11671
8566
20013
35558
91318
54983
65651
56006
47668
85834
57307
32533
7409
3957
4847
54486
61833
5575
17884
65965
75815
6987
31161
9621
27782
88030
63213
24112
56359
22399
35438
45432
70435
53412
77940
37759
74332
25851
76592
13925
7997
91552
5327
49802
4037
20684
46679
16299
86880
8145
84930
55748
42504
36822
94873
92000
41204
92062
36875
62874
60827
79696
13495
72420
17639
9982
10047
94626
8200
79279
61494
78936
16445
76129
86684
4744
7828
77444
28455
79186
91427
55092
62464
92574
39735
27121
61399
97342
58959
13384
17978
51898
71898
85490
47815
84745
91146
89725
24043
58441
28817
50871
29851
13721
18355
61665
44970
93723
87284
25461
95996
9704
90042
68753
54433
39615
49425
13290
82018
57288
13402
24724
87819
52651
71169
79330
19156
6058
71475
90960
302
68784
22899
4547
95958
5141
50343
87626
22610
13349
49130
71480
56709
82517
69208
34206
91304
9007
85157
23124
68609
48677
26266
71025
49304
67573
55575
84772
87881
29294
65861
14477
46304
66678
60020
21452
62811
22886
16888
88782
13772
62973
5642
3260
26832
128
31586
51741
20771
29442
12524
43431
99623
62285
98147
7381
72619
27871
33384
27530
92764
88747
90761
41432
93323
89103
23716
28504
72800
64953
46931
36870
33413
11695
28652
18809
7117
87471
82321
81026
13288
21861
91317
56863
97278
96479
62388
47747
45709
46103
50272
11176
22431
16178
51171
95521
56630
52755
40859
88861
95411
70962
78612
27915
83478
36127
49286
12218
30874
28203
28476
96703
40602
6277
93670
93841
33516
30727
48821
59053
53829
87546
50019
99997
18336
66832
28962
82957
47542
21550
92263
61521
65597
97907
99987
890
9426
60702
78722
74414
59958
93154
74471
2426
96328
96794
27479
99340
26815
84348
51654
7431
22730
96074
93134
32901
10010
13828
80556
31918
19769
25950
36984
90732
61898
61398
53231
33249
88509
98472
84616
19383
9033
12667
92196
2132
61053
35161
86753
96898
42090
33696
92597
93280
75406
92553
31732
28984
66009
76277
42974
25036
78868
56171
10002
46646
75760
5472
92853
87112
67841
66542
90554
63037
74506
38266
39594
19353
17280
40535
350
31193
88231
26132
6059
64854
89239
73660
70255
49643
31996
44599
76042
94194
4502
41192
97900
64670
75028
44865
30827
51853
29809
8169
66361
94092
44119
45339
60046
45265
84609
65155
57743
40518
72851
66763
92855
44499
64131
54308
89242
91028
53128
70672
41921
48507
85316
8054
44155
55670
66432
88783
95704
33802
76896
15674
56765
29356
78326
61212
93236
94847
97577
12088
80097
5640
95679
47585
38478
54107
72006
73785
33491
31497
12864
51567
5725
63956
27656
15604
30952
79374
83866
44760
25489
29271
50349
61963
61108
91850
15351
53134
92981
38353
29709
41087
38620
68798
95916
29964
73012
48220
84798
49683
59158
8221
57060
31524
17895
77440
25726
50989
98823
66246
7677
29409
27893
23139
28631
50846
85704
25891
95200
14520
11678
71199
87055
28110
93754
37650
36014
33050
20649
83308
23730
60133
79119
3951
63317
70253
25407
91788
58288
72324
90833
99741
22335
63456
10280
31441
40650
75634
46552
61258
13406
43100
88432
74880
79306
92763
83754
37410
56701
5178
10626
44889
68885
57346
18984
92722
15998
77628
72347
44529
25342
16562
32252
84614
66183
54331
54891
97434
44140
52812
84825
81621
38893
796
33393
32397
79916
89680
53292
50520
58315
25576
81547
86797
59532
60260
30971
94423
22855
83991
92090
60701
77136
47139
2013
17621
72348
58423
26332
54137
21666
14092
79701
78016
83761
94113
51476
43913
27195
79533
59535
21143
76345
3622
65627
26712
91528
27791
8133
92047
53388
86968
21594
34529
44717
50197
16227
49774
45946
47819
90562
91103
16686
16787
62752
13507
71783
45352
96346
45169
61512
99535
51260
63501
42120
3380
69675
8301
59825
55331
32796
90273
41156
18525
92325
35463
45737
29836
1384
30316
97181
25303
47934
76937
7164
24613
92627
82926
78277
78625
41082
61498
54728
84593
88669
75389
10406
9260
80001
85410
13026
84114
56105
62935
82907
23047
35937
63929
52017
89210
76734
69972
35882
21327
3100
72212
27316
74858
92835
37540
36071
85877
58816
27136
19418
76314
84652
68134
91122
29575
92177
5710
51206
70100
78542
80574
66383
62865
6446
98849
17335
61055
43931
84695
79839
77286
43216
64550
97538
80079
10291
20151
57927
68814
48891
1872
28868
49339
25794
15128
32526
50727
88963
75539
21480
87328
36231
54951
15996
60601
96731
58192
54320
88172
20874
74675
77153
97736
59566
95983
20972
88053
39280
58634
90763
45184
18365
96235
94172
18556
2950
77372
46545
33724
47105
33745
21431
58757
76497
20712
25482
80990
52406
50326
28704
66762
95670
1861
85333
25470
90133
55819
68584
98265
59846
44019
98673
42725
47264
52957
45096
89929
3566
18034
92798
86761
79932
88776
85776
60846
45236
13793
93181
50579
80771
41662
10789
58734
86264
56458
39679
19424
70843
21755
39314
47964
68909
62551
50646
9477
3615
29923
86704
13128
45759
84410
48684
55674
54720
22089
92960
4535
79545
69135
34561
59239
47607
52836
82421
71801
10707
6004
65428
32938
12706
17377
76007
29048
75763
2384
90863
58508
98985
95767
6020
78586
44024
96558
14307
8596
49019
31322
29065
4213
36156
54231
43672
72282
84181
20844
22881
41513
46454
44086
1448
60620
7582
86981
68621
92305
9109
39676
43020
73632
8588
13322
10108
28786
21345
22213
93049
55104
93638
73230
31462
6320
2537
10460
77859
39164
27737
65327
59245
91270
59488
50622
33563
10630
90962
60966
96016
5310
63133
99587
89565
18778
81628
81996
3645
14206
98625
56820
67084
71620
97140
43534
66510
80649
35191
56055
68365
77480
49486
94671
61460
336
99835
49754
63106
56918
53300
3598
72238
87988
86473
66404
70548
84766
39657
91117
6827
46439
82017
70564
14511
81092
61880
17241
71178
30571
85569
18505
93081
18452
81844
30725
7834
85083
96322
40647
34656
54477
16225
59104
85655
13996
15663
29738
56480
68220
49822
12442
90625
14985
90102
8671
77636
95365
92814
59034
77123
61276
92721
8875
14510
22180
5465
63828
37545
41802
9801
52503
94241
95050
79822
66341
74610
4471
34109
92525
80579
59267
81188
72255
29412
43796
80123
21135
44661
46010
22313
75491
103
40726
90704
75288
16446
3765
95428
99876
94369
66859
27571
18978
23888
50634
64729
90268
19130
26910
12408
23710
30650
30736
96613
15331
87297
71529
76461
88123
45163
77712
27308
5185
67171
69742
93975
84345
66395
28356
454
53021
7855
10377
35628
38143
93176
73761
21297
76407
71340
19675
41477
12271
76504
17369
5971
89350
21532
55515
52688
68280
94474
26527
39719
46203
22508
79416
15832
35776
83840
50988
1280
28159
95242
17023
35592
41504
15032
72175
73884
65692
87379
67089
1156
56877
81851
50993
72585
87397
74163
91516
5086
42819
38619
95457
96691
20467
90527
26135
5704
91649
48934
94450
18832
15802
32823
21197
50226
67047
17356
30628
95711
87155
89949
87127
18490
85328
45427
21077
91692
98513
77332
67842
41753
56878
26376
16987
19253
57862
33902
26284
79504
75805
41645
5075
44070
6319
8243
25232
92442
15348
22554
84875
81314
33470
82981
57497
34975
29096
426
94532
70194
50825
8055
24956
52618
8306
92572
9271
22076
80304
97975
49028
28254
37405
8955
75927
32036
27490
1358
19748
60161
62908
37879
33374
10509
99883
28097
14684
35749
14474
88070
81784
24585
75173
95720
76632
15735
47690
15666
99578
83217
64640
2685
11476
19020
15124
61089
70008
25800
79407
26362
91012
98877
20594
93138
91321
92005
65117
76664
74346
28590
90407
79237
57133
80318
62815
38401
26244
12815
23904
43910
13651
51143
52853
48257
763
6294
86225
81073
5181
89334
73601
79722
83570
99279
65202
1123
89310
74754
82275
75388
13993
73533
46846
31368
67269
13546
3158
67161
86727
49999
66179
48639
19272
10216
67868
86196
16961
60396
16107
42023
71855
80869
53487
54276
7016
94535
23039
49952
4605
23727
32859
67319
72782
23973
58162
52140
78792
26998
70429
47773
9081
35605
23992
75933
75452
69360
61376
90440
44896
73794
18163
80915
28747
27158
57529
16033
55195
23812
39129
28030
47273
53896
37938
91527
35713
35072
80240
15765
83096
18879
47089
64457
65981
10250
43060
65630
10300
56341
85021
76450
59310
12416
14484
14513
77981
17417
20848
43936
8028
28183
18578
68447
70638
21546
72130
53268
13554
36457
81654
8224
64977
90991
96203
43373
26925
2813
39485
80725
84973
84400
79539
31897
21298
41005
46488
36170
44207
8342
76802
25541
76616
79976
3273
10295
97252
2544
99318
31241
72403
16789
6086
31078
89878
5514
90921
12597
29440
5669
18860
18324
36710
70310
5330
10367
99278
66148
54210
43425
38963
92111
97785
73045
33539
66244
7082
6590
64707
33694
89644
45776
84549
8817
81436
46700
5071
70105
78154
57378
68719
76225
33357
99664
34532
61104
72710
73877
69285
6103
19208
62737
37607
41069
74712
5952
44818
58418
92149
74038
99368
43163
30661
75492
30448
84240
70792
17158
25910
50759
32825
25319
89574
78807
22902
79729
61010
16547
2369
11207
38287
10819
41375
52564
54109
85964
53591
85321
20527
24429
39545
76187
40788
45483
45520
6552
36866
58449
783
61415
42475
75934
26328
49224
24441
2571
43896
97144
76620
61868
69375
47013
68687
63670
89816
23479
82506
9476
97764
77988
19590
93375
27164
47547
33721
75244
2038
81084
90926
11455
79204
12734
21228
50057
98073
89689
90394
74426
50698
35992
11242
58576
55066
86584
19132
48669
71033
33164
48171
65608
1996
94574
2412
70428
63023
85091
46255
61721
14865
86195
1321
50172
33572
87416
46259
72301
53037
43577
32550
45783
73623
61830
76951
58444
53480
85471
24377
2992
18894
86420
60621
69658
94418
21997
36851
19819
24295
57427
79224
12607
73662
432
69565
78843
4848
76806
32359
95419
68815
58035
93517
70207
75219
17166
19668
85544
38551
92867
98540
95576
62959
69064
57180
40343
5165
54935
98835
40356
56291
55167
13541
43600
14512
9925
9262
87496
37625
29942
7820
69769
68236
86659
46209
40716
76502
75559
14184
72543
79222
6473
89756
48654
848
53144
58102
23132
64581
77361
16151
17225
89682
22061
52829
32790
37166
73945
67996
80974
71912
90083
49313
65091
68157
30879
71443
36714
14826
36685
89175
14499
15923
320
48320
13136
31585
85674
9202
39822
38828
99027
66313
17206
61814
25180
55609
96037
26741
37631
46082
43806
22024
6684
46782
40635
10942
17890
25430
49694
52785
66822
26397
47622
91951
81809
98134
11218
93746
86218
26664
31983
78445
83337
29950
93981
86022
10766
50155
88152
95808
58029
86037
78693
83992
3110
28627
546
6283
84273
69132
17038
32949
23217
5034
90052
71319
48895
12395
89784
50146
85446
40897
1209
71769
19255
25672
95206
54060
78651
10227
56598
92127
40591
29126
1954
50862
84056
25192
38385
64971
53534
222
16850
74336
41262
61777
88224
88451
45990
70121
78469
99034
53003
52310
17635
94444
68412
53751
81568
87398
64881
96458
2899
17286
74132
76838
75400
37360
82215
90864
77866
73986
24779
45238
27888
63709
65603
38696
8618
46073
84329
39801
82402
39873
20471
32835
97635
61735
16926
57016
18583
75410
20134
28613
20969
27187
27596
87161
59618
83204
494
96082
92227
29760
39117
57312
38406
60900
35546
77590
64105
226
47866
68846
66786
38527
57993
45973
52959
2347
46350
17103
25312
94768
76955
83233
56017
82195
4614
2958
2964
85938
2413
7785
2843
89037
9218
18315
48112
36308
80248
59229
9019
80650
90173
65973
7412
2318
73328
15194
41815
70990
74913
57201
89159
84942
49587
80121
42327
70881
90917
64828
71419
39597
42908
76281
16023
1572
63666
3818
37546
52566
45276
56715
65029
78567
29969
88088
46662
84041
90187
91613
57445
7139
19394
29766
60781
73681
3596
34374
56807
60789
23581
99738
41095
44106
95747
66
58072
7018
93710
29692
37116
65188
1818
5915
70432
78845
13561
49120
41717
63269
66193
71191
33387
3037
43996
700
58776
83535
34965
29830
47643
39470
80457
28228
80527
64799
17425
30441
13997
45557
12955
22506
29024
18635
15064
66064
28955
59986
42720
62449
54421
74387
82901
69369
32178
22672
90018
91154
81771
75387
14190
1894
88944
4328
50124
89735
10547
62681
71725
5864
92664
96415
85785
69586
16574
4580
70
95920
61515
73285
56355
79656
76741
1537
30133
32239
80317
49310
84361
65312
93452
73863
37365
24188
80732
23603
80475
63628
78259
21137
54168
3255
5665
61201
39383
13207
18274
83167
79731
47790
61261
17415
78795
85047
54
75251
84477
75340
22733
1979
23087
60922
71432
66142
56985
74828
76328
67928
11967
40797
66000
52527
43336
80867
42915
96053
88066
26683
38096
85760
84338
87065
6961
82132
99060
56089
87588
53972
27885
53732
83464
88756
88435
44808
51908
90993
59831
25895
21290
16402
45304
44303
97302
37510
11000
84987
5854
73223
31453
68877
70855
29376
17609
14401
1411
87722
35024
11411
75791
58805
30532
55899
42869
38452
44485
34715
66676
19023
71928
96420
12589
10725
10231
5526
62116
36317
24030
80892
54552
12379
42837
72885
63224
21014
83367
68404
64032
62596
83403
19561
78607
99602
92514
51787
88941
51570
38530
96759
36227
80931
11989
99258
27515
33356
39207
60474
16846
42541
89399
46305
87244
49046
38949
73452
7685
51966
42678
82595
76666
97805
86021
27451
70126
54358
36169
72385
85495
26591
77365
87057
76139
6786
75172
22077
89608
4080
3940
41234
15944
63817
19204
46447
83045
72179
69727
27080
61393
44268
56835
59067
14321
51616
89959
56196
41259
90852
57733
61849
63692
31156
11158
36666
4473
75360
12061
47004
85440
57385
25206
88907
50582
62951
2204
197
59333
4900
73898
94217
53299
30982
66841
38664
69448
59894
59329
96427
83579
26163
68911
60696
75776
34969
20692
65535
64579
79233
70777
90979
33771
68875
77442
69417
83681
72035
23845
69497
57381
29489
64059
4176
59422
83531
89359
54588
47992
82338
33822
53398
42852
90113
86350
40632
6640
52179
69286
73034
31877
68937
62368
49258
36581
21347
18171
15867
44183
87321
7147
34192
93785
29853
99364
30224
43354
43164
88332
97430
25481
73684
35200
83944
28612
73422
538
69239
19806
31066
76762
53756
33380
98102
25974
23920
7665
70026
18753
97391
24438
74470
82547
20413
54661
69248
83141
61020
37219
54616
66614
9620
18404
1394
60744
98045
56703
75721
98851
37139
75879
73515
66305
75579
78997
1682
42783
42085
40365
60389
25019
26258
18217
2999
70171
10696
60393
58512
63449
69498
34067
47806
73569
49894
95528
90702
68745
24099
96359
96018
51882
10098
24360
40019
73904
40595
69630
38852
68984
78324
22949
61183
33948
70664
76284
61385
10715
18665
33717
10007
52676
13415
16458
99527
53889
72836
93200
73202
71423
13624
93386
76443
72883
56535
26220
70821
98096
26453
63095
714
89286
21128
46090
55947
54249
45405
79841
86389
14943
16482
71715
82760
88337
89973
57384
90020
97319
30523
80107
25017
80515
13843
64930
9118
22837
11074
88707
32328
3059
73166
74043
64031
9035
80141
60523
33731
45712
64644
94794
22593
23060
14313
86020
6368
80642
94616
59026
35461
30024
94825
71434
91600
36775
85586
9041
92467
19642
71842
4253
14805
94725
78275
56551
16862
66580
37997
61443
353
21955
81914
87495
87967
61588
89917
54484
63151
95894
356
79637
49186
11975
34410
41877
64445
71058
46645
81145
5712
85973
50539
36916
14205
33665
55185
59949
24766
12296
54761
12794
22814
52974
63368
42694
52940
20249
99128
59260
71556
16821
79239
2365
57309
28755
94250
24971
47928
44703
55076
54078
9029
50686
70449
73563
68494
32317
55306
6091
12267
75165
82201
69662
69233
89477
74093
15709
24086
21589
58902
96326
72039
35664
5898
7896
38642
28351
11215
49015
37427
10383
66177
8563
52237
88488
33937
72490
67999
74055
74305
7501
55191
51946
21060
84222
59133
69591
16579
67115
56272
51211
9419
69943
72717
4398
22173
29638
64768
63971
15717
79138
80547
20500
46712
40782
63115
71072
57527
26367
44747
81002
49357
54280
25072
50284
78470
82412
72149
13872
88319
46529
79142
4212
78274
97767
55530
89451
72431
97374
72395
11059
72821
85650
81255
42297
54118
65107
54914
54440
57957
38610
98468
82204
44415
21206
20091
27393
7257
93660
38430
99448
89548
4332
8037
3715
13052
37702
26322
29008
72948
15646
7795
1517
28553
40881
3800
18523
52060
74745
36262
70931
16870
68785
69318
38260
5972
46681
67701
29171
34287
21512
84826
80133
72988
85406
20449
43764
84198
6568
88517
7292
98385
24245
88308
40527
70407
26340
41745
34575
60258
55116
73019
40530
93084
62110
18025
39905
47649
86989
57103
69418
55753
51790
89575
75657
86763
46912
61941
56748
26574
32578
43254
91337
67810
17114
61349
3259
81469
52154
97015
89702
20026
68767
86555
82139
47183
4578
32177
58478
48239
46316
18633
16162
35611
87714
36669
45827
40695
86687
17828
64774
73148
43501
95893
37136
66777
9232
18144
4763
34306
51728
87949
36100
92666
55583
54347
83906
84592
41584
9780
69072
52760
25530
77941
65689
31838
4031
92188
10510
29784
16667
57178
22511
94839
99546
47539
74678
79061
91753
23057
65794
40093
17957
8019
82154
3634
44389
41722
20831
74814
5341
20030
44115
43399
71814
2237
87376
68523
38391
92302
56199
40312
49784
45894
60169
42939
2415
75072
1325
38047
51606
96723
58305
21411
3862
35259
69993
47760
33058
21106
65045
91566
79679
99494
24507
78914
69795
17622
2224
2906
85217
65038
20270
57870
32227
24205
80032
8572
8437
54896
19053
25173
22632
34818
75112
37744
20464
15871
99362
38621
74722
9760
22455
98910
59334
95728
55951
89660
43455
62919
5991
75813
14608
87814
76904
9520
5565
35858
65534
46814
13568
63090
89759
55151
87622
1319
6254
8142
87709
84760
55133
25051
9836
81375
85302
82920
48754
98354
7787
26827
48292
11349
71491
59414
213
14366
44530
26732
64320
55828
81450
9738
25045
79022
9351
80722
24689
66458
8162
25437
850
49017
66794
829
69110
96638
54823
83046
30324
66656
89556
67558
51118
18358
99298
44074
50092
25362
12635
87868
25048
37286
52446
82324
40348
43098
7437
68308
88336
14112
28758
64107
28270
23738
65289
22778
58499
95640
13579
20279
46409
55871
71571
45726
25348
92360
6597
93575
81738
26604
47006
77787
14388
99175
24893
82379
71360
68717
98995
43494
16134
30489
13160
53738
54659
50221
96615
65153
1099
1013
45856
67178
395
53401
63986
24862
45502
34045
78403
19377
39109
16647
31824
74172
2596
95566
1198
35634
18161
40167
5825
65725
58710
28220
97703
74368
10909
76274
89909
44334
26707
48305
59454
55885
56468
38307
42942
80354
74184
78125
53518
81387
14469
49790
48623
88795
25977
99545
91325
92071
10828
51226
75996
77686
41242
10935
72668
75012
62618
62048
5015
70669
36017
26485
26314
13383
68296
53902
72150
37815
45485
45389
61153
77907
52238
75158
21864
8778
78047
7921
10067
130
39222
78027
34882
17256
68049
38126
96713
60598
24887
30928
81311
59465
95605
98375
46418
78038
12322
62215
69732
77115
47595
61820
10988
95429
50519
7606
71812
93760
69496
32298
9043
57673
43668
47655
65255
18135
39516
47574
56137
63824
28548
61289
25536
72550
63401
80840
81616
46438
4066
81148
22305
3641
83434
79494
5780
89174
77850
27231
25563
59712
39775
75860
82460
87844
38474
67745
24795
5729
12482
6660
88007
28102
57684
79409
63966
14644
65653
53255
77117
30576
46577
57227
62425
87642
90480
60987
31365
362
77071
76972
57175
66858
81013
17277
65789
9800
51859
99574
49507
5087
99633
18928
99404
60206
42507
38124
14396
38170
69080
84172
51597
82292
72706
10207
59204
90481
53634
90834
21811
28908
3300
61354
93713
16282
26106
5978
58666
34032
43999
79725
54729
80432
21911
43212
7137
19322
75853
92654
96692
60576
89092
66424
26760
74116
13881
73984
56868
16005
51878
86666
50679
15595
16473
95423
47839
26473
68954
42466
65708
42081
6025
75883
52047
78459
87310
29755
92629
61411
99544
1310
84471
28840
27620
4887
28174
48221
46238
98895
31686
14877
79378
30590
98469
25834
93185
38050
4185
67554
22463
56943
59888
30359
69298
56798
22694
58863
25063
99781
74912
79921
85484
30073
46596
80670
8921
61314
84479
63992
3973
39053
99121
52403
55419
52396
8691
15698
44708
58914
23598
74792
78935
91334
26727
67142
96653
71886
56934
52477
92945
2678
62142
1946
40032
71467
96114
24279
89231
27173
95106
71513
98031
70616
50348
39023
69179
41654
9169
69121
100000
84519
29075
29187
64498
68964
20654
72709
28112
60087
21726
68774
32087
19702
2983
87526
4888
78036
88991
9147
59690
35952
58779
97320
43369
30880
21195
17008
37580
31833
52852
36036
38707
46272
3051
77613
76723
45465
96804
40668
99941
91722
76366
42919
13172
64302
75333
11345
98467
44750
89719
64482
3760
26605
39728
32998
94056
77105
81870
32002
48776
13831
2302
65904
14635
14185
61127
87401
91718
23473
91414
51968
31200
46850
25830
73968
135
28026
50681
22671
79232
58990
57971
77753
17576
69981
58802
7475
75799
13821
46560
1985
48416
149
82778
36309
74868
41239
20870
87353
50216
37088
64439
63022
18644
97039
13655
79670
57477
38894
20339
48519
84794
95647
98373
60854
93911
59384
21772
53129
80987
51069
29728
50502
33503
3398
92412
9500
22847
79333
89070
48136
83385
65697
56901
93247
68975
81633
26417
41296
55144
98377
33363
52908
74285
9478
77041
2561
45442
85336
6542
86457
92482
55985
65949
81157
71133
89617
87578
36668
18636
53495
24289
35439
71000
888
33756
13338
28582
3079
79161
76908
96122
72136
27157
72864
98845
56534
77407
26229
56696
51497
29377
87349
52345
70057
4084
31100
56907
36147
86466
31148
10419
66505
81395
78736
60690
79437
2647
90055
55606
32563
8818
63634
27820
92966
26918
75623
2112
42820
64098
87021
89630
51909
69396
92760
90643
52254
6653
71764
76808
32157
4169
29445
82335
74337
98123
92658
28788
8560
15308
1263
12324
69175
17165
3156
8086
36173
88556
46252
79043
29098
10776
49645
81204
74393
99502
15613
62895
64996
54012
62486
25878
5631
59270
35125
18699
75997
80447
37026
46214
31426
92727
92825
26335
49048
31865
21027
23011
65636
72482
13696
59508
99934
42345
7155
42527
11519
57944
41258
32449
435
86134
46063
53126
96243
72161
86002
98310
52441
48762
92515
38860
90902
82702
73040
89975
27776
62105
79502
16984
34797
24536
17578
67607
27821
71918
7322
63049
78603
55952
65228
25578
74559
70683
63993
67552
38919
75646
70940
78295
3339
11514
67909
22404
43759
36164
54908
23252
26186
21852
9662
59357
25518
67985
77003
36567
83666
20201
38200
69335
2124
89752
73301
7733
15622
79391
79144
82614
12288
69772
87760
7042
58955
35672
29975
2215
78073
74564
33223
65676
67911
91340
71624
13150
22477
34405
13416
2881
50596
48813
25948
15292
41602
57644
94944
63629
56213
53111
42981
80139
61096
40691
81656
3833
47499
61619
90709
45584
24716
41309
6991
96886
24728
75699
45920
95635
73860
61844
66662
93740
21958
21740
17809
43986
14617
41744
89342
53486
70337
68927
9389
78202
92661
17452
23014
34906
66994
1266
60030
64524
85668
47525
91343
19578
76253
51826
96833
49576
33209
16114
38810
47679
87625
3305
10781
17089
34355
27830
82476
49958
55751
21627
87186
80220
87465
88267
31656
91324
75359
32948
6492
29856
65435
69582
35309
97323
82126
70748
54832
63077
54084
76397
49459
11230
88723
39088
44982
42808
73875
2046
64483
48189
48164
32847
63124
87110
42855
49811
82887
2022
83369
79935
91558
65362
65590
34494
53151
14402
85018
38438
27370
8253
31834
76389
45907
32583
69494
52069
52565
33131
62284
76153
54816
10249
29252
50838
47672
56593
12749
24651
24362
35263
95284
10870
3099
73857
43619
79978
90742
80311
38714
27798
63503
15548
50769
30999
64148
93654
26497
60470
85388
66556
3510
78538
82291
28873
78664
93990
55894
57142
39559
24186
90528
24581
91216
16277
58855
59094
98521
46873
20764
1932
80511
53725
91
30332
65956
14701
55901
92031
71327
30126
28583
93991
55174
61766
8950
14334
88472
42665
24528
31563
85299
33862
4318
63970
55353
58774
49601
57905
46193
57871
13232
53538
60819
73540
37916
87299
47144
814
81202
38061
36304
28251
42480
84701
69553
75629
88808
11881
80849
21634
34741
37859
34156
30802
18394
1911
31351
4486
3654
37531
42822
57620
9593
98470
91310
32137
22103
62043
6877
11199
95784
94947
5439
45426
65645
49173
21232
92888
74943
9300
92345
62615
82960
41764
9226
12240
98419
62979
31532
8859
83955
24258
36871
90306
24818
53009
16859
64919
38463
71415
8995
71384
54281
27485
44178
69364
29022
24619
87388
57839
24446
12189
68076
721
58410
4945
31227
77359
92376
80153
36628
93936
78032
15688
46126
10581
85196
43960
62012
76645
49731
43453
93276
10877
26679
15669
11162
53110
37107
93316
49545
20807
37552
97018
9853
46530
83659
77651
47247
98666
11603
2364
61710
35884
16431
27555
66736
99064
85847
55489
32478
45988
17624
30819
9310
16240
74758
75905
19540
40467
27584
50575
14312
44031
33657
12983
65719
73878
72737
44977
81542
50258
18303
19101
93968
95639
45491
69901
28432
24846
11977
43697
73495
73207
44475
11845
93334
12637
54849
53616
32916
12568
97
2338
63805
93553
78004
22429
16822
43382
2777
14475
28999
7517
31757
58678
87701
46151
69669
38129
55093
29573
93545
65093
72766
74261
73243
10804
60333
76104
47227
72134
61135
8292
27167
87003
44755
11098
20121
30360
99726
3289
77265
65947
55370
33034
50311
38917
39348
52199
94554
43679
15159
13898
98836
73714
2219
75093
39091
93034
26206
76525
45133
52900
58401
15967
51820
1341
63573
49125
70031
19372
71379
21555
4573
77857
20840
72473
75357
68038
93931
14451
18571
527
58611
46734
19411
70816
13513
35894
31753
58872
97324
28746
68636
76548
73562
15392
38663
84518
52226
58564
18789
72801
46823
45051
56336
98959
30505
11756
90021
11976
6733
86040
56095
85948
29749
86637
42750
93405
47696
32142
35639
87919
62858
33048
51142
47421
78652
73671
66229
80720
4860
78457
62497
82870
92866
56774
13424
52434
24054
81728
38996
68634
60694
25838
16623
41293
67017
36327
27606
66952
73501
98616
34098
46687
99156
65077
20292
267
63577
73665
50763
16298
63052
92943
72507
81731
40207
89615
20177
77570
62436
88423
73579
58716
50738
64522
8575
86298
1087
46095
36087
7905
89785
10678
1824
92873
63314
8317
19619
3246
13022
673
60679
53778
96512
99678
45044
5778
140
83971
66275
41110
68849
42319
96418
54643
20051
44592
96841
66276
37269
94265
23573
74530
66017
26610
85670
95111
16414
84888
27202
52797
9436
90754
48794
46027
64248
64350
5656
97412
42211
57992
78304
71064
90730
26595
42829
82428
72067
52191
53992
95558
60817
78971
63290
13287
36633
29799
68872
7224
30445
84581
43387
9562
37919
537
59233
20015
50938
45796
198
77976
11815
67991
36399
21243
40459
56861
40147
58500
60909
5689
92220
22661
48210
74981
31742
55181
85106
44376
63329
92614
82164
68031
23133
39818
79370
54639
37778
38125
94627
97299
38640
35307
19457
38900
75067
22974
27747
37491
70649
33996
81775
88739
81940
58985
10285
31543
80924
6785
82935
64371
96603
86925
81943
46987
24707
65581
27552
30709
80862
86148
9110
96454
33482
29018
4237
92072
94913
74988
97467
39629
42175
99170
85126
75858
37772
25993
56662
97748
84128
59174
10480
16782
54038
93376
86411
87643
75447
1715
6691
27941
23681
14238
60379
23987
65291
29613
63700
85084
4952
59254
97655
80100
87008
3896
26074
11865
16007
18551
42940
60285
4372
42119
55804
60011
77154
52640
94968
78523
80027
15440
45758
53458
4407
9863
55784
57344
57825
57438
43348
83433
68955
14787
16083
30766
24788
62053
78720
30697
74878
21476
11576
90331
60157
65900
67355
3030
63617
84521
58230
54166
21836
9974
80965
74053
27300
53442
27816
39237
21507
94869
49222
28783
199
43335
11490
88493
24154
43823
81404
3866
36813
76930
6564
38484
55673
73976
15712
69734
37791
42699
16954
93093
80082
26552
50866
10946
47675
12935
80331
90675
12719
93085
72549
14306
8473
54534
72750
96869
13897
42053
20165
10931
88948
16997
34806
32605
56695
19115
30781
75651
30539
84821
59013
47535
17710
32783
47978
57218
65593
18706
88159
99410
82923
51569
57670
40680
40075
92140
64375
54291
92521
44716
38518
95856
51489
43069
93166
84748
42787
84126
63231
4050
36378
31363
87336
53258
56252
63733
73966
28305
91919
40736
57551
90143
97237
18408
76152
40637
31736
2294
25006
87391
34061
86994
60813
5462
13363
66346
53614
78721
96412
99936
96753
86991
22564
75798
71558
11128
31932
68664
85661
38712
68929
2477
13622
17847
40569
488
24722
92056
81735
87364
53866
19288
31381
54039
42373
68416
53355
10274
45019
62640
8648
16541
96962
83341
91471
70926
42540
22363
94067
56604
74995
95110
62866
98237
46343
32424
56825
67848
1046
28793
50781
984
55799
94155
76795
99389
86593
53434
83973
76836
10727
25884
27063
99717
26057
58374
81978
31259
71386
48012
75578
82597
31968
90881
82277
19
41300
32279
6151
65868
3750
23637
92406
52091
15095
68382
25553
32742
86460
66806
45440
43560
15946
67789
7581
55135
66863
38422
89327
220
80955
4192
78364
43401
5390
49572
73227
3642
33068
15318
81363
82969
34129
18148
8173
65281
86143
19644
43312
67724
28023
29484
29166
71221
61771
77487
16858
2137
13628
97799
36808
8157
41729
14532
76390
10886
7682
24017
47548
66063
59099
37150
74141
41516
86311
18344
15808
19280
53368
30711
90387
97068
28895
49219
25746
48020
24928
13333
27812
11393
65236
64355
67299
89559
92886
72731
8430
9558
69680
23707
63937
66713
25418
64870
2170
19960
4716
19937
43631
15039
86650
6866
57875
14214
47187
45141
85028
27607
96419
64203
35340
37606
70762
98062
65980
41598
3632
82802
83208
31765
66715
68122
27779
76273
94064
76532
94858
87503
63135
55224
96676
71891
76917
95330
94099
94530
79214
60600
69824
47090
78491
3668
94654
17593
48541
97364
75741
49714
36038
28779
58450
16898
8216
86103
47638
23366
49759
85002
98269
4229
88486
41806
72031
3203
70065
14989
39102
88020
16275
66397
63029
34412
2147
38380
98281
23007
62151
15558
83833
86239
21483
59500
2211
74802
4531
68470
24632
61388
94952
41304
4780
7764
56834
62187
32235
50243
62601
67571
49856
12445
3837
66192
68082
54303
48920
44283
19535
4158
83853
88330
83360
85896
78940
26774
8878
61377
44010
61311
40082
77881
82827
39992
72251
29064
26079
30537
56538
24292
17930
31399
86068
10468
29265
47359
95328
2651
66620
60605
13427
93239
39512
6246
3745
40768
55387
66197
72428
6049
53341
6706
59546
42630
10355
61529
39300
19615
74783
87140
43549
42320
49543
48544
75435
45513
69593
25689
36564
34854
50232
56620
83914
59847
55322
51895
97240
38133
4834
44618
32794
14537
70073
55173
6137
93902
1500
70091
9764
49600
68046
18201
2067
63840
86447
97746
36743
23085
87542
15073
15694
35995
65578
88680
2842
83543
97592
60784
74797
42747
98566
81941
76140
2176
87790
66633
78712
53946
74613
987
21105
74663
87063
75970
61062
22755
87148
66971
15750
3162
29789
54900
34847
25249
62440
1217
74529
89753
23860
3452
43543
78519
54677
28223
32747
39156
39107
7994
14702
64529
90181
2472
56876
2218
42069
64224
60352
74510
63309
30325
57214
80656
69648
15086
38627
21496
51274
26692
55197
24128
15143
58356
43729
79337
39954
91436
46971
65049
92028
98806
60049
5634
8774
29561
35047
54903
59446
50587
32718
47392
98573
52961
43693
97782
82755
54941
44439
93925
23065
88082
22253
49369
91404
9945
60599
39315
32984
54843
31702
92537
77822
68086
9673
31047
86932
78608
72125
19437
36914
86533
32961
54765
8771
37522
35763
55175
48471
80653
49236
89180
95964
29162
4767
71948
57754
57727
96621
28620
25272
32890
10911
44509
20421
15237
63433
92946
40382
53193
60272
17550
18761
29310
62161
16312
73326
41458
41893
73423
46473
24119
97636
75036
63818
41716
87806
57068
69299
38755
84788
58387
57285
45544
56153
41227
15891
47416
51502
45361
66639
54813
52163
7887
43738
79092
50400
42756
74424
75964
14144
47652
89742
83633
16532
81569
53092
27217
92707
49377
68186
3584
35163
79597
15585
52337
72983
74443
93295
48238
55549
92229
83930
53969
152
23532
96850
57012
93367
69276
84959
30962
85523
91900
72733
72922
87994
15937
49529
48736
8712
21620
1100
33608
90208
56688
9525
71904
42077
92701
34470
22979
64179
48831
98913
68487
15641
7028
74872
74412
3582
52079
58504
71988
79754
85008
79804
58225
70736
77295
37742
42743
43087
71152
98341
12971
2909
73609
91111
38970
54867
96532
33373
83756
4364
97470
95955
29382
83364
94819
79153
32667
61556
81307
36237
55831
71781
48322
32567
72415
59668
49105
6146
21557
63173
24365
64093
78037
19761
67329
46173
61179
89294
53552
97132
51635
1908
17502
9311
93929
11002
83509
13750
28161
51822
51892
39165
23421
92037
29303
71275
52324
83402
93400
98145
74035
96700
33577
31429
37946
85756
11473
17544
13488
49478
47789
36200
83032
91512
93133
96799
504
84107
61719
19573
97192
65325
26786
68147
69407
85923
34323
87797
48937
78809
90975
42453
25596
89131
95981
50701
81982
80516
52428
1718
944
78955
15705
96488
49854
86732
95943
12513
3787
2113
12563
49735
77879
26766
67151
54456
46720
16768
90783
32553
49984
96650
42154
593
54022
37824
5325
8879
59136
75405
74171
22456
26937
36402
93665
51649
56444
19170
75989
49689
25457
66907
42397
3501
91258
50062
52447
88073
5879
20689
44656
75930
89846
98943
78527
82627
30210
42846
79008
88651
79037
67376
23520
26462
77971
99614
99874
81537
45817
96044
4802
71343
88704
60089
43460
9827
20305
80873
77032
86230
77450
4701
79818
19171
85146
2502
92744
73485
87001
79133
25317
61160
26548
79968
26297
88473
21159
4555
62077
49328
76912
6809
4103
71623
4533
78959
77476
86496
40227
84869
84183
16831
1751
97708
37214
38340
46227
61486
73908
35471
56717
36860
54694
24879
68127
25124
94330
38739
94889
77812
73941
33028
68083
51631
47753
63246
13038
68453
52093
85539
82498
70925
5115
57525
57522
99740
32454
52115
57321
44963
90239
4783
90393
63448
89577
36258
86773
51295
26896
22834
65976
78689
24500
28127
26877
7085
41807
29367
54812
54495
38883
51937
17759
24543
71561
2263
57997
99929
36788
46717
97890
39527
71350
32990
10438
48689
91861
1168
73772
49675
53194
44346
7241
48328
14231
67914
20117
73983
58131
10391
7416
54686
85480
54493
55471
84927
3017
78927
25582
84223
36426
89474
98466
36250
27767
15484
81665
91430
60399
30468
52684
79216
70059
52988
23221
53920
21103
64661
50491
3097
86923
34466
38352
31644
35835
90859
11515
34388
16784
15494
59731
5475
8910
47125
11070
75229
44473
18298
94932
52696
55210
79536
386
1804
16848
10851
36734
3502
32340
55522
29752
29034
73890
20431
62762
6461
28052
59363
32418
48466
65456
11373
8347
72277
67882
86850
43888
3482
52084
75684
16558
45059
27415
52705
2111
34601
33531
62928
94959
85676
32582
90951
48944
18009
73026
92587
407
67798
14309
71108
37699
26907
55590
35443
58498
39612
78933
44537
40981
67430
4352
1906
14927
90958
57463
75198
69665
54622
95007
13080
19364
15489
41887
39514
39551
94507
19380
82521
88694
5264
27760
15339
5208
86427
48715
53338
87908
33991
63038
55381
5919
38750
48159
69779
86641
59654
19328
56623
85428
51402
3536
56582
27482
75420
92974
37731
44281
27457
93617
45225
92735
10544
52387
15017
58474
83745
45730
76492
82927
21876
32469
1309
17733
42644
7250
30161
38179
65616
10977
62886
72648
95342
15510
25378
23464
65060
19366
68821
23303
70111
3746
94243
39926
59127
6808
64311
15741
43338
41647
45015
60897
41061
56015
57283
89775
6832
40110
2814
47492
80283
64485
82417
45214
27570
67679
72534
46199
93063
94003
55990
66233
36008
59792
9632
18269
29529
6817
76953
7425
68828
77184
2888
79760
57782
63941
145
63429
85789
9434
79578
18526
50628
54954
25184
81701
63446
90599
15220
21759
93594
61278
49914
85813
66588
80341
92736
53447
80054
14997
95386
12414
35783
12206
91950
46636
87803
94731
74003
13479
41023
13627
64683
12561
20008
39479
72289
62465
14232
53834
97361
76224
11831
40485
69281
33676
81349
75290
25100
58019
87582
79132
84610
93343
39558
53454
5788
37908
19455
10785
60506
27993
37538
70485
3213
18216
82698
11086
43838
89106
85234
88821
18105
3618
14142
84079
64016
22001
42114
84033
23796
29514
57173
83600
29257
83465
89108
40332
57556
71200
68560
34966
4795
77489
94752
68714
56232
64348
19016
78905
71242
78582
65010
77264
88245
8143
62712
90959
76518
18418
24667
29721
61812
14888
57738
81260
62791
22031
97901
40825
69392
73225
60176
71587
68684
92776
11698
84827
45666
52488
7858
81020
30705
48707
96697
27295
27395
71815
12096
6176
24098
78395
16956
47007
49953
14055
83916
20180
65345
7071
82077
4846
5740
86359
14565
33218
31385
36388
74269
81792
80140
259
79629
40232
65070
40440
11333
6336
12985
76250
54371
99088
58920
20043
69023
8905
66214
22822
64583
90945
52542
69194
11629
47186
38964
11764
65971
46401
52193
91366
42731
48739
72059
67748
2652
18957
9146
85514
63883
51600
73297
86226
74147
27446
68863
26553
11743
70040
65037
48371
25843
30993
53754
21383
93421
19225
43141
35190
90071
48080
14265
79761
44732
87320
32931
29498
97769
64902
55938
70618
50229
175
49038
97794
33809
98878
66590
54835
36501
95503
17265
5659
31764
82516
79106
12885
67439
79982
94829
98572
90655
76272
33501
71651
62564
61789
48008
8531
60507
63717
79307
95515
602
19969
6269
20639
94209
1995
47205
35895
4917
93069
53606
47160
34258
85633
32681
5797
74618
69361
62501
96582
78480
69695
83749
39371
645
27247
82117
51455
57130
74451
31621
10361
52929
52150
47751
10432
12588
81177
40913
11136
33674
83804
21751
69125
91759
92347
70455
92369
30087
38219
99491
87581
50165
65846
33015
68919
20258
61246
30246
82385
64841
60373
61247
53070
71255
30027
30238
56239
58295
13880
25506
23750
27340
4171
29722
35958
74756
60090
1072
93736
9880
52290
15446
53900
14170
3619
8963
29818
97245
17229
15909
54992
26127
42034
67230
55046
29410
16136
19833
18492
71552
46501
82647
57859
40872
46331
28748
85404
92967
45396
95320
78994
80468
65577
88938
90487
14842
79762
41943
96292
89161
85894
33807
15161
4383
77599
58109
48439
94193
71075
91531
6953
88154
94704
5943
23791
39807
94492
47176
92712
90028
91201
80951
1143
44937
35512
77793
34257
37641
38981
14023
35723
75902
54417
11790
49518
33000
34259
40465
58318
87565
86502
58078
39128
99232
19787
67075
27424
40798
71772
15886
12345
37212
83746
18659
236
94488
87952
51422
97360
1373
52892
2278
91203
53774
46105
27604
93314
1563
80626
78013
5981
32175
71488
80767
87637
51066
91278
78915
24881
50699
18437
32275
73085
92039
78719
27635
77509
76765
52622
86735
76164
52682
2890
43935
48278
68368
27804
30746
49317
66471
36926
126
26171
85526
51618
40837
62929
4852
74921
27732
30831
2885
48713
58616
74997
79364
34063
25845
85647
78983
68053
26419
78124
64843
84253
82983
4948
45501
8542
20523
64549
94720
66599
26532
29968
5424
76066
74851
86177
72005
40022
86935
46301
83615
53132
7045
59971
77747
94876
94997
6915
34883
34243
10331
52756
91933
64659
91220
69997
72498
89077
41823
83269
16549
68171
44856
83567
26072
7206
99240
13296
85151
23064
8424
67215
54758
59259
37096
87796
84139
29155
30629
28289
81635
94643
58040
9198
95186
67208
95356
20057
63120
6614
59955
16484
33766
10884
39779
97879
6295
83794
79414
53470
17627
78756
38866
38258
15263
49851
60698
59740
13310
45433
95788
40886
94877
51529
3949
41527
74173
76310
77057
39742
29344
50100
35726
70978
67476
36474
15592
98678
85864
93898
1475
4030
26745
99922
58473
43834
6278
44099
18531
97204
59348
87449
11779
20142
44826
39216
37695
86044
88299
65546
56099
3258
59352
42531
51117
70319
72833
57550
24275
59960
4138
83839
94684
84954
74187
35133
96462
32992
45280
94628
51203
68169
24472
82996
75548
27897
52129
1375
69912
97111
81357
24694
61821
64821
62806
99824
94082
9736
44989
56247
17401
62186
20330
89757
75117
25189
13326
12105
1470
47827
55790
82234
45287
15069
31461
7584
18719
74059
72700
10046
4435
17936
4927
81826
99481
65859
42118
79375
1460
54839
77966
29259
46312
11165
68535
97051
19968
89880
15350
51394
42649
19770
12312
94890
47317
75468
36778
75787
3140
37901
84104
83614
80269
91605
24857
90315
54270
7146
4745
75325
51073
36793
79309
38135
44519
86676
13748
84820
22170
42684
60573
45900
16904
35994
34940
40295
10521
6073
92053
35797
80582
48574
30198
53812
11520
75369
38357
1228
87438
11639
76388
52022
14049
24308
34770
58331
51024
19296
6066
41594
88301
95978
78054
32574
97246
67274
48741
8343
98889
17227
22407
18950
18886
60592
28656
45369
58974
93753
10866
57629
87894
86220
67933
53031
6100
81797
23168
67404
64374
62930
82138
72
24803
26264
85357
97398
2602
44664
70260
62724
31362
99083
60467
16256
91487
51246
99043
82121
47034
55669
49375
76625
21988
38585
670
41129
42341
7963
39136
43506
31850
91575
72592
25177
25768
73284
44850
64044
40374
23349
97480
24684
11427
27278
50912
45466
98899
49832
78111
99618
33287
35820
60334
69225
22443
39184
72211
5502
18883
12153
48337
23056
79462
13362
79209
18704
93623
26609
80400
11433
27709
29286
92221
93244
25605
9984
58784
88343
71325
31966
63227
43157
56066
40932
55279
76804
67588
5772
25106
62378
47151
8519
17764
12916
22059
91599
42177
57913
14505
35700
96335
12515
17236
55663
184
67314
58077
35117
42429
53995
55905
6481
36373
53450
2787
84148
32584
78133
13603
41498
14846
25651
21577
69000
8401
43886
16648
7791
1898
99586
96443
91097
1584
88150
59882
74343
83086
68350
61705
18768
95309
28358
57617
20296
33065
17014
8799
66559
12678
96130
42266
27125
53459
324
50829
98446
94240
5277
89798
28217
53265
79805
75419
11173
75424
2092
99212
23856
23487
73259
72913
71847
24471
35853
8160
1038
51312
93428
73614
62474
40258
76476
21254
86278
34298
95101
43104
41607
62680
97963
40200
4497
50687
42436
73182
11834
84693
68519
37448
44646
30476
88577
49629
33214
91231
85664
43569
31014
92516
39360
3376
44427
95874
66280
28716
31094
53953
96364
93180
3646
29188
31332
10864
40205
69244
59330
76265
15303
18215
40867
81889
87232
69316
13251
65178
84757
84428
96510
50997
27100
58375
65366
64366
91770
74167
99239
62637
39694
82741
94701
29734
63154
55492
78924
48721
76549
96448
65670
39189
15894
73064
92182
81355
46042
66818
14010
45800
70107
57771
37983
8499
9483
76414
99691
17899
92136
99848
82140
43281
93021
12496
89805
21813
34020
16218
80177
11858
81280
84982
21599
21676
39517
76727
51288
79571
77639
36611
53838
36678
77019
25769
64471
80718
6483
62655
45906
60993
90007
46022
5113
52493
32023
85863
49821
51917
35060
53761
89315
92084
3895
34453
19537
26064
28731
83283
61008
96112
8257
88341
30241
23946
27621
96513
8853
75871
55721
77473
35630
3190
40995
92533
97925
10564
87909
3408
31995
73617
42062
12139
56890
57503
80242
61867
23724
67217
53414
7358
50207
55132
18953
78898
61310
81522
67223
77342
39347
89438
6522
36877
17029
81700
67361
60871
33096
46339
84996
1435
97609
74100
87680
33105
54936
49043
893
36683
83786
79663
27985
26802
69588
4808
91112
11245
46580
48479
42978
80148
94442
78816
86784
6576
44628
34283
86569
56237
73849
17878
90438
21407
57892
21091
24824
96684
34503
34769
39224
3389
45757
95717
34834
60482
78129
97564
14288
85517
20622
81403
61417
22128
11687
39468
37453
51806
29428
18389
67401
54912
60226
6369
27834
13637
87845
58469
58251
82548
91762
71122
42536
64961
29028
66161
31578
37274
26290
54988
37756
1538
17366
7398
37013
43172
18628
30091
76599
34868
18827
64604
43771
70341
84737
75216
89830
29717
29205
33031
23947
10599
5186
52528
72823
59571
62339
27895
32047
27998
8810
82739
9044
28711
6651
41313
21398
42470
93423
67194
4326
32898
4825
2080
98656
61187
34794
12488
87322
53497
12018
75812
76456
95266
95721
34707
13041
27783
96744
54056
42610
40994
75769
97865
10777
39689
88656
7327
36206
86001
13838
45047
77905
5223
83948
78112
91419
45253
2185
83481
6714
62019
87930
13161
30268
93704
93605
17921
64243
59447
48735
45763
25346
46094
86202
39375
20847
90638
49680
66451
40827
73298
92964
4082
54558
49348
49903
10687
15638
23875
42483
23030
63041
27045
75040
65092
43186
44619
48852
43136
44247
36107
48217
72259
57075
16993
19646
3041
39700
40450
6362
63910
86667
32761
11638
73461
34606
39505
80194
75523
37251
46913
60211
694
3545
5188
80004
27492
78585
50654
70221
21844
73962
35056
60753
15368
80200
84676
56281
43837
34998
67936
70348
6594
8579
52464
60481
96006
39751
56045
63940
67357
68526
92545
37315
4714
79803
58075
70376
7623
787
74112
76475
8321
71663
234
5573
29913
5195
78200
26913
75829
98693
75569
73550
27990
49622
74899
47315
52250
40660
7678
97436
29559
17524
82532
29063
6466
37753
27056
69112
66779
25958
15545
64531
32777
72121
63740
78053
51495
46424
97191
18118
53102
17947
71511
43009
78002
45804
4215
7512
75801
9433
8427
55627
84433
26535
15434
90507
93921
6874
68006
16063
19670
45793
62098
134
45564
8696
71126
70798
96812
84436
85285
19336
51848
47931
82039
78744
34489
26464
60071
83518
82507
57279
69389
17974
78989
96318
55292
82711
71850
49251
70954
5655
38018
6327
3802
43324
37314
3647
98412
70074
37876
68932
76630
90415
84855
8261
71404
49841
39496
411
49256
82206
69777
42710
57212
87749
47600
20830
17761
21023
63332
34463
21841
49367
92457
99102
9431
36276
93492
31421
87552
25254
79769
80252
53424
8981
21146
3583
89468
5909
40311
52225
16397
25078
69766
86368
93700
81088
99313
2823
7632
48110
31813
14440
58527
38573
67567
13005
59742
52520
26247
51368
51314
381
61562
59867
79645
34916
77785
99680
61101
98163
35457
74570
1528
90766
66719
9206
10881
59856
60799
49718
99710
57566
84720
63122
59819
20266
14549
11465
54140
85322
18210
78024
8871
75374
47800
47238
43900
57022
48706
2423
26374
68991
92247
80917
1175
83038
13940
96039
50296
51758
3588
15450
55143
79057
7103
88075
6514
65305
35991
38204
75909
59366
88416
1965
20606
38342
72856
59980
19529
72563
49752
15108
12186
21085
31548
28403
15238
54209
37004
76554
6867
39447
33863
50942
3535
84650
4286
94760
13864
75434
28985
52904
78164
86424
58022
27892
47259
1899
80364
26488
78623
26339
32886
17666
75679
50021
93694
26241
69054
62031
65039
80607
16747
62982
37723
89246
34011
98392
65094
2454
59294
46210
12411
76402
36371
97177
34618
74774
92054
77980
79582
97427
39935
14829
5960
30403
50757
32151
8741
86824
72153
74824
70227
603
10293
59275
50132
47076
5948
69566
19278
20638
11462
91447
45924
62817
59344
26028
35
70358
34564
84313
18965
20272
77288
26731
10323
1354
85223
70938
75938
95085
40188
77558
238
22802
89506
84658
31207
49229
30462
56988
37768
7202
40504
51743
15584
73521
25986
56885
55572
29825
49082
48031
858
95188
13647
28963
14240
95455
57981
13905
14415
17380
72728
29879
30279
75904
56440
98581
80641
80385
40372
22748
27676
25492
34654
51834
71263
93015
63346
47480
73239
67109
66292
83031
63576
59217
12144
30900
43979
3988
86734
1548
17675
85121
49279
61456
39298
25397
44743
86985
31763
44130
10796
32211
90327
39874
95537
45332
61447
30217
52598
73256
45057
34510
53257
117
77695
96031
31812
45571
20267
48201
26427
55289
73993
15243
10733
66691
22790
72713
97952
23995
69252
59638
46452
8229
93899
76193
75086
90891
47389
63264
72173
23984
12814
84878
45976
61834
91832
82393
18651
87365
63186
86818
44886
26329
60274
87352
14996
16935
27616
22893
83929
16041
88588
12596
83596
87423
96356
95442
43670
14035
88490
17560
44210
86639
61961
74260
11269
36031
5007
38111
44952
66260
66813
79552
58642
69296
73677
66388
7089
91451
76675
47589
29533
62758
6437
44582
41151
96728
70541
31372
5432
79825
19182
91031
49551
59541
76380
73650
63249
15839
54458
98531
74306
26666
41325
86771
96738
53321
88273
77894
92241
27809
21931
57220
90072
77621
5176
43926
36238
68628
40659
10375
54601
22424
54924
88763
16197
47365
24246
42876
75135
24207
88418
39844
30163
41425
46673
89714
92631
72029
17130
5430
16901
17646
54259
66435
96986
123
21817
41899
88752
13980
50377
38510
1831
27541
95824
92829
31342
90017
50471
77259
41074
50173
95184
68626
26670
40767
11565
66567
99646
18125
95190
53376
66520
60319
95395
34089
21013
98483
93235
40795
89865
68234
46638
83689
24340
39469
37325
86452
84310
58979
53396
86318
17463
81854
70379
77311
14267
78593
60890
74860
35398
19935
43132
55138
50465
2006
20320
25115
17606
53219
22496
46367
32696
54396
41221
95598
78442
7510
41953
73316
78616
55711
45912
26932
83784
29756
75220
55315
60361
45102
61182
6317
96980
31659
4708
63421
69141
76513
11389
47406
49865
71174
33861
41109
1881
36747
83158
18296
12133
4123
11212
36075
35883
59694
25233
55588
26383
93097
48921
19491
82995
23660
85011
81998
26996
63261
70505
79525
13352
33301
5860
18807
86383
81207
23203
13473
48594
526
29502
98934
38998
71797
37336
28695
26496
5666
55513
47823
7226
6160
22410
75323
25130
72083
22653
67756
79639
16013
75035
55465
8714
76810
96919
60532
20360
33382
9516
70274
50790
28035
58722
6029
57174
6357
54362
12526
47015
14834
42596
81697
12847
9955
65663
62714
70697
58213
46355
90103
68075
61451
27654
54708
69862
48977
92387
80489
35106
5938
290
64318
38608
57571
97120
26433
60287
42208
46779
23878
18357
59998
46588
39864
44049
32461
96993
42132
84664
33037
20447
11821
59673
431
54535
19502
50614
14568
64135
80483
27270
48770
89652
57465
99429
87136
70718
67642
27561
52320
278
71424
54674
54642
43955
75457
96430
94846
33156
27070
46245
25164
96529
97452
29937
88160
43273
5180
38019
77159
91784
99038
38543
15156
49395
74720
16371
87039
1843
88642
9363
50000
39013
11055
73658
42905
4804
18552
831
29889
19835
99512
53314
88367
31698
64200
55312
56813
53496
53884
82334
98706
53696
90918
57334
25225
98492
36684
14596
99784
10012
25231
89267
82026
42751
45687
88393
11654
80540
66226
6224
17360
78982
80879
14187
99649
23874
6352
71232
99594
93862
77815
64806
66615
37333
1740
9336
89191
63823
12343
81613
41512
59186
71696
64475
14450
22346
572
65314
96184
43297
25667
63491
76907
39772
17362
38989
55350
78374
38861
61069
88452
45272
10975
8915
94223
38960
20444
68201
73719
38214
19083
27935
93616
17110
93489
35597
31172
33950
37725
13790
52732
56236
27651
38375
97792
17491
87962
23358
15600
35821
7577
43515
26368
2554
96276
53227
51771
27628
75771
46157
33651
75673
4827
34260
7617
79121
50353
10147
32724
24029
81200
87699
29870
12005
20765
23089
86561
61576
33621
54397
38499
32758
71129
54929
66772
10027
10000
91719
9337
54806
14874
94905
13823
40315
27208
77591
64586
13937
7193
38837
71084
50558
95791
28861
25005
96523
41349
9173
73381
62727
29565
28720
4450
15472
2228
16263
93942
25953
2268
32071
99616
16934
71743
55112
97902
93598
16970
52132
33207
86566
92729
54803
49860
23566
95822
11341
73194
7444
79446
12855
10025
83575
15037
92797
47715
43591
24303
55237
4581
77652
77973
77989
16096
69197
87314
3407
97165
39328
40132
90383
60932
57586
71813
42850
44532
35999
31209
21995
99554
45006
48473
65324
41901
48751
8629
32025
94522
64416
42166
45760
82362
49356
73147
72647
35897
36072
41937
32184
87121
6145
30936
64319
69679
12010
55
34217
10697
52594
270
56670
16248
62505
14363
42481
29927
5895
7979
74290
25486
59115
70132
41312
74382
81526
11205
24072
51051
38337
66288
9988
97402
33596
40722
47718
55452
79745
25335
91847
99274
18136
82831
73125
7894
51624
38869
13260
56892
71630
94036
18395
92790
83762
63033
59556
83708
22097
67152
30749
56463
73160
60728
793
67111
27407
11718
74279
98646
23104
39853
3116
89195
37697
21928
75843
23966
30778
90866
22247
99629
4408
81647
50999
24422
53590
22659
74691
84990
77904
31693
93328
10698
40318
48933
69169
78634
40260
95646
59165
57091
47752
27945
37296
79340
54156
10130
77683
81766
34385
78191
3453
33723
27414
99949
9034
57797
97362
59075
46266
16369
11078
83129
56144
4809
89786
44590
39667
43198
34485
21252
59658
74897
49126
31430
96899
63540
9960
96309
8603
5857
77840
46371
37121
67912
41738
501
7534
36463
57455
93599
63452
53374
71744
23590
21750
64773
45436
47741
62706
9387
92975
79358
86710
94989
3924
91680
64058
40463
21390
88959
92317
10341
77774
41549
16742
9448
95249
16413
65648
19187
12036
13947
96231
37186
69712
33360
62732
9493
92181
59142
65233
52994
68492
56356
19318
63304
77678
10449
96953
34859
39699
179
45833
42259
99476
25975
51536
9689
1919
93781
9346
97153
67611
97358
3357
8864
51293
40676
82211
86355
21610
8867
83923
86570
40393
67200
94888
33797
75465
57909
38722
68427
16946
81408
87502
85354
92998
8198
72051
45750
77382
322
5108
65402
87694
57376
76046
58245
68231
98922
68499
32362
60264
40538
4520
57920
16478
20104
90818
64130
16908
70896
29647
19855
86949
80134
76072
40030
60465
19589
11364
43045
87167
64368
76194
84228
94104
68953
73567
14496
2717
60259
12966
47366
26677
79666
67772
51951
54485
82182
84909
44129
5722
45761
4490
99668
23407
59362
26088
12202
99285
8141
34244
88961
55758
6272
13641
59178
22384
57311
50428
24908
45340
76950
99182
47479
88810
81546
33798
27940
39190
55769
9052
74936
70814
97784
69814
93585
29578
92770
39710
15300
32671
43673
56811
69850
66742
4572
50892
42660
47559
53537
16520
73504
39922
88699
41604
9618
75583
35151
46918
50081
40239
7725
46857
1302
29397
88587
26653
82545
6513
20616
79399
23855
94828
89274
13909
62313
61980
24228
50828
64960
6268
89655
46969
72520
32212
77364
34421
8984
92640
86837
84535
21012
32267
60145
21217
41154
29311
20170
14776
22079
1749
59563
6045
22454
36037
79558
75398
48167
61501
66670
122
78570
71738
47568
10963
99896
7342
86342
29116
58656
33269
14595
61323
61659
82257
83189
88701
76641
96956
54984
28246
30
48564
64507
65959
6008
40475
824
93602
22578
58124
19354
5130
4541
56699
47699
51723
43146
71711
66326
30810
45930
50239
19997
18237
66376
81500
21089
21121
64252
92566
83384
63888
8615
78328
98388
58039
8756
8409
62023
82853
98443
87183
91055
12328
45886
70747
84624
58181
85290
3317
79251
13410
48138
2333
11618
17661
82888
74554
16475
87004
5987
17689
65549
69373
88887
25523
6955
78718
99401
77224
29708
50563
29262
97998
61781
62022
86953
55949
58005
14693
17128
89144
33643
57127
1897
90414
67344
44442
53974
26492
32941
1546
1254
84233
41600
97471
44821
91329
49059
39363
4890
88046
88013
33240
58262
38528
14584
11009
90933
5243
38220
61117
7043
59853
20658
34487
90908
18162
22976
61302
29525
14904
80768
60851
78015
26002
89817
81846
93068
89801
84699
83789
4174
89368
1678
19337
83219
15028
9769
48468
45960
37259
14448
78199
48006
11208
62855
64974
94974
37290
9053
75802
79848
82729
56707
76932
48517
2245
74915
63507
74932
47272
42656
4099
23563
38335
97460
40095
51792
85631
13073
70387
96836
72572
56312
63209
61545
45452
18816
39148
48960
7618
8400
182
34967
94447
8266
26967
20851
50743
83408
36805
13182
15699
85667
13001
87017
3496
36520
5765
94357
96975
10292
60476
43831
65870
76885
29248
99446
11023
79723
16936
22911
89498
16865
67046
96963
36884
50549
55473
72569
20859
44756
74444
59112
64998
84357
89067
27580
60754
95381
30593
2883
14869
91261
12646
26126
96283
48375
4097
79361
6634
82359
75873
49738
4643
19878
80470
35134
53078
71853
52330
549
9049
94443
27242
38813
64390
25890
8549
68319
70839
67966
46558
54549
23496
39089
31856
24708
79454
89511
77209
64669
5958
15552
29092
93711
27973
88975
67958
22889
31494
8033
54170
90337
84525
48797
63610
13103
9718
26689
99036
84288
22775
87710
93197
11246
55919
16775
64206
32045
12842
60633
35118
17300
26378
2356
32382
89403
24727
36255
32438
64010
51881
43215
63799
62015
6521
4304
76473
67553
97135
47064
24059
3791
72426
93875
64598
40702
33588
79625
51850
45229
81899
95690
72813
96387
24665
37664
19954
9976
40118
95657
88505
5311
80247
86464
40100
37010
45150
24044
63339
11902
18383
67039
48202
81195
29281
91796
45456
65979
57183
23378
47310
83595
20735
70641
65741
51519
90455
40410
64250
56076
52799
71218
62587
31620
66655
39947
91627
19428
86443
63851
12129
96199
56421
13050
3346
69077
49213
43442
19141
95171
17719
36459
5808
26270
25098
5944
22722
55202
77600
3585
97809
75595
37585
27601
52925
98671
23728
87867
3944
98442
85159
63928
28815
83733
49115
70035
23693
4877
6951
15529
78303
78777
17684
12819
2605
75266
6223
74526
31388
48823
82524
40742
16238
7988
74395
94553
46595
59915
13512
45
27280
3090
11365
92249
70357
59608
11586
96421
7630
48660
98848
34248
8554
61452
13582
45198
59253
97645
13642
5592
90736
83625
21914
31113
59413
35828
13957
20925
22334
10226
7890
77356
63843
73162
52995
28302
20810
50584
60456
44535
10208
4841
14152
19526
19333
85448
3911
86776
96967
51416
58763
68062
59815
64075
54287
57509
41797
77481
20519
91696
3961
57128
18403
64539
23484
97723
5204
84569
28017
20624
57616
77610
80976
93937
76947
93809
3926
13550
85857
23817
881
60721
1984
85230
83282
37745
20099
65065
55709
37122
80480
35538
32572
27265
13426
10802
22174
18682
70904
12745
85825
94509
97980
59761
28430
79478
37249
71096
19124
69209
49040
15004
68696
96358
19722
39055
49633
92741
82877
29860
58378
43051
50893
70637
80300
99659
24239
27052
93932
94533
19203
26361
70006
76743
35689
88751
44000
18966
93447
80541
75089
66699
88215
91136
78991
47164
10568
65863
55666
9111
74257
69030
95965
85023
4897
49255
88741
92615
10903
23594
79215
60051
61213
46211
49525
73952
67176
28261
45093
6663
10913
14204
85817
47398
9031
60043
24344
1421
38358
10875
80566
86262
61915
85532
70173
76594
56201
40903
81689
64706
49156
44845
93644
55447
76093
78359
68651
75809
11140
95501
56756
61009
15280
38862
86567
20470
86972
55652
20344
35514
63522
125
75910
34977
63945
48562
73819
71810
45583
4938
84282
22749
82823
57333
73717
12744
3559
33146
21682
35211
41836
41188
43882
44539
93796
6853
88248
67794
15625
96774
83431
29009
54225
91620
65025
33849
28362
49755
15225
84346
98996
35934
75210
70383
85412
98182
12209
81488
22739
43798
81296
92756
52612
7222
30813
92466
43610
48271
72229
75643
44645
10481
32499
66281
79291
71861
23744
57983
15132
44147
91625
48976
33221
79486
89162
67397
21794
97956
92895
4985
27925
5322
26582
35836
36980
67012
91739
28082
53958
99124
69290
83224
61095
39206
22951
88419
49112
35913
39510
73270
23782
21670
16922
10
88457
32775
23953
8122
67850
84660
20789
52188
52583
31285
27344
64194
88353
10457
26540
73917
6666
45915
95542
16351
42426
8170
44981
83508
95913
42815
60989
71196
87292
42078
42147
17843
85641
23375
25856
80585
40431
50877
29963
50916
79969
66617
26701
34909
15179
6436
7107
47545
10557
90616
59518
31768
512
62347
13428
21332
52882
92234
2361
13332
66460
82092
88575
44459
35556
18235
81044
78385
51205
82030
65490
78019
42409
87234
49021
65012
39041
43943
31755
53734
59821
3670
88623
6022
16815
45028
44015
59714
16907
37400
86339
52245
50392
83586
83956
49261
45784
58636
39078
95846
98925
91533
96357
87611
82081
78042
5910
86340
40016
45743
90134
99727
20951
92096
57219
62597
20728
82573
59321
1182
76537
5862
97168
7875
52430
30511
26589
18160
20777
23246
19342
77002
78963
35667
62690
46458
16038
66387
64134
79451
36872
5168
72958
56031
78074
59741
58448
59789
75892
14065
89712
14921
17071
37445
55423
7780
58098
59813
45286
53045
28639
66377
97270
52171
80179
88744
26905
30932
9181
8251
29327
52632
99503
72775
48840
61645
95226
41757
14570
11789
79078
24057
1589
66153
10801
83623
14509
71565
46738
98462
9373
73841
38709
95283
7248
45463
53741
42892
83195
71354
87267
69195
82403
97717
84049
7281
28353
68813
54098
17302
80237
32947
9251
21485
23909
51418
17581
83055
15747
88254
31120
60423
30782
34779
61249
75704
26862
68325
69420
70440
58326
58946
65133
27997
90146
38803
52530
63621
75348
98336
80295
46767
11348
27922
83222
5705
47301
65958
18496
37413
54508
48038
77752
24603
28800
77611
30045
21901
93813
48518
85904
22318
65330
1550
67618
70156
94857
13319
97326
53413
15580
9881
60834
54300
54785
58253
65403
13168
46475
42410
93474
5171
88595
43805
14810
32486
82129
27336
64896
46478
48374
34553
1455
266
75846
55650
25776
98035
17404
10135
59800
94639
21170
27128
57172
92198
42590
75204
9551
75331
83094
57956
44545
29702
73115
42003
11356
24173
62630
998
88360
36418
41465
96157
31843
96008
75566
67477
16640
80416
32885
90461
60384
47846
56762
41348
68511
2441
11413
37677
1547
26439
44776
53735
43481
89877
67413
75554
58361
32828
27086
38534
54367
87157
96027
60876
44836
20681
84344
13489
91529
41307
57299
98315
31169
27145
53295
27805
95814
97943
36470
39276
61895
93743
91420
81804
88738
38450
15309
97690
33060
7181
34164
59425
55856
60350
53853
82526
34973
68736
12346
64299
72828
64103
16642
38956
24984
61037
16401
35951
74651
12783
20613
8612
54599
38952
31526
25449
19674
90271
81845
96371
12341
21341
88571
32365
21152
87298
58259
48722
73886
45488
79636
33510
87698
6635
28384
44501
60956
2725
24354
38791
55061
97832
26018
10121
14058
54877
59457
41663
68950
29541
7318
42165
2148
80735
27014
42087
2068
10339
94252
48401
97997
81295
37432
87152
59462
73164
32623
12349
61757
85924
20988
58782
10525
63475
81116
84590
46503
50880
28182
15195
34921
40952
90270
98455
15784
65286
75122
39677
25658
33188
67000
56862
39252
61338
19556
67913
77315
97102
36438
55413
74423
402
60096
21000
99759
17699
19397
78649
13525
42136
87758
58454
33254
13786
72028
71338
27315
50758
75317
3021
86746
74039
5945
96863
15918
42552
61876
10989
17298
86698
89538
22068
83959
35914
44039
32453
57977
85450
55371
23458
75790
69640
93496
40681
7895
8457
30837
92361
23550
98495
17351
79574
84844
35493
71930
32601
34556
95692
96817
97667
47291
83365
11956
51526
35127
12035
81384
34791
43514
30867
8888
74041
11437
76011
43182
44679
72732
16949
22395
76519
51482
81418
58382
72292
46660
36929
67703
88244
3999
44244
88111
53755
27114
57841
14395
64885
20370
59698
46903
34002
89452
84349
15732
19558
12114
34358
50441
17180
93354
84780
45941
66965
44643
21437
51127
41957
73788
20567
6776
47958
59677
46976
67954
26442
47825
45953
80748
9307
98188
36049
99167
57327
7715
43606
20083
37482
67790
11234
51685
40706
6441
20818
74468
36230
13815
22398
62427
18453
39065
49183
40553
43923
72517
87855
88979
64270
48537
87378
15677
88797
92851
69885
23189
20225
53158
80205
54779
41670
52130
31622
94939
55798
78203
55360
54111
21970
58874
42795
20970
43788
24848
93402
3290
33148
35814
67143
84004
14150
37638
29882
57732
38332
50946
31551
89900
16838
40096
88685
54581
92451
23564
81186
68321
32172
50309
26931
75685
43544
10798
1275
24541
12852
82868
12690
60519
74911
67773
54726
24361
60674
24459
72814
7705
32545
55934
74259
98025
70639
71502
49487
83898
43466
71362
22036
50398
8892
79681
61018
59995
17970
13462
27383
80407
13931
75631
33992
80034
32570
21396
84201
4074
2417
64261
88293
96609
4874
20717
99402
4294
8293
45673
36085
1291
42522
51703
71374
41464
34544
82809
35555
32599
79082
48043
2635
42998
26536
33083
67935
92148
85683
12162
14651
35807
77410
26563
23923
42624
8360
97893
2106
80120
29651
9056
96952
4478
55944
62272
31290
52600
45805
52930
89851
20247
23058
78195
19813
30692
33181
29359
77014
46989
95136
91237
55545
43314
43905
68613
58351
65304
13437
28134
25923
57032
39802
75137
74061
88052
50131
96401
86917
12269
22058
20983
91540
65413
99022
73043
33166
92673
86514
74080
98274
63139
91681
13883
8492
40704
44313
86859
25594
39991
12465
66101
95749
76312
11575
32776
49358
56576
69641
28947
43086
83454
60041
47763
65533
38407
41080
76617
44320
84903
71790
20252
41859
52113
50960
5441
28136
77451
82418
22905
55802
25309
63349
20237
67884
8022
13566
90523
99159
462
75536
71578
1781
43616
94948
10327
42847
42153
90435
83861
53234
14100
46867
11301
10922
66354
40993
94426
46732
82815
61439
48222
341
80368
28105
24026
50360
41135
96739
74985
26718
19421
37456
13312
45801
83958
62619
70048
40701
98420
51659
13630
52650
32302
76987
40851
29329
3826
75391
41031
31647
40885
9365
1145
61436
75276
20731
64444
89494
82733
66189
62044
46309
39204
2259
35378
75100
28386
67955
19050
49297
45621
21568
41564
33049
82876
17596
83989
20686
71736
21545
71574
28503
32986
77353
35326
82700
39923
65050
59605
77917
65655
72094
31298
19285
58983
44358
99655
81497
2279
40630
23383
21777
14699
41489
21838
51684
43013
39809
147
90954
36913
93849
68393
53618
94685
14910
5363
86518
30234
61874
82539
40558
13186
49343
17326
81359
24672
14902
78589
35426
28544
40684
53508
98280
25750
14365
6822
57221
14208
66936
28910
930
64083
42560
55718
40670
55464
84853
18426
97539
77845
13217
45267
36964
26725
26630
51727
85545
67846
90893
49281
45905
65270
20183
91965
23554
54018
32337
79294
42857
48204
43596
70098
57836
40730
62498
19308
67769
93360
68942
56510
4211
44381
69840
24608
93250
99569
91682
88014
57071
82581
1024
59952
45467
76369
94299
80913
82016
4857
9941
85571
95272
24089
81211
73718
7644
63168
24768
15083
79884
95762
64033
98809
59613
5373
18082
91646
30245
23309
29724
97774
73956
64720
69859
39444
33262
74174
84347
19600
58662
62729
91061
71535
35905
71677
36386
32407
12039
5134
96503
43381
46469
23672
58435
77118
67736
40729
75269
14338
39062
85195
64284
29239
83014
13178
87810
20762
20849
22025
90963
30411
560
70513
87859
93039
11486
96376
95318
56036
5657
74463
89141
54561
62750
41907
85915
27869
88578
26287
49725
14103
32046
24934
74888
7948
33255
57082
85963
2804
62853
55209
43975
18988
42376
65237
26985
2924
53352
83153
67327
61441
32209
16120
40053
45337
67263
11805
33282
34493
37722
66453
52515
34760
17109
84533
75009
68377
49536
50169
6189
74208
66837
72607
53043
87703
94274
33057
66491
94781
39794
4353
5080
37476
34519
88553
76642
84176
12311
39903
25009
22383
3439
93524
75693
46351
48532
89952
17244
93779
85845
18432
5270
72272
20399
23827
42638
36119
51899
16123
62945
86335
94455
2660
35809
86268
21741
92708
73629
51961
71230
8815
25756
32981
28283
12998
55205
20802
44759
59453
57698
59039
67897
73474
84656
73914
66792
75039
3993
64403
80212
29020
58143
44621
24068
20738
17375
42249
86617
16751
78071
49591
97059
94774
38797
73399
37487
84750
16996
47506
87326
41025
51835
37856
27986
84080
55714
93116
23275
47593
52706
25721
17768
53437
37338
77167
6006
25083
42330
73456
69374
12417
11963
72640
65783
45222
37006
88591
74255
91577
75207
219
16681
11049
97365
91470
78609
37977
64756
98028
69939
5926
70371
72660
3493
65246
74662
40980
514
44365
89700
38572
1086
73748
73128
26572
68068
19163
43725
66372
64746
81274
61788
36417
23010
41056
68012
86979
58991
56759
89375
21571
83501
46853
87380
4446
82075
87059
57697
47929
97744
26282
78866
7751
68468
89569
53523
15499
48051
34932
84438
76906
43865
6996
76544
32999
4984
30009
53275
3415
99967
61473
94694
56705
44008
85680
94802
90472
1414
99573
29861
23641
32919
44149
14225
69321
21339
26922
29292
16826
1431
99509
47891
60617
18229
10991
188
26371
39007
67949
68618
56597
16890
43512
22787
85742
13959
4205
55935
27566
86885
49502
18511
44269
70153
14416
58090
90532
7636
28424
77797
86293
98386
21051
51378
94173
85456
84811
42676
51845
47286
84605
8645
71701
55417
9752
33587
11794
85892
66310
8467
47879
80206
33086
58566
81965
8562
21178
58209
16702
6144
22294
46357
22131
45951
50511
37669
72009
59477
41297
33016
52445
5606
38596
68870
18640
81077
99769
37089
69261
50964
5661
35569
57844
9280
44194
93487
19265
3889
6415
79411
82511
50606
10831
73114
65469
99428
93557
14374
87752
46598
66420
71710
87835
76213
86136
72597
67188
86699
67204
62600
96858
9040
57706
59400
56603
7672
91493
65292
61630
92087
93379
93346
61145
3424
95466
21016
33402
58724
88566
77738
31991
22468
56109
23466
67179
13787
41352
39829
17832
85090
16113
30047
76786
65544
94120
53594
52571
23308
6117
58708
97224
52359
43556
38010
75542
76560
82473
68839
47081
18562
36152
50857
97103
60772
82658
94023
45273
25622
36477
29355
51238
99106
87985
51005
62704
46509
74866
99732
31713
46537
21943
9733
94122
41316
8957
50929
85906
31404
15624
1884
87998
28905
88322
22192
45242
37656
85135
77808
49542
75490
45850
91553
28896
11305
47927
70703
60229
44612
8589
31539
66735
63802
23509
30381
21725
65570
24582
2182
74402
69468
40665
43210
3528
79856
71036
58269
13197
33576
38077
58915
39673
91448
27754
96102
58010
95180
49613
20747
65135
65922
65180
5159
49142
94297
4156
47153
15993
49792
73824
72867
22940
11689
27314
3515
39557
417
22442
19051
21651
65745
34697
59119
45549
71964
98947
95618
52417
89968
53483
32994
93597
26450
10434
32902
71636
37986
72950
36022
58798
31271
97066
35720
37940
43112
24144
11921
88392
40034
15725
81611
60988
42195
70779
49029
68268
30979
34297
22627
79384
9180
81593
70287
73325
49022
10589
69342
61346
50358
93424
71394
39408
82333
67124
79085
54754
91592
49653
84681
67728
44225
33078
76847
84884
65774
4377
40115
46504
96667
93847
37217
90710
7662
75257
36726
20815
3827
75702
32067
5574
82025
45018
14082
93003
17981
29395
82746
13839
33161
11067
37075
2315
61423
69456
17691
5013
15012
4584
44431
2960
64191
34349
96491
57154
77791
24705
71387
91212
27002
67666
78958
83436
19648
34994
37579
63255
7741
44609
23854
55395
36027
91519
77010
31500
51000
44256
76726
2735
8068
44737
77972
15621
77329
25025
52157
9475
94141
31964
82441
47237
55242
27486
60719
97199
36188
92575
50129
19805
96247
91077
84955
73483
65299
47222
48128
61291
29934
59966
30355
15659
23793
14281
17559
57794
91395
19926
51158
39462
36103
90706
28768
18137
49205
5491
94266
41470
41793
92847
20489
69982
55212
56354
86748
20878
99879
31760
48494
53187
53080
77145
22063
84392
33784
79151
90192
9318
91730
44853
34958
22830
61873
60124
68556
83159
41703
50386
18503
43945
38525
78460
81533
85037
60444
59679
3857
91697
33370
79108
6210
4687
63560
60273
46578
15283
16632
79243
55538
36190
4151
93187
18926
41137
53739
64745
37459
62661
95649
54861
67345
25827
15738
72929
45083
19518
8405
34103
19604
41740
68538
74523
81433
94624
46795
17443
83142
90755
72115
40544
93631
50104
25579
46830
93151
3652
19309
79953
2238
70075
89989
99053
60210
35864
20493
91795
21554
84642
45769
82716
81762
2639
27083
77750
87433
66743
1398
36576
61239
92659
49721
90676
21302
94635
89352
81818
67098
67568
25931
84612
15191
66872
32697
28727
41547
36
80151
70216
86548
90617
10542
45233
65955
48227
81122
39160
49783
1614
81680
22502
24048
15044
50461
44556
43004
11
95719
22664
98885
25454
46781
84882
38045
3316
68092
2733
88537
81964
12610
40675
50734
7274
49103
5092
85114
86492
46220
50677
47754
40763
79794
84170
82518
88682
72918
54834
50134
52291
79891
72829
40877
83417
70404
39708
76851
45956
83
11513
14749
7130
45284
73580
15438
87871
49585
98665
51239
6454
6162
21309
31076
772
48538
13592
81248
1092
3101
68707
54439
34727
39464
81861
94620
12924
84455
67122
73982
96064
34744
95114
93786
90923
20761
41559
67729
4892
10562
34253
93915
23655
98651
85207
25495
5151
40524
27106
32428
32096
62214
85405
29570
29429
24196
30090
61918
26941
99964
49800
82591
97394
68116
64293
44441
3872
31549
38113
77943
71077
93338
85463
37749
97718
91467
14285
16903
92375
21478
26275
65147
69920
59757
14195
5802
19180
92893
40453
53261
95854
18377
71088
86895
91481
91866
8408
34133
16373
62916
9481
38589
65064
43825
3532
16979
39849
6208
43244
77771
39011
66560
84879
44659
93358
42219
14947
46028
47210
54321
68292
64847
50233
88163
4001
51251
43879
53197
73741
27409
77331
13017
82309
25554
73077
51056
40626
20733
87621
53029
96706
90087
93791
26611
24568
98141
59106
92826
99220
58443
97995
72405
95588
56870
38482
74590
1436
35244
39388
84775
46741
46484
4202
23621
95465
50276
38029
14211
82728
1109
26413
33633
62337
40814
56087
31150
89572
85166
53345
16604
20119
13337
17551
53675
17118
66844
70982
14193
73637
25275
71748
6484
45766
16891
80378
34835
50147
7710
94247
20171
45950
28581
25562
82798
58470
53449
79353
71931
55103
81718
33683
3674
33177
35813
40187
54123
98331
96097
55153
32265
60815
60907
57614
24074
43099
13660
67505
65083
25197
97839
2236
38123
20786
44767
13736
62291
75973
13155
40263
19681
31414
77559
76376
14747
28198
60025
28841
35490
79223
59073
34607
90769
27192
18347
33754
48633
16917
32754
95895
24871
41946
8064
55254
57036
61093
56958
24403
96504
87846
62360
76077
93319
84149
97535
26086
17339
19925
79357
84366
90846
24800
23004
75007
35144
89679
25766
72768
29679
12342
64663
97914
9356
30758
70598
18661
82644
91306
97631
12699
84524
21388
99400
27579
21927
59398
26997
32410
83675
54340
94743
27044
25924
88253
15377
74086
26276
59430
92409
70516
83392
30347
36634
27851
82023
35372
28016
32419
84463
55349
61181
63415
83651
53876
92272
34476
72486
53291
66115
10294
51477
17297
78183
71641
81379
18954
5662
57504
49554
3816
87128
62279
82628
16655
71210
97563
87771
93860
63506
99865
2671
29029
40563
96295
91663
91721
99249
36502
33780
51451
77103
5652
30226
61152
81716
62194
78981
66642
62870
84685
77454
68493
61305
86156
47080
54268
40914
72049
97277
58329
3759
78170
14352
88145
31289
44542
5155
76856
64911
38685
12671
90549
21151
12166
35653
67709
12662
68783
78804
55584
74054
92206
21702
56841
2788
1423
10810
90836
77420
59863
79079
50361
77733
42127
33853
51290
98991
14856
61434
22864
36834
13137
99606
58159
20775
16578
37398
31423
9507
80544
14194
9084
64310
87229
69213
74591
65041
22947
46939
1090
69424
60586
78446
78558
41791
62106
18448
26703
45131
31910
67203
55805
4879
996
36439
35283
70733
23305
74983
80553
56214
3820
92777
60589
19360
66563
65082
60217
23761
13511
27523
34224
99689
51923
26391
3644
87968
75717
97354
48777
12914
49891
17998
5543
81521
20265
48330
45035
76687
35379
93079
40162
80131
58299
62570
12248
72719
8504
20141
64396
61842
35668
35017
50455
75876
5697
30703
7049
28239
596
52372
84809
49168
89118
81555
35485
15887
67234
98271
47367
21771
90367
88492
41482
28651
88731
15542
66409
72249
1034
56724
62975
20438
58943
12649
87308
95070
11861
50910
98129
92006
55245
15148
4290
15474
81216
97099
78302
65668
4393
55166
6024
35739
45349
63256
38651
86752
54989
70030
91009
48224
11037
62582
89918
84247
85945
97137
79834
17024
26754
64340
14434
2355
91434
95021
59458
72262
62008
47588
31028
65907
27937
22776
50435
8378
70144
70138
4861
65
75532
83793
86288
43969
42708
58622
47956
93966
78165
99760
30783
73031
43264
83318
1150
77039
88697
39867
82089
64509
47896
22634
92388
78822
9170
894
73217
35215
45313
56519
97986
85235
87123
14522
32967
39037
1786
41657
28831
41358
92740
84142
24827
62996
73740
45391
29556
7418
66146
60278
28624
67989
28163
22689
65192
93426
42196
39961
13958
1983
95516
65191
92842
47464
20205
22549
52950
33252
89198
84559
92573
97441
29591
5486
28760
24621
35335
61548
10835
52887
77268
76125
33379
96907
70768
6626
34891
6112
88225
22371
81801
50453
31691
22286
45143
22350
9305
59877
2275
90366
4738
52635
36088
70142
4078
76087
73694
39141
46395
53313
20871
77072
6530
35380
73970
76420
5367
88385
25047
77548
58935
59459
19827
69578
96215
70514
56318
41027
91295
27957
79508
52306
11417
87720
37178
24738
60500
75017
69991
3828
8474
80439
79766
37792
66663
96363
86403
23584
69517
34584
10787
86546
81805
50002
53667
37500
19815
63370
96594
47988
9
58386
27886
78690
90920
67976
7958
55845
88019
27670
1220
94032
7933
39848
31888
20501
14264
94957
88177
7808
3581
96180
19259
24406
39862
42702
60303
15859
85208
1803
54446
10952
45608
78080
75951
87100
49063
60180
69382
23149
15657
96550
70045
64219
20857
46834
28694
26810
58108
80592
68598
99729
96131
4195
72103
18941
29648
30666
64468
80479
80960
47028
53382
23332
85643
52993
94641
95247
99129
66021
74335
10141
77873
675
94673
59559
39035
6012
55961
99039
50872
32
66767
32027
73258
46615
70900
52537
6101
97415
12758
10263
17090
3008
365
20926
22934
2944
71106
80367
6114
22735
61378
38425
56108
64714
39796
47388
50135
6696
61336
10169
92158
38460
97279
93604
40717
16542
53662
54820
28628
10642
25577
41484
98993
94834
86585
66720
62869
77239
5023
30223
10392
8368
68792
96749
97195
57375
4427
19219
74194
78377
84350
28902
2366
77951
45252
18535
58717
38051
44274
18736
32369
3539
73539
50665
19211
55874
91105
96620
39755
80231
85587
23692
9087
42046
81284
53640
26648
13913
9690
18770
83802
75134
27811
63482
70277
45985
86532
31232
44742
63706
10453
12724
36234
42209
31592
3394
6167
48133
44092
99017
68182
96715
41269
59124
73542
97981
91226
21717
10379
36054
16496
65090
37676
20587
41831
65985
14667
86552
25979
69736
75817
59424
56778
4365
10874
11200
22029
17205
92606
48327
81417
83199
5372
90646
23126
95665
87895
11637
29086
20600
51522
63129
22007
38153
45263
75728
95578
65343
69748
78638
81205
67634
40846
66302
37887
55963
49638
39418
38760
37547
57301
3200
30339
76360
29185
29471
32721
78157
24256
73641
16093
20234
19297
75300
39859
98555
46526
52382
50878
40363
59715
27226
78299
60675
2205
17422
25659
67623
82494
64675
68088
35566
75680
17295
46108
65213
65109
35561
43023
62420
1418
69506
95497
62529
10094
63571
82034
54744
54615
16960
94699
51865
63930
86740
89983
58369
82068
12172
10410
68165
21382
14122
41978
33529
72438
26638
75895
21010
61078
42438
98153
35213
49404
83468
77064
73605
9647
32435
55410
80442
45820
3947
91068
62366
31982
76819
5378
79387
312
37776
96268
48002
40470
53091
95080
37237
70933
31829
81419
69780
74532
76180
61596
29295
13710
30646
11482
77662
9178
68819
93223
26529
36827
97620
62506
86505
41640
13926
14303
48212
36115
86737
46960
22176
36577
39292
3586
34939
19133
38768
31105
32897
97213
24517
5877
17314
9397
31952
70186
59820
37690
69773
10667
96354
61044
9931
67004
63267
95240
26071
53715
3014
39521
87589
76490
7265
55906
51316
66253
70715
65271
55888
89172
16792
39331
46539
17378
35751
75972
38310
67894
81645
88217
67216
66998
24254
99608
27491
43659
17499
43992
39169
1045
29275
12045
96436
75983
70847
65205
8478
75413
47551
99571
52143
14781
7441
57051
5443
35862
31274
6729
36090
69380
96273
85754
68017
8282
88665
30853
72642
2172
43760
23961
90771
67531
68605
19420
34376
12865
24212
75192
39162
7310
69594
51943
31745
25493
7304
29021
40355
60385
78715
14715
96818
43915
37542
84843
25369
48387
31689
69435
84553
2400
98083
53252
60850
35758
14563
24496
29875
16200
51854
45347
85555
2521
63609
83009
54913
67056
68198
58300
12486
28685
77501
239
2037
22574
33903
11551
56900
52044
9004
31260
80587
8078
29520
2007
21611
10470
10902
872
99115
96265
89153
76608
64500
85372
47901
47258
3431
12239
49481
10900
59035
49412
6740
230
60749
35737
89912
92334
91974
41659
54978
49652
54609
48123
72220
73991
27172
82433
46327
39581
10768
32043
92576
9428
27375
84646
43360
61875
44565
84536
38773
17958
65635
19908
47319
38329
1925
11776
59798
99496
90689
10398
76713
50213
69314
62520
63612
8166
15200
81975
35619
25330
31832
43029
4863
1799
55681
58743
71270
22723
97882
35663
31864
88230
19068
4812
46670
50490
73523
19746
50215
33824
72792
28293
98600
21445
7141
84734
44994
42135
24777
14808
24663
34013
71590
48743
90910
73786
592
66459
19112
66323
43007
14445
56333
46871
41502
2086
67226
51510
24047
685
76297
69501
30046
24120
13476
94377
21436
96471
917
53737
4466
86524
75243
19300
66285
92459
21870
55564
14199
74540
47274
34448
7332
43924
56685
93497
23082
86106
18920
93652
30839
15162
79771
52855
69037
35025
35192
67596
31268
78102
1195
51539
99777
87696
44514
70924
62387
77199
5891
62754
38614
87874
36391
44257
30691
6516
67069
74229
44600
69800
3737
14026
19074
20341
21639
89349
12897
28196
78818
5668
51785
75819
23370
61342
60114
67725
20193
2577
36287
9153
6158
79130
1328
97100
70129
28547
25393
40220
48280
1075
14439
9749
23921
37851
56084
6288
84759
62603
32894
19503
57988
11160
32141
36357
21729
38267
77104
22521
9884
92758
4638
93572
50452
48839
80954
95818
41146
67751
93669
81587
26753
64731
49616
16733
97932
26054
9447
42682
96258
70029
19750
87259
54804
97953
48480
97379
93194
70362
3891
60668
64385
78041
9055
70888
62002
99221
66760
19250
26966
9240
74287
65812
35402
56223
39433
30389
27786
36275
81222
45893
41193
9133
11817
59852
96152
18600
62068
10788
8267
50863
54165
86648
84823
54086
90579
51019
45474
23938
38454
91312
76137
4791
13595
44305
29424
74638
50752
1612
40796
63223
3734
39989
11468
9047
75136
29511
28645
55021
5664
4010
1647
34415
65537
28812
56537
16875
39150
38472
9696
12219
29263
15411
77806
6184
82249
17073
15810
64315
11660
3315
71566
92990
80872
47025
17605
4640
17935
83148
68193
47667
73783
11669
93128
31822
93872
12391
77144
24884
54899
16284
22324
74472
97463
70552
99082
36280
64766
32872
24225
9732
89648
11397
80958
45243
37396
92306
50080
40517
8545
85335
19804
32007
6139
23722
92889
97883
77757
57241
91862
29959
72984
17125
38805
91816
16169
27861
57852
21110
31395
51236
38665
79894
9390
93833
53189
8829
49293
27946
19370
27110
20782
37495
96449
5074
77681
62235
28734
82367
8346
47135
73675
42197
86657
24475
40119
39004
24180
20475
26122
25628
30144
96586
90781
58482
80950
54152
97154
99662
26045
70223
66035
41164
56882
7309
660
8403
92809
926
8116
63564
7009
1128
92178
74379
36460
16503
7689
11504
90216
93967
95399
43542
46875
53762
15177
54426
1351
21833
11047
41120
33620
63191
61523
59163
56884
4971
73925
51530
70796
13063
48577
93995
63321
40855
11616
1877
13770
4165
58475
41682
33055
49327
91115
60939
30676
6371
51233
64247
43848
31899
88541
33917
65448
76487
42035
20432
87541
95731
41015
15144
51428
18826
23846
14912
84355
58014
32939
87368
51267
2334
13173
81900
36133
91691
28961
13238
95324
81081
65660
76082
75057
84060
71303
803
91217
24636
80993
97062
46843
19565
23061
91905
91020
66874
90132
94116
97386
84220
59318
97216
17486
67670
44271
88825
18256
36093
71056
36303
21042
94068
63180
51044
88654
16103
5540
51831
72206
7621
65575
680
97741
43438
80617
15123
76738
60400
81733
76327
17249
169
30510
88917
14121
77169
86186
96903
76813
98447
71653
27859
46200
73142
22845
6440
44468
94566
38294
12763
50939
17142
29037
18589
42668
59814
20946
38264
22202
44854
40741
43317
49727
92033
27733
55596
89143
7990
23218
80777
56641
30889
37115
65048
42431
71873
29475
48199
93729
39577
73190
7916
91903
52058
20642
44753
17049
64132
25332
76700
22342
85615
14935
6784
32907
52888
24739
6397
83044
6191
55664
38182
9115
53899
74583
23287
29521
3113
62937
29542
66714
80956
77580
28145
52081
87205
64143
75580
54409
4521
48824
34301
8395
54633
75262
78745
23524
71806
20591
35288
16326
94305
77236
43178
46643
13672
8940
99955
92875
33434
68276
18895
86407
74608
48394
83084
14019
76016
49106
10751
9243
23609
76693
30400
12484
57933
31325
47341
41308
24678
27823
37619
24229
68625
96270
77220
25516
59495
40364
64386
37143
91199
15807
33882
99337
75267
66960
28496
76004
57699
51556
3309
58118
7098
83580
65306
38980
9203
95570
68728
14143
8131
77514
99204
19993
29535
71158
54995
72894
21076
56129
93387
16713
71154
2977
89760
25692
82339
63969
34538
44913
57304
83637
90313
98352
17881
41908
79259
78913
96425
11036
25085
16410
80011
27132
48434
77170
79642
51268
83332
65009
45248
3984
32817
689
19260
49644
36646
99433
47103
55147
91561
26634
67947
83632
37537
17215
3210
4858
32664
29947
2902
36285
91457
61100
57439
31603
31831
65443
48909
28807
86819
9120
26723
8978
57330
24954
5532
81155
99420
32098
89372
74165
28433
52505
25560
17312
21097
33159
59126
28918
21048
95927
57581
2996
86862
37573
20275
37575
31024
54669
8768
55816
58487
56130
39670
50530
54949
33449
29268
3952
41028
11712
654
42936
56037
99141
69025
61304
22970
77872
16447
60357
20371
31269
61679
93470
79528
45854
27870
36895
54399
12616
92139
2249
53192
27222
15354
26169
76237
83819
69154
94135
27191
25438
11172
95514
64757
72088
78139
77441
27508
36157
17018
39387
34602
33910
76201
79163
62825
50736
81158
53875
99206
3503
19085
59437
41895
45846
26005
28676
76773
69123
29301
10273
68820
26107
57106
7946
31458
51046
30197
32887
2475
21839
15776
27712
88169
61254
34637
56178
46144
7133
424
45877
49688
40951
72946
56716
47303
65826
38767
88022
16342
80335
181
15563
37760
70058
4762
8421
46107
62575
59280
69223
59210
35176
23431
74695
96755
29189
62450
4820
67537
30206
46398
38581
24553
1071
3111
11634
67325
17163
45537
71649
6777
3172
65252
15176
88586
68854
40236
51479
863
36749
53277
47764
90934
3671
15214
29266
36471
12244
65442
51328
98642
16672
65030
58644
23477
60504
58532
92362
42158
46363
35299
18352
3789
58427
67565
95954
96599
15506
34546
73999
76606
10933
81713
22998
84493
26981
49844
67698
86646
52200
69659
79988
13189
27473
13811
73224
33484
30446
14957
99733
63908
57739
86281
26513
1633
75724
60395
20255
65602
63009
65694
1338
68341
17557
24882
12195
98918
26443
11103
51462
88327
96610
89533
63618
80159
6830
70050
32420
6036
16868
82376
48053
86111
79759
46460
51761
25542
51956
53276
65898
5942
14406
80551
69032
49943
77340
8515
53814
11609
16720
31323
91754
4811
92448
67980
99604
56388
44843
73670
65361
653
6712
26990
60811
45394
70613
73796
99188
45705
72927
85993
81257
19624
94880
19652
89726
84686
6300
79669
35135
68440
60521
31868
57083
682
83350
97522
8533
60450
93409
31828
47520
89010
92329
75928
46257
6617
11149
15917
38600
80715
80039
87885
17238
71237
979
9979
13385
90299
44437
60650
88115
31062
47793
25886
88626
67845
23709
50848
76712
67508
71494
50454
57249
84528
56097
68604
23916
78063
70077
53805
76977
82243
43235
16885
56456
34571
86643
10079
73426
61072
93355
3422
53206
71829
75830
41735
26295
76884
8016
68115
40815
67164
57589
9547
50514
45873
98486
88990
30477
55446
42950
17977
33859
2301
87954
78481
93271
74245
22581
53855
53479
83932
64613
86995
47842
78564
68916
43565
1135
48408
10185
47008
34962
13763
47744
25417
60247
24534
39758
28407
45891
34652
77952
23292
58202
95444
41350
86
36756
90813
92032
88635
16588
69950
95082
57849
45870
52094
87705
81524
6325
18093
18291
72003
85769
9491
28382
43639
72355
89926
80966
9191
43101
7056
53933
9833
83087
27551
7013
36113
38073
62217
77350
64791
65081
80075
73733
74133
16301
70523
47440
65667
4122
45175
33514
1767
98720
62952
87563
20218
12173
15713
53928
39836
73775
69598
96439
92190
88872
24322
65003
81368
54608
59009
78737
52670
63466
44020
87101
93646
2900
89376
6490
71722
65172
76271
36281
77520
56734
92578
79195
23555
56659
29072
12684
22464
9806
32395
85632
46400
21781
90488
8154
6887
83449
80571
84980
5010
48648
34288
66040
26198
78517
35261
77629
56653
75313
70278
35107
62040
5528
21756
51596
43962
92903
57967
40935
87145
50981
76226
59308
99641
47957
12215
73826
83324
59347
84546
96404
17045
52063
79310
11895
8919
28890
36713
67653
36159
63048
6559
81525
31433
27618
72283
81999
16800
83792
68437
3176
4585
86886
50227
2396
44466
97414
56887
52195
80861
80572
91960
45696
68237
81423
82642
44795
56229
13683
55724
93351
22236
42933
34047
31817
45271
47345
89122
12651
31304
59728
86878
30264
9378
30284
82684
32188
47441
76424
48108
96178
83327
24821
33085
2171
90217
40789
26298
75129
99712
61612
43604
24575
74
3764
94320
11892
43185
44128
23442
70806
35777
85117
62765
63657
43503
76410
49159
73104
28804
43402
2321
57136
22160
85107
37964
16545
74370
23026
50887
50531
25696
78683
53077
30063
73867
96189
54047
50087
39398
81152
80900
57528
23671
81913
51130
15995
74072
86430
32920
22563
36478
19228
38898
63145
33225
62354
76065
27334
30425
39215
8407
21399
21449
75610
43147
17510
43311
61446
52667
70750
34657
57226
99063
53645
61714
95251
84894
43603
93939
25305
12113
62540
61646
2430
19513
19628
51842
28138
83779
66964
31614
20107
99217
64462
72519
25219
49409
78881
25927
24497
82984
25179
99348
81261
44458
90047
70943
37231
66380
69660
86363
74528
42534
63578
42008
80164
68748
62030
41809
94696
46269
39356
56008
4916
17736
40779
61030
51518
6305
2130
26189
35330
69756
15951
61610
88743
19782
52307
4186
69337
79955
38247
27693
13153
45237
63790
40629
15357
14586
19294
29503
69356
3294
18314
45344
90802
30333
98863
92906
49123
37488
35940
18128
36664
22445
35310
23542
78401
9883
9771
10251
66904
69958
8480
90197
94824
55502
73505
65377
67445
3238
31186
18155
86233
87266
26947
7329
78938
97608
8796
293
6056
24358
87384
38558
75827
73524
69832
63253
72107
22892
9637
12154
27097
78348
69655
47983
71253
98126
54762
63924
8082
94213
35675
47524
15218
50382
16456
43680
29334
63027
26401
23347
79389
31204
20938
83088
56482
41490
71519
83721
4656
165
40520
6031
53945
76601
69604
21583
42476
43949
60346
69480
49724
666
55744
55892
81862
95441
36784
36010
30437
86024
50034
40347
15441
21061
50688
54967
27829
89831
22245
39578
78249
48817
50138
45412
63741
76561
33190
71580
93478
94539
80472
50321
27345
39067
69463
74514
33256
4410
50562
7980
69525
75737
94804
37161
65400
72672
2310
78424
57239
1671
98874
41303
2835
61990
66919
52607
98048
46751
52325
76047
17041
26502
87788
12837
34236
6467
50336
53142
53867
15658
16050
75599
93831
38470
26971
88365
43341
81058
45357
78311
20602
6067
4241
82080
29590
39070
37419
10092
43040
88284
13454
5148
48316
55967
13738
63177
31157
1986
28898
7058
66105
11472
92162
38872
53075
39714
26593
88960
90058
90938
92933
28106
251
98204
37588
80578
89296
58058
19303
76988
80409
48903
2594
72366
79117
9611
40528
19599
4227
10099
32547
10257
53516
77913
22054
30610
95138
7312
47167
50084
27104
71596
83844
93377
95990
58414
87813
25230
34566
28360
98951
5557
50969
77191
53698
28751
34995
12439
12919
10186
83149
3134
83863
25995
19073
38702
19362
81834
90410
59036
9276
98257
92667
47049
76128
65212
14831
27244
27166
64527
71745
11102
94809
90240
9165
84070
34378
39546
85317
6455
57026
78466
18744
17905
73749
79925
88363
53877
43409
11071
12052
58592
23187
28167
77079
71147
85868
90336
3592
52439
15955
8621
75770
6864
96920
16502
14691
45744
2714
44037
16810
19014
15466
40238
45343
92092
42066
87228
71213
32113
21410
10328
98199
55255
35228
58104
87679
11929
30138
71959
7629
14809
75958
20224
77888
83744
4406
94467
72612
93018
29208
96705
23618
29790
99702
98975
65105
42633
31721
52580
1121
88461
37455
21706
67633
49391
98418
23900
10129
47218
96866
41030
7743
65953
43420
74952
24234
43694
77293
30199
70025
58306
83738
10666
72261
42693
15233
62823
741
82069
16834
76465
67680
64967
36591
21522
22519
87053
89247
81785
21337
29154
10491
93563
18230
48757
33851
5197
29118
55610
48443
13196
28020
27152
30189
81405
43166
51383
80753
43699
92102
96828
27943
33404
84466
82776
70975
70328
91370
49618
33185
36807
77031
10741
45867
91174
13047
94933
68573
28438
48037
71233
44934
16082
61188
19129
84203
25289
53062
18733
24189
52050
92358
58187
74725
54696
5281
19452
63068
9552
80339
31933
99215
39044
24989
57546
32497
67079
59738
46414
5586
73586
68020
60168
83831
10513
60967
88260
7110
57587
60976
24383
80381
99981
30289
78759
60838
84003
69310
69917
29145
518
80782
11324
85509
73902
29496
18577
53912
73387
23213
18294
52764
43950
8750
1968
65369
32634
48592
97960
62485
50338
60873
39498
97387
46840
84866
26008
48853
47627
64470
82346
48650
10153
76485
2618
5638
11838
73957
77755
25823
81760
17836
2443
1997
2972
98299
67366
76230
38193
51677
53979
96829
30444
26000
26338
19039
64623
42516
18338
96096
63113
85917
12948
24145
41752
21799
94655
34504
32132
93635
38155
93440
54196
73572
28268
50304
76003
98560
60094
33738
82911
69319
20433
99061
54126
32457
9515
1549
14438
66834
87708
65766
88079
66367
95217
82483
57326
63661
2837
18478
18326
79449
3978
52805
95970
22819
56364
20418
12193
96011
8479
90140
1602
82903
79801
35185
31129
94946
55878
22123
73698
28992
52556
66969
17376
45001
9309
48311
11836
51928
72412
12338
76419
87072
20023
61818
30302
73394
48077
62718
13765
8856
9231
38986
10081
56672
79238
29886
17731
70973
13066
24990
10170
41033
85605
74455
34718
99851
58214
42287
95143
82209
77949
3724
40213
73743
79304
84570
45909
91236
69070
90033
69062
14109
50543
64081
97359
10619
87901
54494
40446
10826
4264
82678
19909
78143
37467
22877
54680
35381
36983
67590
30611
30269
77221
31885
85355
52343
41634
89001
62999
54191
27443
11243
13794
24784
65422
48261
78806
8176
30555
18323
82115
7969
38899
37644
28081
25195
45020
28248
96930
82300
3052
42929
95611
85755
52208
10425
35037
35171
63815
77455
30092
96616
59047
51094
5356
88212
15155
60108
1476
34793
61151
89075
23965
39310
33194
79146
83406
6917
56692
88844
58406
74130
80522
95553
7757
9580
44882
67019
94613
54092
63024
73808
55625
6402
55082
39701
32353
47456
99139
99910
11025
73262
95820
50875
77813
40045
28304
72078
17713
93142
81458
69015
74376
75967
25943
13264
59717
88045
1747
87455
77317
46171
21482
91885
13179
90345
81932
61803
43889
19788
27225
82118
19709
83500
35876
23135
3905
10374
29891
72976
44689
49100
81016
7749
60276
42104
69016
77660
99901
73488
72582
88476
15364
24963
62120
74942
69890
69293
58442
30501
85630
77202
72372
87785
71060
51621
51884
59176
314
47614
46128
35896
22688
98652
34455
80490
29919
75672
45764
78394
63663
2151
1777
54947
41105
18228
46905
66331
5232
50651
69600
74048
90434
33783
84526
83578
5497
74302
78539
63936
37617
57762
83662
98727
76343
36065
11808
84082
41036
14407
57432
59805
28798
44057
26157
61395
83336
72620
38173
43531
39080
22647
44104
80967
15942
95776
74580
27563
77818
22005
32049
64652
83033
30021
53522
48671
98914
93687
36750
3123
21479
99560
65706
35387
63783
66503
38149
7289
77029
66593
1225
6353
7198
61863
30035
74201
99923
87279
19331
1466
87184
80493
92208
25612
23959
11135
70698
85102
81445
34738
54635
56498
8638
47095
20958
7436
90916
33274
88298
37615
25624
63087
48291
86542
72552
22826
35486
33922
91309
74517
31646
88371
69547
44686
35907
14067
96760
98069
3574
78656
19247
18732
15848
98794
899
18679
6400
22293
74964
5303
29053
83389
4457
84300
83646
96400
5066
65624
11583
68199
43275
72339
35095
73331
6165
73838
5268
58341
34181
23424
65994
21744
5997
21465
3060
68330
81498
28541
27241
29196
18813
23492
61962
21800
72074
79992
33681
16504
23106
9265
30651
21234
77281
83145
44
29161
72526
20683
28456
343
39219
7366
76890
52547
94009
65523
43218
12611
57726
73624
87878
33846
96013
78920
28279
85833
67065
7283
97983
59524
87655
20581
35345
6062
99344
47399
56897
55483
3077
83982
84976
54684
23826
53318
640
31506
33804
54215
8097
36236
12620
94827
41639
48206
29427
15464
7194
67546
62677
76959
42701
83652
40566
34418
38812
18138
12278
93707
78497
11260
6705
21753
67664
27454
87302
90869
43735
51399
81574
63178
28921
15926
20167
50895
79576
69609
11612
35642
91377
13243
67399
35334
38725
5357
87361
61626
67783
55924
41999
81530
9095
27764
18780
94632
71527
44910
31151
36583
25751
80022
92379
29460
24357
24468
65829
72545
12878
71241
64816
21310
30370
16168
58436
90669
762
21285
30674
57823
93088
17985
67227
8228
82146
43614
44392
16390
83665
38647
78859
54023
45074
47346
7340
69670
76844
46585
89869
47594
4394
47877
90183
32693
24327
55703
99227
99581
74668
17922
42091
88873
91497
58675
82100
48348
40624
10574
24018
8532
78892
2497
53628
97194
55390
8197
3427
90218
26032
70725
8337
45281
77112
75493
50115
53047
41609
66903
68788
63239
97791
57472
49664
57501
70413
97843
97032
90927
32660
4536
10829
82932
38902
40268
84740
53407
36893
95009
12632
42232
18869
24103
5307
55950
77832
83504
73781
59506
49963
86275
34651
58229
69108
60198
11233
55509
26696
4568
73132
5121
55343
74334
73791
78676
93108
87154
62942
79123
37955
80728
45392
8932
68710
91898
47994
708
56007
67449
8660
80690
45865
88106
80534
570
55058
70675
53010
30644
47056
75280
85709
37440
80271
12001
1132
62685
70309
93904
23123
83946
1943
22705
29903
65080
30538
97098
76190
94270
78049
23348
57164
34178
18549
67605
92564
73282
38939
53943
18647
46048
43630
45307
24588
89557
83272
69589
25484
36177
59649
27255
76301
46716
74224
10126
27332
90191
98898
43080
22981
25260
6791
81214
15277
56292
29911
70969
11529
82668
82045
28697
58076
83178
31741
45459
41699
60294
84632
69793
26771
72281
70188
26172
98100
13215
25108
3897
41990
5726
90772
83306
90744
67044
22125
41194
2947
44523
87458
46162
11292
36607
82862
25965
57858
46925
55994
16679
37415
6307
60729
4325
79202
4866
32230
96895
68256
29237
69255
80371
13417
21683
17053
49640
19453
78941
23729
49373
4175
64330
96630
46390
17993
67379
23062
71091
97552
93571
78048
89947
54420
18795
99539
83555
11131
62748
69349
15830
12489
33947
19723
84096
16117
78368
54021
14146
77082
59326
86586
54213
76983
78740
51177
22596
1402
46946
92030
46562
53603
31420
92280
77772
77510
88146
12796
89202
88286
10112
14487
87048
82104
1600
97582
17147
73872
92713
23801
61139
56186
93784
93010
43057
45232
26306
44383
26635
61205
26740
37473
86597
94029
76921
94863
3080
93453
8805
20936
92877
97419
58910
23399
23021
66775
68072
10716
43646
3006
3948
42911
61481
57408
38090
64195
55613
96478
77802
88264
20732
89890
306
58117
79527
44683
35100
88939
63988
54583
26240
30828
34787
56919
70631
66761
8025
84916
13277
7974
78697
53542
63998
70836
69002
14011
43727
60173
10832
16872
48379
20175
55631
45943
93408
19335
3852
52707
12562
21592
29775
98627
45522
38566
25663
66386
14293
33032
63343
2903
65758
34650
66004
74123
76581
15743
9844
55694
35315
25906
8658
53785
19995
3965
42780
17892
64341
36363
33090
70824
9831
334
54952
83054
49780
34081
81570
73865
35909
10836
32525
6852
59420
1058
96933
93632
27466
48096
30463
71634
6226
14467
22540
16528
26432
20596
84630
25384
65646
49890
80312
62688
26309
91610
33691
87428
10423
9075
94788
29619
58324
97590
13453
76447
27955
8849
1532
21640
70109
57002
98695
90213
73481
14560
99719
67855
58804
9815
79459
19477
63016
60159
65677
12331
39852
1628
92212
32996
15706
58321
85178
58293
56775
43350
36448
95998
13809
50568
69018
26672
87317
24331
54067
2595
692
62793
93362
6364
69352
73174
45762
39979
1265
62264
19270
74189
23467
67692
492
51263
90723
37056
39426
4154
23705
51778
13621
61047
98344
17875
71787
78611
98580
17009
17608
82245
89967
89833
75931
69235
17043
48326
40163
59786
28529
43006
59090
93040
6134
30789
79997
17628
76639
66836
20893
48644
20345
76531
90362
67723
80674
88628
25715
80033
54154
31448
728
82501
21742
49546
58394
22362
92857
49107
30098
50805
82482
13246
97670
49235
26982
96227
88914
14485
44363
90436
66889
29931
2069
45496
89665
44018
61083
57274
25282
851
85153
54562
10541
29165
31474
56265
49897
69966
96138
29258
21498
33713
32372
47828
45531
20595
7314
22726
89329
4691
11765
96246
82773
7302
18596
80752
91872
44153
36911
55408
50840
9829
70364
93970
51404
51678
59068
4221
4665
67924
33837
59471
26100
16270
24499
91569
3693
91505
83897
60072
9993
17777
90662
26822
52374
49361
42075
82147
22529
37291
73244
39203
6069
497
64014
9589
31512
72470
3212
39840
68435
16716
62138
27854
60196
6806
48516
97005
98723
34050
96708
41638
99748
87727
31202
58792
40014
90373
54369
70176
4978
36184
57948
81249
61897
42759
66344
91601
84423
96173
1001
55156
51869
37653
7811
64113
75630
96737
8072
30757
93583
71378
43940
26022
9659
67606
18654
74728
49190
85370
80939
52661
74750
61996
65617
79175
8150
40486
69362
83718
56497
61681
4058
32577
81957
65934
93493
25956
19831
98664
60073
77697
12446
66203
58741
45550
22734
99358
26081
46274
81290
71026
12863
44260
95637
50356
17289
3405
91524
40247
14612
35576
95549
62390
83522
86349
33983
6800
42524
49117
90332
94964
96922
28930
46945
54437
75929
3148
33439
14351
33226
14988
7415
21334
83698
68498
96476
23880
13560
51199
26733
34653
31016
9273
91783
98365
31973
77891
30008
73936
14807
48284
6052
44790
57939
13885
30367
79471
98979
54707
12485
64153
45310
10148
80326
82973
37197
29670
49291
7930
84312
33365
44174
57394
74090
87038
31446
9651
22105
38731
48449
97341
76751
2440
2482
84969
64594
14744
7461
85129
71472
30044
9319
55084
2403
62530
23392
98459
73134
23231
38368
47166
5349
88149
75133
7264
83714
67365
46168
28341
21834
65579
84078
17258
13669
18823
44557
39618
31082
20748
84767
96453
43756
52268
63039
46169
73176
7792
54656
31115
36461
34617
62701
65896
97949
9817
77974
91909
69457
60479
30871
56094
36716
74831
92660
45437
75443
99577
10234
10708
73146
16837
46753
98198
17532
81340
80704
69703
45008
67732
96206
64133
91611
39614
72077
64764
9102
16164
24328
7064
35367
55623
3423
23972
36427
10070
18151
16474
30801
21877
78732
95232
65011
15761
86830
68184
80998
94898
46829
30914
20858
22908
94797
46419
16453
11042
92795
7567
30466
29431
30006
72939
64262
98226
49549
85819
77233
19172
49606
6992
24400
25304
51885
17657
84416
98379
45692
61532
42269
42663
78187
90816
84214
81223
34712
96673
34531
57460
88590
91545
51947
82553
57688
26874
94221
74788
96861
16046
57113
61207
96526
73739
30598
12624
52575
28295
66867
50740
60557
25655
74101
15637
58922
78028
81748
55459
58150
94583
38239
49756
38867
7883
41555
618
7504
32021
76780
95467
65096
81029
11480
67951
50680
48300
1023
31222
48738
11959
163
91947
60411
10713
67382
41696
58309
70890
25406
42423
24162
70414
48511
94286
23519
70076
51389
52821
4710
52924
1514
89509
29611
62141
26830
30633
37486
56490
841
42989
17798
58015
37044
38946
38693
63732
32757
56148
72684
39434
52510
73263
34469
9151
53693
21397
13919
91314
86257
9071
12507
84243
13413
10575
60077
65218
32167
70704
52973
84109
9755
41514
76136
10841
85537
18912
13348
74992
59050
97961
23924
96408
53156
2942
47182
41649
7273
69723
95469
52118
96783
6701
62199
62978
88940
27305
33613
2114
10974
39705
1107
73645
78684
29214
51377
40622
37700
23020
33306
22224
34359
62260
97810
87291
60390
62305
16665
65407
94978
16105
20601
1585
8677
17363
12900
867
83921
77779
23153
1658
84234
56330
5105
7690
26876
66235
50481
12984
82918
89215
72111
58820
2330
89552
30984
89430
5616
64593
27769
98176
91473
80125
69866
19753
92043
23072
41808
33645
96748
38166
36195
36940
63400
47710
32831
29512
49625
81557
21875
12031
3485
56953
48400
30858
66249
10113
57729
31871
44248
53879
1485
9714
76206
83635
40309
10163
49469
38800
18248
46815
11672
31939
63118
30334
98821
55539
65001
49134
89308
31185
30417
96289
32051
98387
3552
40292
42241
8384
79183
83942
10090
60126
34874
60066
82036
31213
53988
58515
61591
42658
44594
37912
94864
60266
879
35641
74760
90089
99436
8359
7154
61189
92137
8088
33113
51204
71312
33296
13380
23282
99474
43632
70784
5865
88187
93462
13530
12543
8635
85748
92806
97019
54957
1991
80989
84651
98689
63667
59864
20146
21225
10854
26183
47704
68388
72767
56146
5789
92947
51486
53540
5421
16339
51444
67690
26866
95509
65354
75091
86834
52970
71308
2287
50274
23580
610
93234
50187
88447
10062
6019
80197
5228
84047
58434
78415
76160
7760
12138
41773
39877
95140
26512
34233
13358
95833
4405
2004
34836
61985
78796
19541
58001
26554
8705
80935
5227
8899
10507
34574
59984
88663
52283
35508
71642
17153
44669
62340
55969
16851
56511
91958
78215
76110
59451
88038
87383
58457
6003
20920
68224
60428
23093
25657
13224
88968
38312
21158
94560
60153
83152
99331
79826
87687
85147
45088
39894
20880
24868
1146
22808
70899
93530
15980
50541
58958
46086
50551
76292
46854
24966
63770
21257
49733
16685
50046
94157
46453
15258
82350
43941
79198
47199
24562
84481
9394
11598
99622
53160
83346
89960
46143
71832
80804
74377
81184
33266
48943
98846
65527
56481
5104
52210
36810
81717
68094
54906
48121
8471
96260
34198
590
86147
22617
32210
96353
60958
67665
26516
28153
56397
6215
97815
92052
25399
22311
38402
82977
40755
38304
96556
18538
19314
24929
5576
93048
47257
25405
99855
38174
37141
40003
75773
21909
61993
24125
85338
88560
45625
85099
12180
2612
54075
49006
5273
36971
40370
25807
33045
86719
21658
73281
74310
67658
27250
24434
56340
67945
18045
17032
69483
76791
63766
6192
45598
13395
68261
30071
58541
27209
97854
54194
44139
13774
79179
24073
10681
73433
42498
97681
82726
67008
9449
39965
69145
48347
76177
84437
45050
57999
5608
77702
42443
73731
96150
12645
16008
15402
75835
86982
82788
24618
5000
97349
90050
50144
25771
60636
59929
14000
19532
75949
94770
13400
48493
38613
22841
9902
2694
27163
74012
18028
45326
45884
30295
15715
59340
2453
87192
49550
80433
35123
61225
73255
45231
78429
9342
28789
98782
83021
30544
68473
21619
30672
94374
33602
65705
22809
81911
62495
36196
34087
94926
74731
36921
5137
96492
9442
54473
71602
49540
84068
96025
11564
6424
3660
67793
83309
70829
24983
13888
29812
11627
49971
85580
39565
7445
3774
22459
11006
65319
19887
42582
40466
5389
4660
84816
59449
17655
73713
92446
41785
30612
23628
9424
95603
36108
29960
64007
50152
87156
42843
60434
7683
53908
70486
61034
38666
13042
58585
90468
8889
37883
11979
5529
31495
68150
18970
35647
27787
85113
28290
754
42839
19745
24962
66320
67771
94148
94121
61767
49713
1017
23328
92812
42279
901
80305
56786
9601
67644
65349
54071
80210
62868
93309
68623
72047
39448
99520
45300
97545
63453
31254
50479
49023
63579
85010
45963
27531
78876
10269
91046
47072
18011
49527
15513
32315
83005
85946
9784
20388
91853
74391
78138
95480
68476
30374
40139
78432
27347
5872
7280
74362
92680
7377
21745
11420
7939
24761
82708
50148
40890
64717
4688
75622
14717
3323
81269
45627
17844
59676
48298
54943
8331
79162
68675
71612
92605
64145
51491
65138
14616
94239
34232
66545
84210
26868
73527
7480
68360
36839
44113
72536
39857
24666
11751
24804
93655
82917
85844
60977
97258
35298
66479
28979
36947
39601
16302
68060
52773
61936
61697
18720
88466
29446
87404
18072
21352
9488
37233
67599
87768
82366
48708
13036
53387
8172
5756
69596
66612
53533
18790
84803
48410
47838
55182
65440
35529
98421
77124
19359
86012
59670
89221
84708
99350
8177
10346
71301
38622
43217
88545
27272
80605
48862
7854
75381
9045
72343
447
49167
77260
83239
90673
38512
77657
40057
51549
12136
76279
60284
71802
45716
20446
47453
18500
74199
9208
64322
22559
28296
5733
25985
66057
49309
28240
75526
88192
77240
66997
11116
64705
44622
62810
22064
1459
9946
63874
5377
98595
40229
12668
31480
72265
50905
63543
76962
48601
34914
3824
53967
21320
71604
69419
90006
83422
29197
2183
3447
83304
94925
20985
80102
86882
54565
75659
25652
47902
76839
81466
27777
41282
62334
22175
31253
58847
98220
13951
1921
20691
33698
87169
63524
26451
17611
20885
36130
15551
2516
10763
45134
85182
74986
58676
83801
87212
91407
98804
62838
4257
93117
68645
35725
33257
94688
12004
10769
14125
86494
77138
39000
60068
69587
62164
72113
43920
20811
78706
53173
42755
13804
67090
88702
15950
18156
52062
57542
72352
80365
82814
41153
86386
86636
87717
31827
48965
62736
71753
58274
18796
90476
25062
47106
27858
81843
24046
87087
43932
81706
39266
41011
83552
69440
60556
87676
68553
12664
45601
78856
8050
77786
97012
11766
97053
82962
32460
6040
45586
74601
44474
69172
57975
80402
4994
67412
40592
54792
1659
21107
8757
70355
26788
96063
48134
71759
82685
22870
71654
1772
22910
83211
66165
1390
18921
59697
87880
82916
24942
33319
4429
57812
23118
32334
80977
83051
36261
61194
57781
33800
45738
44925
61964
10264
80845
11453
84545
80691
19511
58211
50195
72025
28479
21653
33381
8495
88157
11625
53429
1497
62075
47158
9011
80519
93267
12609
49934
65128
90633
71899
4991
1178
26424
70874
6339
77763
59182
29840
4434
67025
13729
53904
49263
26948
11593
44411
81229
31198
20123
92979
80185
30895
33138
46433
31573
49208
22351
37782
99656
22447
78411
74492
89225
16711
59197
22576
59502
49541
5816
68229
36782
60914
46784
28372
49737
72110
9766
72827
55240
59139
29778
51710
91462
69844
7087
48737
6372
19008
84489
33752
63777
8109
9888
82803
40532
13562
87576
32874
25591
53883
2726
28259
39267
88706
49526
74609
87429
29453
51750
51067
93823
45813
70431
25634
6925
26441
97497
27331
35760
97283
62573
47462
50180
57367
9399
13623
35197
31153
55178
11126
21504
2048
61758
17426
54847
27441
58203
80996
73319
27312
63121
70627
96477
29773
4049
35429
24169
16919
98663
45346
86016
62723
17869
88999
17156
19622
37932
36191
44697
98488
23607
51331
43371
69686
61913
68833
85725
47040
45095
91156
59957
11051
73345
87179
51903
34026
46866
23951
97619
21508
75885
33624
35553
50937
83230
96612
5913
68801
98091
28787
71961
98287
94764
95043
66514
5326
99292
83911
19310
16812
43053
83678
96214
1149
57830
59833
46045
36466
1791
92544
70118
7183
20504
57216
47450
33338
16853
28048
21213
47519
5804
72268
75213
75810
28006
54853
57577
89049
16774
70494
12066
2749
2930
37158
38235
25123
38138
53841
86360
16602
67245
91713
39544
84445
43291
88441
64364
32448
65057
7033
75421
48230
70647
89684
7612
39803
70134
74764
71197
27772
58588
56415
55437
30956
88384
28811
26363
8751
59234
70711
50696
17480
51880
28269
73121
71324
99218
96984
64715
70438
82742
55794
1140
2782
90328
64367
25090
83444
35707
83376
76864
12127
8623
87896
39781
79076
92937
81412
88918
51041
64023
39678
45209
99260
58057
7481
46907
54888
35554
61534
43367
28554
20532
86232
30639
58615
90382
59337
64704
58963
31390
4632
2404
95746
13466
46285
80260
58740
93788
80600
86654
53001
30110
55600
60363
51749
77086
36383
96341
21917
55910
28975
10402
47244
51810
77337
79040
65915
77328
10078
34293
12599
20794
49517
72898
85356
95768
2994
15864
69784
36286
59939
94562
8194
14550
83290
89181
55929
63281
93901
96887
28192
77852
68101
90522
95946
36982
54068
86757
97300
44041
5085
4551
77960
91299
49674
32195
64178
91403
20077
72358
74114
39564
4853
61518
24914
63067
18979
42803
76195
90262
59782
13985
32422
23824
33313
49609
88538
80103
73643
37786
37017
77843
87641
19684
66306
15103
99366
96944
54915
95064
93873
53676
67113
43588
41519
29016
69433
46321
66750
52331
93090
40546
1064
98643
34491
14956
16529
55870
14176
80885
36695
94538
61686
99445
28324
27784
53112
82768
26763
2574
56216
61157
60676
95620
50070
57306
20528
47296
10834
57125
53804
18283
22009
3230
39274
48141
27930
9823
7387
54036
79720
29078
84573
22142
28373
1010
65189
47312
423
42124
17346
37477
65087
24366
31980
4324
87198
87522
61014
87672
57329
66864
3067
83985
53297
3678
50991
47369
43161
48033
76439
6194
29447
30329
60085
28658
26498
6099
69297
31711
58265
45010
27739
51343
45572
10120
33169
79966
83080
71447
54285
7024
63047
36746
5698
44414
72465
98318
33331
10598
9006
72472
66648
49456
54553
64063
77083
28497
61499
53391
87303
3157
67014
65927
17925
89321
1487
64767
38238
9212
99749
7931
43105
5824
86207
48263
58640
55838
37512
9688
43097
57972
58502
57516
49449
44762
33414
42191
2093
92669
54893
95337
58347
3103
76893
63625
76982
32186
67942
48523
24842
63062
69304
58913
39972
12779
56782
97401
99643
4417
8305
60568
25957
97141
20541
8279
91135
8089
1759
25999
48209
33897
17336
40495
70066
33755
97089
72690
53266
78847
22071
48983
51998
32950
38273
31510
50692
82796
53083
69142
88151
9182
49278
85296
97515
68289
75177
2220
36752
35129
15560
45382
97010
48625
52700
85691
69545
51362
34177
79267
63639
27506
61224
21593
35770
61653
89927
57822
51405
45702
29659
59180
47552
14665
56616
59871
34254
67506
28602
35045
28465
81833
35694
93814
28055
56294
51763
34875
15690
47087
72872
75692
52466
85991
9097
55707
53706
41034
12768
10266
95079
76866
6923
64906
93430
68137
64551
49602
57741
19694
20004
47053
91051
3683
40316
99024
25735
38972
75577
20615
88381
75942
57053
44975
39695
2650
40334
7702
92665
35453
11601
63886
4680
84580
85326
91508
88407
15062
89409
85956
90515
43113
98453
14735
33352
45113
89005
6782
28181
91255
76848
71965
87750
28828
46046
46977
2711
20003
86829
40175
7800
6
71871
40615
90855
1769
40120
66645
82188
58205
28941
91791
9230
26801
9742
81301
35064
9629
49231
11451
21052
98797
64628
27694
6789
20125
27442
2023
47635
2809
44131
89884
89578
54739
5469
63846
55971
22491
24356
57027
16039
55843
59851
34714
81161
24184
33418
64048
34208
64347
70586
12131
88029
1560
3754
14762
63116
79030
6602
29705
37843
30101
25637
11334
71046
86428
12438
58129
42688
11760
36723
60805
47055
30414
70137
45938
62358
71371
81963
37352
70716
83480
81686
91121
5561
64803
25521
76025
72085
33883
45636
81040
22041
17823
92475
20516
29234
99976
68373
9304
68606
74071
64230
75703
17540
83018
48514
3795
51800
53224
82109
22779
31411
71413
56732
52978
65238
84846
61891
89641
55203
60863
34037
22316
72804
18650
57360
55981
56757
87959
87976
71226
40031
37629
82714
8790
99657
4949
59297
26657
30803
54239
81361
50153
62611
23239
89681
69976
86945
77274
80504
71671
29456
24085
50
63811
82822
84585
42148
1144
86228
8168
63174
58459
62203
33101
48075
6872
76665
94787
66158
9106
37271
82218
3247
55763
96989
77421
82909
30247
42965
94651
25313
51114
75337
72629
99731
74442
33806
78899
75153
44880
13932
14063
87789
63335
28277
28150
27421
37923
36267
40202
2522
29366
79819
75104
70472
64662
19682
80994
93613
58916
33597
81041
46177
69057
91408
42133
4873
28103
73441
77091
64056
96133
94587
37282
25817
79861
81364
58903
76113
86468
97303
17397
71499
62306
54442
7962
5335
70266
80005
23506
22492
16080
74777
16354
12905
72712
36657
16899
92281
77708
54200
36748
17801
47685
9583
12130
41525
56125
31653
94376
98106
21856
68254
87599
36569
44309
85459
71648
20460
34753
68010
73081
79257
93123
53529
8762
90392
82852
9790
85669
9746
86842
91251
49592
16863
807
41708
36907
20588
63495
76192
85199
62146
10222
72628
71952
17695
79219
82944
40302
89654
79877
18250
65804
19865
45299
56594
94902
56502
34139
13500
40724
45173
4880
86668
39402
23052
97732
82899
40828
92898
65098
84432
15442
5596
37279
65150
53636
59368
69096
35685
47837
45383
33911
17821
83242
71702
43329
91210
98335
44342
30192
20543
2808
7784
93965
64872
11466
39441
74924
79036
72626
53455
55523
55499
19895
30925
4267
80789
95295
22507
60995
71164
17931
59842
54948
84808
88830
75030
96377
8847
47530
39646
93120
47059
64986
30980
82135
79878
51978
84152
28208
58294
15102
2096
59023
49042
32504
73573
44497
50621
53714
32521
5645
70115
3354
22207
9423
60777
32477
40708
57313
14524
93042
81060
56372
53468
91004
35738
82481
8587
17965
74415
76262
34479
26382
64079
45066
58537
28913
51608
83917
48094
81684
72664
6348
28130
82754
2715
64150
32310
33087
59309
71760
77147
39180
6375
6110
32377
59834
59040
43981
48714
27793
61418
69529
56754
57922
88842
44343
3106
63902
33495
52511
5724
54959
77586
64631
19256
39332
25782
85682
88904
48079
64795
50074
65743
82351
68212
75807
42019
99843
68114
78239
8745
88235
68897
50843
67879
24628
20416
46190
59987
43513
67802
17723
3076
75272
19584
77730
45691
31412
79060
9740
74685
25488
40906
95340
45790
65078
88282
76956
34646
12199
34579
5515
74709
97941
27337
75889
51421
27906
78113
10271
95183
82669
79687
72798
87617
89050
39660
32093
19091
84860
74340
15572
3328
43129
35843
80449
69358
8312
24146
38381
8288
68250
14350
38330
8642
67831
82530
5406
85236
63102
23053
99470
44733
66847
14607
3518
21778
52726
29178
10676
54829
4849
4505
30378
48898
24065
6279
89156
54057
23288
66283
46896
90139
20826
70361
13853
79600
91537
1473
35584
8111
16724
29349
64018
25229
29015
10887
48984
97657
22805
95922
28684
85729
88495
2581
49925
73882
7331
19237
65929
66935
20865
94723
2998
45688
2058
86253
78951
83489
44006
3153
9996
65179
22310
89876
35476
36803
77271
37343
83235
17894
3458
78397
33750
92244
32090
48908
17337
56791
78926
12742
20067
51515
13799
90505
77047
62007
18749
3050
73082
14473
85177
63532
85477
1913
56429
20763
40801
30428
8422
35654
33814
19095
10253
24642
99199
74091
88179
4233
73697
48970
49055
71507
45727
81059
80941
17070
22016
47146
45484
74092
85942
29212
50097
13092
9128
74496
84238
5678
21722
92116
41421
60959
22122
94955
19945
69505
63211
12323
22897
9103
18919
67348
63684
47484
38749
1461
78738
98587
22242
49685
72354
46796
32538
78488
8333
24490
82382
23599
71717
84311
96816
23489
38881
59885
19880
60751
47701
83049
41748
65454
25196
35782
78550
59914
42093
26592
59662
68747
33625
12054
89597
47914
34040
63590
85795
91673
90341
25809
45944
62205
26950
46180
35536
89053
29433
72636
82612
51434
95216
25235
88429
62314
13141
12558
82091
76949
28669
24570
84387
8303
12892
76980
26387
82484
85194
97643
397
29607
23490
63216
85219
89739
68040
99820
58241
52207
46330
35007
79798
8110
76005
71697
39058
45042
25166
1866
69834
31206
13007
15794
12849
72688
53205
17567
30151
29820
26370
81354
27207
60646
87598
71723
15587
67937
79620
33348
6361
89543
55675
52666
86192
72325
28051
10289
32447
52702
56492
15537
67424
44676
66150
90868
82279
59573
86379
67191
29977
56032
32354
45486
19872
27302
95610
29309
17164
61484
69613
8506
68223
3443
67022
67891
74799
15313
83563
91080
48554
98859
92498
21249
61024
2478
97964
52109
87285
83034
60181
25602
44026
18838
57519
176
76899
77065
23535
28878
37613
52569
70609
47338
36328
86977
35419
63445
90558
16207
46076
24751
77099
32855
18560
37436
42993
46941
85000
42652
68886
75083
40307
22568
83824
61746
70882
64174
26174
89747
71229
27061
57593
61569
55536
21401
88730
87792
56691
43383
99873
25023
19687
12740
34930
37813
98929
56875
60836
25533
15465
99281
3257
9819
38349
72824
72360
23210
20443
1427
84582
15022
5763
87105
75342
37770
40933
65631
50835
60099
14729
58158
34134
84123
4723
36180
76792
74771
12831
18750
63867
39635
38175
27161
80357
54697
7050
43682
36225
36146
86921
54119
46904
8954
60244
46966
58337
29393
3776
16886
94755
85414
5545
84314
98873
80896
96714
77149
1234
97910
88091
13976
63648
74621
70064
28390
96807
88241
92637
55578
30609
36110
25071
82001
62628
75372
6163
86146
59123
82503
10351
15726
35721
74825
5212
33070
77950
33043
35043
39438
49760
79386
86140
59537
32765
33176
83183
50585
16871
64934
5687
79964
51279
34365
28657
64054
18070
50578
18192
748
72574
98208
64626
80192
10122
37393
41573
98647
11974
44069
60427
16444
44368
48561
71382
97206
70930
58557
9909
60761
27303
26772
14291
60498
30478
38488
88632
47834
97701
93889
89052
90988
59661
7986
7088
30768
43728
42566
57405
91320
7143
37755
75555
65921
51913
46997
42112
35214
90631
14619
28032
29379
57499
56591
52915
5569
97318
30843
52999
7454
14741
52876
35591
56067
43781
57045
52161
82854
13827
66474
84321
25403
52120
81052
42311
95522
83895
45939
89928
43085
30013
97591
19982
10703
30495
65447
76997
96154
33327
68938
44764
75366
37131
72200
19251
23653
50598
59335
64448
9940
12124
49282
22929
7131
83609
27369
3946
65217
83736
41195
8860
55017
84339
20488
73635
58489
49052
74901
13359
26222
87566
91814
34996
60528
73312
63171
18158
68001
85949
65596
88279
27239
76198
97510
17409
42616
99900
18901
58460
63915
21366
90232
4382
30310
22975
38682
22631
10955
19471
78641
24524
13135
82273
52364
41014
74786
9065
35000
35137
57331
18150
66962
26265
57637
4504
40950
37642
97899
20634
62492
46759
14531
39305
29097
89370
87242
3969
46514
73213
1750
17448
84044
25880
13478
42924
99822
2560
81388
85329
4346
49803
67493
75063
71116
92332
82966
59286
94638
36689
69147
77959
72770
19344
13345
85215
8769
32867
99487
80586
59118
82579
99921
50924
75880
34743
42962
7993
98051
43894
38721
13147
53709
70296
29093
74623
70147
72613
15481
82159
20554
12030
24313
23765
93877
24747
14593
83430
78862
9717
60255
58942
1619
31050
36529
93817
27719
82066
1596
34325
7610
48616
58379
18555
25644
48563
78666
23098
68516
45069
66452
3928
78400
74615
55900
95604
4073
36796
52458
63744
50295
38500
13767
87473
7839
71397
85525
42440
54094
96399
91496
10528
476
85119
657
76479
31226
41290
32223
92224
64515
8076
75796
51277
44492
57895
56727
9032
17005
24978
26546
2489
19305
4842
2174
56792
84712
77918
79779
67130
14525
22099
90126
91727
71553
88777
41101
26764
69416
55375
89554
26155
42515
22420
47010
74935
5384
24999
17207
67686
54646
14300
58760
45455
99341
40745
32059
95093
36216
22844
74604
46066
21168
35355
70452
16467
73487
15927
5298
71957
13753
56527
36670
54479
24750
71228
99009
12694
48152
94579
72496
83968
68669
97965
62176
12726
93212
3628
92837
14476
10803
72583
67402
79315
98843
91328
67993
35935
67280
96946
63481
69242
18381
77069
81242
86178
84842
60888
29998
83170
19665
46008
51697
65761
58409
29562
69637
27836
88303
23865
59175
85431
65167
25290
9207
11252
85980
62145
34754
55580
60780
70735
77120
78061
45670
86488
5040
76438
28687
61303
43612
27878
68693
60662
73309
8839
97077
62989
5956
66482
98195
96139
1307
6745
64552
92291
35658
46785
62294
17126
48952
35857
86057
43653
63542
55565
96788
8602
91491
81407
58283
52284
97511
88828
47599
36435
86888
66717
83062
94245
21295
46127
64334
69190
4145
61106
59725
77589
33668
45450
7817
39263
18989
89
94302
50581
73526
61274
94059
4369
48116
67988
2949
76296
40304
22720
18540
76409
50744
68264
12367
27663
15517
64899
53363
92840
96652
13115
73964
23605
65643
78604
61167
62252
28057
47590
21459
65809
3990
68410
47868
78398
27703
9959
13893
9249
45526
79347
50425
64610
74710
23703
33686
45387
80085
94264
30869
73974
877
94168
36956
55451
38751
61119
81151
20327
78808
50324
87373
78605
29467
93262
84984
79268
81086
47735
41612
74568
58221
9331
51210
98343
54035
78821
61118
55461
93772
65360
17259
14387
30582
22561
52006
33792
87408
21026
73805
18172
11038
29417
77759
97695
8503
9503
31165
28525
86665
18599
23184
6558
46709
79673
23240
38943
22243
96756
77534
18586
20361
1928
79088
89127
56060
42001
90912
94917
48914
17519
37874
51396
42831
8127
71887
14949
29318
38711
94966
27342
37825
56575
52962
84840
21350
34985
889
95037
53494
94483
42159
60029
41284
49872
5912
89891
31976
87411
9513
87210
25839
93580
80217
14573
50961
50244
57779
66530
70468
42353
30892
60121
79589
94611
915
60584
18264
24037
25687
26833
10183
99425
7786
54640
58247
50666
16557
74316
53389
17136
42896
21652
72541
33231
86992
37414
33654
84845
31029
85835
31230
60720
18024
65499
11403
84864
22437
35779
32640
24529
29486
88841
64425
43815
28285
54178
97327
9444
23379
37369
2439
21769
92843
91026
23799
17435
1406
15567
18908
34609
21736
28462
92655
90043
32708
72568
76189
13505
46583
48646
25456
90180
94149
2716
84491
62639
1462
77037
98771
40780
1181
71731
48336
99080
31073
43746
43445
57959
49435
90101
9521
73467
47616
35317
4921
40805
54212
51507
31806
27094
43249
7601
39212
86683
98546
83311
5873
79577
1200
75469
14845
36292
4355
79395
21229
4705
9010
1559
94766
75278
7900
75573
57225
75232
49558
90357
10813
51329
35295
39909
38689
10860
63476
77868
94424
36867
29765
3844
29945
48376
83058
12466
40369
92642
99383
76516
15321
54624
94610
48904
34442
44062
8959
32283
55316
15768
8324
72576
32575
49765
70770
20005
18001
86313
70871
73175
33230
75768
51991
50248
68096
28967
31660
10981
96106
95750
97807
54302
92558
69968
98099
86978
80342
82772
34477
44204
89443
55866
26688
17416
76091
8323
50250
9999
62232
16035
20491
88580
15968
73237
4545
73249
4969
18762
3594
30202
47130
67496
47414
29718
96879
65496
38556
71534
1194
73184
1544
34159
40158
87514
49272
30346
4428
30787
93167
62197
61638
3547
64564
97788
11859
18971
2822
97675
54997
27440
94504
86280
65062
51129
71315
75574
33844
60088
37215
4998
8287
89186
16873
57960
7840
78317
72650
9076
25980
3831
46833
23597
33149
13185
51138
93011
3643
2558
70780
22188
11666
60331
23871
87403
77148
24174
7301
67905
25731
11841
60419
13422
29868
3022
92131
39036
88445
19147
68994
16608
58517
69918
23662
62507
90498
91175
86805
72809
99878
64426
85763
95672
25861
46893
8803
20317
59965
90972
66028
55702
79750
46849
84295
54907
40662
87657
16288
17284
65977
79331
16267
79580
23907
14327
6687
88995
27319
63659
53432
31180
46957
26962
36086
37863
91507
39368
65532
34036
73911
74453
35015
64335
45655
3979
95482
57945
47979
76144
70827
69173
22474
76336
43622
99408
56412
61386
89408
96048
69821
24236
28946
18524
9897
38434
37295
38253
69916
18605
9675
36629
36186
38656
25558
409
47733
42233
86611
12518
43206
76350
60215
35697
70149
96187
48247
3856
90500
90546
27847
48274
45751
58971
94336
63893
33378
30149
21967
60963
36279
84915
73093
46510
72759
59533
92989
30089
93636
99507
72040
17407
96632
65911
64937
95623
28327
89677
93639
1308
42881
43839
26586
77417
61655
49463
32170
25424
69806
12582
97808
44652
28801
65214
26853
23963
78171
73001
29452
82738
78662
59910
72578
69948
44188
82492
32446
81425
11683
29899
34678
10621
72105
2550
81270
99757
48476
91769
4854
11028
37152
7036
45725
92216
12069
11080
72345
38486
84956
32555
42901
20931
18436
78009
51450
23514
66314
83847
74236
1841
56257
93668
60792
24410
28718
42870
44209
75644
42818
65353
83285
79297
13762
74485
46030
53621
91813
10403
63916
23306
71052
78767
38055
57888
23044
23430
29056
88204
50683
66144
41422
905
2951
75427
97399
29847
99907
64324
24408
36297
40044
92129
9849
63606
73218
20045
2064
37773
82060
47026
72962
36728
89842
23585
90127
32162
43067
73290
8993
37007
59688
15260
38661
6147
47676
96132
91022
68411
58440
12949
61720
16150
95748
37905
20941
13950
83952
13125
77157
30459
41683
6197
35960
60937
3396
80216
97444
28827
31863
27949
76106
94622
90971
33040
19889
14191
41039
53536
28281
64021
92582
16481
64070
22773
51690
58207
52816
48589
13725
83083
48132
35010
71851
60559
59281
11809
61489
83180
36538
79311
56961
46519
19837
35633
18606
44211
70571
88754
17597
82431
48275
45936
36160
47573
57480
36757
18015
59125
45546
69718
67965
16727
76202
76748
63695
97082
78750
90104
71151
87146
39336
75564
6087
56251
35936
90862
3876
63153
51165
89809
11405
79609
23241
14986
59448
90822
75557
87447
32490
96239
4280
75327
59505
19897
67932
76384
68711
19082
23821
1433
24865
97520
25243
98077
14421
43203
66282
64431
63792
9209
24208
48424
31118
26312
41780
97150
89672
57570
87240
7609
91016
71793
41230
8027
89737
17185
90672
77814
18124
48482
18998
89832
50754
62854
37001
26317
97133
81938
3902
49977
19463
50709
90537
71187
51586
56706
71698
64175
71665
26436
72765
17647
19351
42455
44574
75969
22565
92103
32962
56052
84789
25306
34000
742
58711
81812
13559
53547
53212
7435
30392
95094
19710
36248
39145
98590
69970
1294
4234
65367
65363
51107
46420
77474
33457
10144
15358
72497
60899
77453
6135
67504
84943
86832
98143
56479
39022
1199
49405
61801
8746
34434
69961
83278
51633
60654
72089
84021
60980
14968
11889
97159
929
77768
6742
46370
2510
27959
67454
54663
20650
81131
61808
67219
9465
14028
8218
37679
8380
96530
86595
5774
94413
78117
39587
81215
66043
20422
14817
39101
80096
90585
63838
87631
12587
42586
28696
47434
29317
55320
22945
19006
4733
1674
77961
37637
66141
11147
85004
47070
30113
86307
10408
9466
20094
78613
79046
33787
69710
70998
35524
31188
40753
61716
49108
33461
45724
39721
7658
20685
9321
61810
82975
15074
78980
4397
1323
17698
89262
55800
91089
44958
95353
57433
55488
72965
58345
54158
31350
11286
47311
48682
38715
3825
68295
53244
83378
922
69717
14041
88692
20248
6477
93574
4755
74175
93249
94362
82500
78492
35929
62009
96773
10558
5762
62580
72493
82267
29876
82709
71601
79118
58113
70447
7706
50990
69428
4615
26159
76698
98841
67956
10923
85702
23808
41726
51599
79972
53951
44692
29515
76894
2316
53490
9000
84947
3231
33943
66010
4909
35262
73427
51542
32140
8209
53242
71960
9058
34610
8059
28265
59246
20336
5251
62770
51933
74023
17489
98610
60313
94308
31613
23147
85387
26049
63559
45296
51423
19312
50119
32325
17846
47351
85546
54124
20161
56358
58879
36043
53535
6839
3600
8695
78525
82015
13547
72764
10381
60546
53394
3356
29779
8693
72151
62131
93127
84724
11261
60315
40875
4034
29430
81730
57414
65818
28311
87900
6804
25218
95014
48120
13008
9706
32646
819
14614
85982
27680
96145
70408
49895
99919
64672
22354
29304
84000
93774
17763
4684
12604
16198
64112
54146
45629
64428
2166
7627
57120
95695
78537
91510
43851
3665
16530
61491
38387
4464
64533
97770
70380
29625
20866
91780
93045
3798
28421
73119
43912
6253
55991
84299
69535
48798
86959
98330
36570
28753
37733
5123
88992
95116
31447
88168
93761
9485
45478
61594
89084
69894
95987
53068
30729
35040
98579
58063
4652
78436
46894
17591
68848
36189
40184
60938
69876
22913
85907
82952
7270
49423
91819
36207
35027
23207
88848
35930
45611
48097
7452
48591
99868
76165
71269
30421
63280
41981
69324
1931
98837
72960
71991
58390
97011
72389
79443
57918
39312
77229
29049
99674
91163
70012
96017
96837
47897
31796
38839
27866
21317
57607
52734
35224
11367
51333
47739
97284
22380
23117
26007
68352
66789
70163
21719
36955
73570
75781
85764
54310
97827
1611
94540
72311
62899
99286
91374
28493
92561
79561
62974
80716
92016
94208
83109
49078
49172
54934
36347
7942
92381
59956
40297
43766
70894
80487
41610
62647
22550
15469
77299
54221
38074
81872
15977
29650
20604
60910
37047
95841
8819
53253
1837
79540
6102
91542
76985
95587
90782
30852
25599
34837
60332
94487
34569
75585
23272
6142
20725
31417
23918
51086
57415
36943
15782
10565
50107
17562
44461
37401
51679
7960
97476
81821
90203
55332
3735
72935
68279
64104
42369
27938
32849
93589
22042
92600
93246
48157
10203
24298
868
61755
62165
13129
17183
59191
21763
36953
28299
48114
85665
80499
352
34895
17408
58505
97795
96601
77137
30498
54529
7279
11440
45219
77272
16699
17434
55456
2231
49769
21954
15036
35405
90355
16320
98185
25883
41372
5122
77384
53736
48617
23901
83267
13009
66581
11973
25131
72023
7511
24695
36729
66279
59733
35013
81910
85590
41463
1339
30976
87036
22021
46179
35496
2378
78235
34765
61680
53440
84773
21462
37064
73940
26571
44840
24873
6999
2447
83469
61886
81243
21667
15414
60580
65733
98497
82774
87822
34590
18456
72794
69409
73712
44046
50876
83648
57671
77084
14914
75240
8699
93542
12072
99945
56361
16937
36562
47654
98404
82487
52540
50098
96877
93531
72000
95989
59904
41363
1342
77310
92874
3544
80257
10306
89984
94312
37632
96814
92429
65341
22108
25547
4218
62689
98389
69857
82177
15421
14788
35549
47109
17194
40225
65311
27916
30301
94972
10155
49308
99130
20461
31184
30601
30020
59481
53162
32800
19849
18616
14119
90484
27933
90695
26230
18945
17031
310
70657
95507
43473
59655
85468
51532
81480
51783
61691
97096
20676
68592
4751
21124
33952
19319
56016
62254
65834
71421
70344
94007
74404
20140
79056
12494
96823
89999
90645
98805
5833
74461
34017
91647
54994
90534
29437
625
85588
63764
17528
62664
50058
91480
21862
61805
74160
17139
67967
92002
37069
70284
76168
3360
78952
25168
62093
28031
25781
81605
77910
51445
6329
87116
98628
8376
76624
3056
74029
73060
57058
95057
99173
42580
29400
77168
6328
78093
57657
23434
81254
70060
13779
39655
44942
39821
4589
34612
7047
53418
95971
96767
46835
66492
34747
58650
69898
77395
62744
75428
74085
10013
47920
4700
84534
17293
94805
38481
15199
72659
62719
45819
93509
69599
50141
22832
93333
93451
84785
27249
53555
87525
50899
41896
22372
26989
54854
92098
45104
77063
57200
94564
98179
71259
97750
78918
41063
28085
59046
23774
82167
60298
27196
4518
23510
73815
85866
17638
81824
68028
14263
88391
76115
38540
21798
92417
55677
40300
93348
92714
95360
85473
66418
56393
65952
81758
90720
22203
19999
28885
34796
27150
3692
75208
86094
70761
55252
55795
66322
95134
67294
20982
86673
53701
85960
65855
59531
7168
53067
67144
85140
96056
16661
77874
50225
70360
73446
77539
25058
70662
1942
73253
25380
45137
12590
48027
31046
40428
39245
76672
98542
54623
59553
5045
37252
40296
32744
32300
35947
23536
64413
12077
86864
81245
70889
7952
16738
1439
46358
54373
59931
74573
69201
20521
69484
66184
83331
78820
47344
42489
73687
65574
64043
37034
84353
95253
68489
3557
89185
56744
45921
91929
42726
6193
69969
55834
34742
9268
53520
40743
23284
99321
92153
24211
2300
28674
23803
15695
29896
42486
69071
56334
61495
48380
87640
96225
73896
82327
48285
12867
15055
15399
13658
92163
48834
35049
47178
76075
18107
46408
26884
65731
41468
79906
98838
53472
27354
94934
77345
41390
47329
67141
50612
34557
70365
15591
60296
73178
51739
95078
59934
15127
66368
11899
11329
46745
62648
71699
34158
14529
55027
80012
19736
31955
78568
98359
44056
69532
22303
7669
7524
49595
90586
34205
34146
22760
53315
49259
15360
87584
7781
70215
467
65894
36445
43753
95454
54055
94360
28147
31038
